[
  {
    "with-tooltip src": "https://evertaletoolbox.runasp.net/files/cache/monsters/icon/MusashiDark02_1.png",
    "mt-1": "Musashi",
    "m-0": "Asura of Carnage",
    "with-tooltip src (2)": "https://evertaletoolbox.runasp.net/files/cache/ui/elements/Dark.png",
    "m-0 (2)": "1,487",
    "m-0 (3)": "6,985",
    "m-0 (4)": "616",
    "with-tooltip src (3)": "https://evertaletoolbox.runasp.net/files/cache/ui/weapons/GreatAxe.png",
    "m-0 (5)": "+2 Oni Claws 60 TU",
    "badge": "+2",
    "badge (2)": "60 TU",
    "m-0 (6)": "-1 Absolute Slaughter 60 TU",
    "badge (3)": "-1",
    "badge (4)": "60 TU",
    "m-0 (7)": "-1 Void Push 1 TU",
    "badge (5)": "-1",
    "badge (6)": "1 TU",
    "m-0 (8)": "-1 Dark Heaven Style 1 TU",
    "badge (7)": "-1",
    "badge (8)": "1 TU",
    "m-0 (9)": "Merciless Musashi",
    "m-0 (10)": "Blood of the Oni",
    "m-0 (11)": "Attack Up Lv3",
    "m-0 (12)": "HP Up Lv3",
    "m-0 (13)": "Sword Hunter Lv3",
    "m-0 (14)": "Katana Mastery"
  },
  {
    "with-tooltip src": "https://evertaletoolbox.runasp.net/files/cache/monsters/icon/VenusRegular02_1.png",
    "mt-1": "Venus",
    "m-0": "Goddess of Love",
    "with-tooltip src (2)": "https://evertaletoolbox.runasp.net/files/cache/ui/elements/Light.png",
    "m-0 (2)": "1,344",
    "m-0 (3)": "7,700",
    "m-0 (4)": "406",
    "with-tooltip src (3)": "https://evertaletoolbox.runasp.net/files/cache/ui/weapons/Mace.png",
    "m-0 (5)": "+3 Heartfelt Strike 70 TU",
    "badge": "+3",
    "badge (2)": "70 TU",
    "m-0 (6)": "+2 Goddess Charm 1 TUALL",
    "badge (3)": "+2",
    "badge (4)": "1 TU",
    "m-0 (7)": "-1 Overflowing Love 1 TUALL",
    "badge (5)": "-1",
    "badge (6)": "1 TU",
    "m-0 (8)": "-3 Divine Kiss 50 TUTWO",
    "badge (7)": "-3",
    "badge (8)": "50 TU",
    "m-0 (9)": "Goddess Of Love",
    "m-0 (10)": "Boundless Beauty",
    "m-0 (11)": "HP Up Lv3",
    "m-0 (12)": "Attack Up Lv3",
    "m-0 (13)": "G.axe Resist Lv3",
    "m-0 (14)": "Staff Mastery",
    "badge (11)": "TWO"
  },
  {
    "with-tooltip src": "https://evertaletoolbox.runasp.net/files/cache/monsters/icon/RizetteBrave02_1.png",
    "mt-1": "Rizette",
    "m-0": "Cerulean Valkyrie",
    "with-tooltip src (2)": "https://evertaletoolbox.runasp.net/files/cache/ui/elements/Light.png",
    "m-0 (2)": "1,719",
    "m-0 (3)": "8,105",
    "m-0 (4)": "409",
    "with-tooltip src (3)": "https://evertaletoolbox.runasp.net/files/cache/ui/weapons/Sword.png",
    "m-0 (5)": "+3 Linked Edge 70 TU",
    "badge": "+3",
    "badge (2)": "70 TU",
    "m-0 (6)": "0 Restore Link 1 TUALL",
    "badge (3)": "0",
    "badge (4)": "1 TU",
    "m-0 (7)": "-1 Elemental Cure 1 TUALL",
    "badge (5)": "-1",
    "badge (6)": "1 TU",
    "m-0 (8)": "-1 Cerulean Blade 100 TU",
    "badge (7)": "-1",
    "badge (8)": "100 TU",
    "m-0 (9)": "Instant Link",
    "m-0 (10)": "Cerulean Valkyrie",
    "m-0 (11)": "Attack Up Lv3",
    "m-0 (12)": "HP Up Lv3",
    "m-0 (13)": "G.sword Resist Lv3",
    "m-0 (14)": "Axe Mastery",
    "badge (11)": "ALL"
  },
  {
    "with-tooltip src": "https://evertaletoolbox.runasp.net/files/cache/monsters/icon/ZeusRegular02_1.png",
    "mt-1": "Zeus",
    "m-0": "God of Absolute Dominion",
    "with-tooltip src (2)": "https://evertaletoolbox.runasp.net/files/cache/ui/elements/Storm.png",
    "m-0 (2)": "1,497",
    "m-0 (3)": "6,935",
    "m-0 (4)": "507",
    "with-tooltip src (3)": "https://evertaletoolbox.runasp.net/files/cache/ui/weapons/GreatAxe.png",
    "m-0 (5)": "+2 Disabling Strike 30 TU",
    "badge": "+2",
    "badge (2)": "30 TU",
    "m-0 (6)": "+3 Zeus's Blessing 70 TUALL",
    "badge (3)": "+3",
    "badge (4)": "70 TU",
    "m-0 (7)": "-3 God Storm 30 TUALL",
    "badge (5)": "-3",
    "badge (6)": "30 TU",
    "m-0 (8)": "0 Oblivion Blast 90 TU",
    "badge (7)": "0",
    "badge (8)": "90 TU",
    "m-0 (9)": "Godly Lightning",
    "m-0 (10)": "Omnipotence",
    "m-0 (11)": "HP Up Lv3",
    "m-0 (12)": "Attack Up Lv3",
    "m-0 (13)": "Storm Resist Lv3",
    "m-0 (14)": "Spear Mastery",
    "badge (11)": "ALL"
  },
  {
    "with-tooltip src": "https://evertaletoolbox.runasp.net/files/cache/monsters/icon/SiegfriedRegular02_1.png",
    "mt-1": "Siegfried",
    "m-0": "Dragonslayer of Legends",
    "with-tooltip src (2)": "https://evertaletoolbox.runasp.net/files/cache/ui/elements/Water.png",
    "m-0 (2)": "1,397",
    "m-0 (3)": "7,435",
    "m-0 (4)": "407",
    "with-tooltip src (3)": "https://evertaletoolbox.runasp.net/files/cache/ui/weapons/Sword.png",
    "m-0 (5)": "+2 Scale Breaker 60 TU",
    "badge": "+2",
    "badge (2)": "60 TU",
    "m-0 (6)": "+5 Icy Awakening 1 TU",
    "badge (3)": "+5",
    "badge (4)": "1 TU",
    "m-0 (7)": "-3 Chilling Geyser 100 TUTWO",
    "badge (5)": "-3",
    "badge (6)": "100 TU",
    "m-0 (8)": "0 Snow Storm 100 TUALL",
    "badge (7)": "0",
    "badge (8)": "100 TU",
    "m-0 (9)": "Dragonslayer",
    "m-0 (10)": "Returning Legend",
    "m-0 (11)": "Attack Up Lv3",
    "m-0 (12)": "HP Up Lv3",
    "m-0 (13)": "Sword Resist Lv3",
    "m-0 (14)": "Axe Mastery",
    "badge (11)": "TWO",
    "badge (10)": "ALL"
  },
  {
    "with-tooltip src": "https://evertaletoolbox.runasp.net/files/cache/monsters/icon/ElmKouhaiRegular02_1.png",
    "mt-1": "Cera",
    "m-0": "Red Dragon Knight of Virtue",
    "with-tooltip src (2)": "https://evertaletoolbox.runasp.net/files/cache/ui/elements/Earth.png",
    "m-0 (2)": "1,508",
    "m-0 (3)": "6,880",
    "m-0 (4)": "574",
    "with-tooltip src (3)": "https://evertaletoolbox.runasp.net/files/cache/ui/weapons/Katana.png",
    "m-0 (5)": "+2 Cutting Edge 50 TU",
    "badge": "+2",
    "badge (2)": "50 TU",
    "m-0 (6)": "+2 Inspiring Virtue 1 TUALL",
    "badge (3)": "+2",
    "badge (4)": "1 TU",
    "m-0 (7)": "-2 Pacifying Flare 50 TUALL",
    "badge (5)": "-2",
    "badge (6)": "50 TU",
    "m-0 (8)": "-2 Red Dragon Wrath 1 TU",
    "badge (7)": "-2",
    "badge (8)": "1 TU",
    "m-0 (9)": "Virtuous March",
    "m-0 (10)": "Red Dragon Tactics",
    "m-0 (11)": "HP Up Lv3",
    "m-0 (12)": "Attack Up Lv3",
    "m-0 (13)": "Stun Resist Lv3",
    "m-0 (14)": "Greatsword Mastery",
    "badge (11)": "ALL",
    "badge (10)": "ALL"
  },
  {
    "with-tooltip src": "https://evertaletoolbox.runasp.net/files/cache/monsters/icon/BahamutGirlRegular02_1.png",
    "mt-1": "Bahamut",
    "m-0": "Dragon Maiden of Calamity",
    "with-tooltip src (2)": "https://evertaletoolbox.runasp.net/files/cache/ui/elements/Light.png",
    "m-0 (2)": "1,414",
    "m-0 (3)": "7,350",
    "m-0 (4)": "434",
    "with-tooltip src (3)": "https://evertaletoolbox.runasp.net/files/cache/ui/weapons/Axe.png",
    "m-0 (5)": "+2 Meteor Lance 70 TU",
    "badge": "+2",
    "badge (2)": "70 TU",
    "m-0 (6)": "+1 Draconic Intensity 1 TUALL",
    "badge (3)": "+1",
    "badge (4)": "1 TU",
    "m-0 (7)": "-3 Bahamut Blast! 90 TUTWO",
    "badge (5)": "-3",
    "badge (6)": "90 TU",
    "m-0 (8)": "0 Dragon Reborn 50 TU",
    "badge (7)": "0",
    "badge (8)": "50 TU",
    "m-0 (9)": "Dragon's Might",
    "m-0 (10)": "Radiant Heat",
    "m-0 (11)": "Attack Up Lv3",
    "m-0 (12)": "HP Up Lv3",
    "m-0 (13)": "Earth Resist Lv3",
    "m-0 (14)": "Sword Mastery",
    "badge (11)": "ALL",
    "badge (10)": "TWO"
  },
  {
    "with-tooltip src": "https://evertaletoolbox.runasp.net/files/cache/monsters/icon/AnastasiaRegular02_1.png",
    "mt-1": "Anastasia",
    "m-0": "Frostbound Princess",
    "with-tooltip src (2)": "https://evertaletoolbox.runasp.net/files/cache/ui/elements/Water.png",
    "m-0 (2)": "1,367",
    "m-0 (3)": "7,585",
    "m-0 (4)": "505",
    "with-tooltip src (3)": "https://evertaletoolbox.runasp.net/files/cache/ui/weapons/GreatSword.png",
    "m-0 (5)": "+2 Cold Steel 60 TU",
    "badge": "+2",
    "badge (2)": "60 TU",
    "m-0 (6)": "-3 Royal Blizzard 100 TUALL",
    "badge (3)": "-3",
    "badge (4)": "100 TU",
    "m-0 (7)": "-1 Cold Decree 60 TUTWO",
    "badge (5)": "-1",
    "badge (6)": "60 TU",
    "m-0 (8)": "-1 Blizzard Slash 80 TU",
    "badge (7)": "-1",
    "badge (8)": "80 TU",
    "m-0 (9)": "Icy Princess",
    "m-0 (10)": "Cold Winds",
    "m-0 (11)": "HP Up Lv3",
    "m-0 (12)": "Attack Up Lv3",
    "m-0 (13)": "Fire Resist Lv3",
    "m-0 (14)": "Greataxe Mastery",
    "badge (11)": "ALL",
    "badge (10)": "TWO"
  },
  {
    "with-tooltip src": "https://evertaletoolbox.runasp.net/files/cache/monsters/icon/DonQuixoteRegular02_1.png",
    "mt-1": "Don Quixote",
    "m-0": "Relentless Knight",
    "with-tooltip src (2)": "https://evertaletoolbox.runasp.net/files/cache/ui/elements/Fire.png",
    "m-0 (2)": "621",
    "m-0 (3)": "19,561",
    "m-0 (4)": "328",
    "with-tooltip src (3)": "https://evertaletoolbox.runasp.net/files/cache/ui/weapons/Spear.png",
    "m-0 (5)": "+2 Heated Lance 80 TU",
    "badge": "+2",
    "badge (2)": "80 TU",
    "m-0 (6)": "0 Overflowing Burn 1 TU",
    "badge (3)": "0",
    "badge (4)": "1 TU",
    "m-0 (7)": "-1 Burning Path 60 TUALL",
    "badge (5)": "-1",
    "badge (6)": "60 TU",
    "m-0 (8)": "-1 Lance Cannon 80 TU",
    "badge (7)": "-1",
    "badge (8)": "80 TU",
    "m-0 (9)": "Hero's Journey",
    "m-0 (10)": "Unwavering Strength",
    "m-0 (11)": "Attack Up Lv3",
    "m-0 (12)": "HP Up Lv3",
    "m-0 (13)": "G.sword Resist Lv3",
    "m-0 (14)": "Greatsword Mastery",
    "badge (11)": "ALL"
  },
  {
    "with-tooltip src": "https://evertaletoolbox.runasp.net/files/cache/monsters/icon/KingArthurEvil02_1.png",
    "mt-1": "King Arthur",
    "m-0": "Revenant of the Round Table",
    "with-tooltip src (2)": "https://evertaletoolbox.runasp.net/files/cache/ui/elements/Dark.png",
    "m-0 (2)": "1,252",
    "m-0 (3)": "8,160",
    "m-0 (4)": "538",
    "with-tooltip src (3)": "https://evertaletoolbox.runasp.net/files/cache/ui/weapons/Axe.png",
    "m-0 (5)": "+3 Infectious Evil 100 TU",
    "badge": "+3",
    "badge (2)": "100 TU",
    "m-0 (6)": "0 Dark Rebirth 1 TU",
    "badge (3)": "0",
    "badge (4)": "1 TU",
    "m-0 (7)": "-2 Regal Cataclysm 130 TUALL",
    "badge (5)": "-2",
    "badge (6)": "130 TU",
    "m-0 (8)": "-3 Devouring Eclipse 1 TUALL",
    "badge (7)": "-3",
    "badge (8)": "1 TU",
    "m-0 (9)": "Tainted King",
    "m-0 (10)": "King's Dawn+",
    "m-0 (11)": "HP Up Lv3",
    "m-0 (12)": "Attack Up Lv3",
    "m-0 (13)": "Storm Resist Lv3",
    "m-0 (14)": "Sword Mastery",
    "badge (11)": "ALL",
    "badge (10)": "ALL"
  }
]