[
  {
    "node": "DarkOwlGreatAxe01",
    "explorer (4)": "Gacha Text:",
    "explorer (5)": "Image:",
    "explorer (6)": "Type:",
    "explorer (7)": "Stars:",
    "value-number": "4",
    "icon18 src (6)": "https://evertaletoolbox2.runasp.net/files/ui/rarity/IconBlackStarEmpty01.png",
    "icon18 src (7)": "https://evertaletoolbox2.runasp.net/files/ui/rarity/IconBlackStarEmpty01.png",
    "explorer (8)": "Evolved Stars:",
    "explorer (9)": "Cost:",
    "value-number (3)": "11",
    "explorer (10)": "Base HP:",
    "value-number (4)": "2,795",
    "explorer (11)": "Base Attack:",
    "value-number (5)": "516",
    "explorer (12)": "Super Evolve:",
    "node (4)": "DarkOwlGreatAxe02",
    "explorer (13)": "[0] : AttackUp4TargetIsLife",
    "node (6)": "AttackUp4TargetIsLife"
  },
  {
    "node": "DarkOwlGreatAxe02",
    "explorer (4)": "Image:",
    "explorer (5)": "Type:",
    "explorer (6)": "Stars:",
    "explorer (7)": "Evolved Stars:",
    "value-number": "5",
    "icon18 src (6)": "https://evertaletoolbox2.runasp.net/files/ui/rarity/IconRainbowStar01.png",
    "icon18 src (7)": "https://evertaletoolbox2.runasp.net/files/ui/rarity/IconBlackStarEmpty01.png",
    "explorer (8)": "Cost:",
    "explorer (9)": "Base HP:",
    "value-number (3)": "17",
    "explorer (10)": "Base Attack:",
    "value-number (4)": "3,335",
    "explorer (11)": "Evolved From:",
    "value-number (5)": "633",
    "explorer (12)": "Super Evolve:",
    "node (4)": "DarkOwlGreatAxe01",
    "explorer (13)": "[0] : AttackUp5TargetIsLife",
    "node (6)": "AttackUp5TargetIsLife"
  },
  {
    "node": "DarkOwlGreatAxe03",
    "explorer (4)": "Image:",
    "explorer (5)": "Type:",
    "explorer (6)": "Stars:",
    "explorer (7)": "Evolved Stars:",
    "value-number": "6",
    "icon18 src (6)": "https://evertaletoolbox2.runasp.net/files/ui/rarity/IconRainbowStar01.png",
    "icon18 src (7)": "https://evertaletoolbox2.runasp.net/files/ui/rarity/IconRainbowStar01.png",
    "explorer (8)": "Cost:",
    "explorer (9)": "Base HP:",
    "value-number (3)": "23",
    "explorer (10)": "Base Attack:",
    "value-number (4)": "3,590",
    "explorer (11)": "Evolved From:",
    "value-number (5)": "682",
    "node (4)": "DarkOwlGreatAxe02",
    "explorer (13)": "[0] : AttackUp6TargetIsLife",
    "node (6)": "AttackUp6TargetIsLife"
  }
]