[
  {
    "with-tooltip src": "https://evertaletoolbox.runasp.net/files/cache/weapons/icon/DarkOwlGreatAxe01.png",
    "mt-1": "Nether Owl Axe",
    "with-tooltip src (2)": "https://evertaletoolbox.runasp.net/files/cache/ui/weapons/GreatAxe.png",
    "m-0": "682",
    "m-0 (2)": "3,590",
    "rz-cell-data": "25% bonus to attacks against Light units."
  },
  {
    "with-tooltip src": "https://evertaletoolbox.runasp.net/files/cache/weapons/icon/VenusSeaShellMace01.png",
    "mt-1": "Heavenly Grace",
    "with-tooltip src (2)": "https://evertaletoolbox.runasp.net/files/cache/ui/weapons/Mace.png",
    "m-0": "557",
    "m-0 (2)": "4,215",
    "rz-cell-data": "Reduces damage from enemy attacks by 15% if 2 or more allies have defeated 1+ units with attacks while on the battlefield."
  },
  {
    "with-tooltip src": "https://evertaletoolbox.runasp.net/files/cache/weapons/icon/BlueDragonSword01.png",
    "mt-1": "Hildrgreipr",
    "with-tooltip src (2)": "https://evertaletoolbox.runasp.net/files/cache/ui/weapons/Sword.png",
    "m-0": "656",
    "m-0 (2)": "3,720",
    "rz-cell-data": "15% bonus to attacks if there is a Guardian among enemies."
  },
  {
    "with-tooltip src": "https://evertaletoolbox.runasp.net/files/cache/weapons/icon/ZeusLightningGreatAxe01.png",
    "mt-1": "Celestial Wrath",
    "with-tooltip src (2)": "https://evertaletoolbox.runasp.net/files/cache/ui/weapons/GreatAxe.png",
    "m-0": "674",
    "m-0 (2)": "3,630",
    "rz-cell-data": "15% bonus to attacks against units that have a current TU of 50 or less and units that have a current TU of 150 or more."
  },
  {
    "with-tooltip src": "https://evertaletoolbox.runasp.net/files/cache/weapons/icon/DragonSlayerSword01.png",
    "mt-1": "Balmung",
    "with-tooltip src (2)": "https://evertaletoolbox.runasp.net/files/cache/ui/weapons/Sword.png",
    "m-0": "650",
    "m-0 (2)": "3,750",
    "rz-cell-data": "20% bonus to attacks if 2 or more allies have the Burn status effect."
  },
  {
    "with-tooltip src": "https://evertaletoolbox.runasp.net/files/cache/weapons/icon/AltarKatana01.png",
    "mt-1": "Umbra Banisher",
    "with-tooltip src (2)": "https://evertaletoolbox.runasp.net/files/cache/ui/weapons/Katana.png",
    "m-0": "711",
    "m-0 (2)": "3,445",
    "rz-cell-data": "15% bonus to attacks against units with Poison Eater or Dream Hunter type active skills."
  },
  {
    "with-tooltip src": "https://evertaletoolbox.runasp.net/files/cache/weapons/icon/CrystalDragonAxe01.png",
    "mt-1": "Lucent Crystal Ark",
    "with-tooltip src (2)": "https://evertaletoolbox.runasp.net/files/cache/ui/weapons/Axe.png",
    "m-0": "681",
    "m-0 (2)": "3,595",
    "rz-cell-data": "15% bonus to attacks against units that have not defeated any units with attacks while on the battlefield."
  },
  {
    "with-tooltip src": "https://evertaletoolbox.runasp.net/files/cache/weapons/icon/FrostBladeGreatSword01.png",
    "mt-1": "Frost Sepulcher",
    "with-tooltip src (2)": "https://evertaletoolbox.runasp.net/files/cache/ui/weapons/GreatSword.png",
    "m-0": "648",
    "m-0 (2)": "3,760",
    "rz-cell-data": "25% bonus to attacks if 2 or more enemies are Sleeping or Burning."
  },
  {
    "with-tooltip src": "https://evertaletoolbox.runasp.net/files/cache/weapons/icon/DonQuixoteSpear01.png",
    "mt-1": "Sancho Panza",
    "with-tooltip src (2)": "https://evertaletoolbox.runasp.net/files/cache/ui/weapons/Spear.png",
    "m-0": "599",
    "m-0 (2)": "4,005",
    "rz-cell-data": "20% bonus to attacks and 15% reduction to TU costs if all units on the battlefield have the Burn status effect."
  },
  {
    "with-tooltip src": "https://evertaletoolbox.runasp.net/files/cache/weapons/icon/AbandonedChurchAxe01.png",
    "mt-1": "Nocturne Dirge",
    "with-tooltip src (2)": "https://evertaletoolbox.runasp.net/files/cache/ui/weapons/Axe.png",
    "m-0": "674",
    "m-0 (2)": "3,630",
    "rz-cell-data": "35% bonus to attacks against units that are Lethal Poisoned."
  }
]