[
  {
    "quickview-portrait-image src": "https://evertaletoolbox2.runasp.net/files/images/monsters/small/MusashiDark02_2.png",
    "quickview-name": "Musashi",
    "col-justify-start": "Asura of Carnage",
    "icon36 src (2)": "https://evertaletoolbox2.runasp.net/files/ui/elements/Dark.png",
    "col-justify-center (2)": "1,487",
    "col-justify-center (3)": "6,985",
    "col-justify-center (4)": "616",
    "icon36 src (3)": "https://evertaletoolbox2.runasp.net/files/ui/weapons/GreatAxe.png",
    "col-justify-start (2)": "Dark Attack Up",
    "col-justify-start (3)": "Allied Dark element units have their Attack increased by 15%.",
    "skill-name": "Oni Claws",
    "skill-name (2)": "Absolute Slaughter",
    "skill-name (3)": "Void Push",
    "skill-name (4)": "Dark Heaven Style",
    "skill-name (5)": "Merciless Musashi",
    "skill-name (6)": "Blood of the Oni",
    "skill-name (7)": "Attack Up Lv3",
    "skill-name (8)": "HP Up Lv3",
    "skill-name (9)": "Sword Hunter Lv3",
    "skill-name (10)": "Katana Mastery"
  },
  {
    "quickview-portrait-image src": "https://evertaletoolbox2.runasp.net/files/images/monsters/small/VenusRegular02_2.png",
    "quickview-name": "Venus",
    "col-justify-start": "Goddess of Love",
    "icon36 src (2)": "https://evertaletoolbox2.runasp.net/files/ui/elements/Light.png",
    "col-justify-center (2)": "1,344",
    "col-justify-center (3)": "7,700",
    "col-justify-center (4)": "406",
    "icon36 src (3)": "https://evertaletoolbox2.runasp.net/files/ui/weapons/Mace.png",
    "col-justify-start (2)": "Light ATK & HP Up",
    "col-justify-start (3)": "Allied Light element units have their Attack increased by 10% and max HP increased by 7%.",
    "skill-name": "Heartfelt Strike",
    "skill-name (2)": "Goddess Charm",
    "skill-name (3)": "Overflowing Love",
    "skill-name (4)": "Divine Kiss",
    "skill-name (5)": "Goddess Of Love",
    "skill-name (6)": "Boundless Beauty",
    "skill-name (7)": "HP Up Lv3",
    "skill-name (8)": "Attack Up Lv3",
    "skill-name (9)": "G.axe Resist Lv3",
    "skill-name (10)": "Staff Mastery"
  },
  {
    "quickview-portrait-image src": "https://evertaletoolbox2.runasp.net/files/images/monsters/small/RizetteBrave02_2.png",
    "quickview-name": "Rizette",
    "col-justify-start": "Cerulean Valkyrie",
    "icon36 src (2)": "https://evertaletoolbox2.runasp.net/files/ui/elements/Light.png",
    "col-justify-center (2)": "1,719",
    "col-justify-center (3)": "8,105",
    "col-justify-center (4)": "409",
    "icon36 src (3)": "https://evertaletoolbox2.runasp.net/files/ui/weapons/Sword.png",
    "col-justify-start (2)": "Light HP Up",
    "col-justify-start (3)": "Allied Light element units have their max HP increased by 10%.",
    "skill-name": "Linked Edge",
    "skill-name (2)": "Restore Link",
    "skill-name (3)": "Elemental Cure",
    "skill-name (4)": "Cerulean Blade",
    "skill-name (5)": "Instant Link",
    "skill-name (6)": "Cerulean Valkyrie",
    "skill-name (7)": "Attack Up Lv3",
    "skill-name (8)": "HP Up Lv3",
    "skill-name (9)": "G.sword Resist Lv3",
    "skill-name (10)": "Axe Mastery"
  },
  {
    "quickview-portrait-image src": "https://evertaletoolbox2.runasp.net/files/images/monsters/small/ZeusRegular02_2.png",
    "quickview-name": "Zeus",
    "col-justify-start": "God of Absolute Dominion",
    "icon36 src (2)": "https://evertaletoolbox2.runasp.net/files/ui/elements/Storm.png",
    "col-justify-center (2)": "1,497",
    "col-justify-center (3)": "6,935",
    "col-justify-center (4)": "507",
    "icon36 src (3)": "https://evertaletoolbox2.runasp.net/files/ui/weapons/GreatAxe.png",
    "col-justify-start (2)": "Storm ATK & HP Up",
    "col-justify-start (3)": "Allied Storm element units have their Attack increased by 10% and max HP increased by 7%.",
    "skill-name": "Disabling Strike",
    "skill-name (2)": "Zeus's Blessing",
    "skill-name (3)": "God Storm",
    "skill-name (4)": "Oblivion Blast",
    "skill-name (5)": "Godly Lightning",
    "skill-name (6)": "Omnipotence",
    "skill-name (7)": "HP Up Lv3",
    "skill-name (8)": "Attack Up Lv3",
    "skill-name (9)": "Storm Resist Lv3",
    "skill-name (10)": "Spear Mastery"
  },
  {
    "quickview-portrait-image src": "https://evertaletoolbox2.runasp.net/files/images/monsters/small/SiegfriedRegular02_2.png",
    "quickview-name": "Siegfried",
    "col-justify-start": "Dragonslayer of Legends",
    "icon36 src (2)": "https://evertaletoolbox2.runasp.net/files/ui/elements/Water.png",
    "col-justify-center (2)": "1,397",
    "col-justify-center (3)": "7,435",
    "col-justify-center (4)": "407",
    "icon36 src (3)": "https://evertaletoolbox2.runasp.net/files/ui/weapons/Sword.png",
    "col-justify-start (2)": "Water HP Up",
    "col-justify-start (3)": "Allied Water element units have their max HP increased by 10%.",
    "skill-name": "Scale Breaker",
    "skill-name (2)": "Icy Awakening",
    "skill-name (3)": "Chilling Geyser",
    "skill-name (4)": "Snow Storm",
    "skill-name (5)": "Dragonslayer",
    "skill-name (6)": "Returning Legend",
    "skill-name (7)": "Attack Up Lv3",
    "skill-name (8)": "HP Up Lv3",
    "skill-name (9)": "Sword Resist Lv3",
    "skill-name (10)": "Axe Mastery"
  },
  {
    "quickview-portrait-image src": "https://evertaletoolbox2.runasp.net/files/images/monsters/small/ElmKouhaiRegular02_2.png",
    "quickview-name": "Cera",
    "col-justify-start": "Red Dragon Knight of Virtue",
    "icon36 src (2)": "https://evertaletoolbox2.runasp.net/files/ui/elements/Earth.png",
    "col-justify-center (2)": "1,508",
    "col-justify-center (3)": "6,880",
    "col-justify-center (4)": "574",
    "icon36 src (3)": "https://evertaletoolbox2.runasp.net/files/ui/weapons/Katana.png",
    "col-justify-start (2)": "Earth Attack Up",
    "col-justify-start (3)": "Allied Earth element units have their Attack increased by 15%.",
    "skill-name": "Cutting Edge",
    "skill-name (2)": "Inspiring Virtue",
    "skill-name (3)": "Pacifying Flare",
    "skill-name (4)": "Red Dragon Wrath",
    "skill-name (5)": "Virtuous March",
    "skill-name (6)": "Red Dragon Tactics",
    "skill-name (7)": "HP Up Lv3",
    "skill-name (8)": "Attack Up Lv3",
    "skill-name (9)": "Stun Resist Lv3",
    "skill-name (10)": "Greatsword Mastery"
  },
  {
    "quickview-portrait-image src": "https://evertaletoolbox2.runasp.net/files/images/monsters/small/BahamutGirlRegular02_2.png",
    "quickview-name": "Bahamut",
    "col-justify-start": "Dragon Maiden of Calamity",
    "icon36 src (2)": "https://evertaletoolbox2.runasp.net/files/ui/elements/Light.png",
    "col-justify-center (2)": "1,414",
    "col-justify-center (3)": "7,350",
    "col-justify-center (4)": "434",
    "icon36 src (3)": "https://evertaletoolbox2.runasp.net/files/ui/weapons/Axe.png",
    "col-justify-start (2)": "Light Attack Up",
    "col-justify-start (3)": "Allied Light element units have their Attack increased by 15%.",
    "skill-name": "Meteor Lance",
    "skill-name (2)": "Draconic Intensity",
    "skill-name (3)": "Bahamut Blast!",
    "skill-name (4)": "Dragon Reborn",
    "skill-name (5)": "Dragon's Might",
    "skill-name (6)": "Radiant Heat",
    "skill-name (7)": "Attack Up Lv3",
    "skill-name (8)": "HP Up Lv3",
    "skill-name (9)": "Earth Resist Lv3",
    "skill-name (10)": "Sword Mastery"
  },
  {
    "quickview-portrait-image src": "https://evertaletoolbox2.runasp.net/files/images/monsters/small/AnastasiaRegular02_2.png",
    "quickview-name": "Anastasia",
    "col-justify-start": "Frostbound Princess",
    "icon36 src (2)": "https://evertaletoolbox2.runasp.net/files/ui/elements/Water.png",
    "col-justify-center (2)": "1,367",
    "col-justify-center (3)": "7,585",
    "col-justify-center (4)": "505",
    "icon36 src (3)": "https://evertaletoolbox2.runasp.net/files/ui/weapons/GreatSword.png",
    "col-justify-start (2)": "Water Attack Up",
    "col-justify-start (3)": "Allied Water element units have their Attack increased by 15%.",
    "skill-name": "Cold Steel",
    "skill-name (2)": "Royal Blizzard",
    "skill-name (3)": "Cold Decree",
    "skill-name (4)": "Blizzard Slash",
    "skill-name (5)": "Icy Princess",
    "skill-name (6)": "Cold Winds",
    "skill-name (7)": "HP Up Lv3",
    "skill-name (8)": "Attack Up Lv3",
    "skill-name (9)": "Fire Resist Lv3",
    "skill-name (10)": "Greataxe Mastery"
  },
  {
    "quickview-portrait-image src": "https://evertaletoolbox2.runasp.net/files/images/monsters/small/DonQuixoteRegular02_2.png",
    "quickview-name": "Don Quixote",
    "col-justify-start": "Relentless Knight",
    "icon36 src (2)": "https://evertaletoolbox2.runasp.net/files/ui/elements/Fire.png",
    "col-justify-center (2)": "621",
    "col-justify-center (3)": "19,561",
    "col-justify-center (4)": "328",
    "icon36 src (3)": "https://evertaletoolbox2.runasp.net/files/ui/weapons/Spear.png",
    "col-justify-start (2)": "Fire ATK & HP Up",
    "col-justify-start (3)": "Allied Fire element units have their Attack increased by 10% and max HP increased by 7%.",
    "skill-name": "Heated Lance",
    "skill-name (2)": "Overflowing Burn",
    "skill-name (3)": "Burning Path",
    "skill-name (4)": "Lance Cannon",
    "skill-name (5)": "Hero's Journey",
    "skill-name (6)": "Unwavering Strength",
    "skill-name (7)": "Attack Up Lv3",
    "skill-name (8)": "HP Up Lv3",
    "skill-name (9)": "G.sword Resist Lv3",
    "skill-name (10)": "Greatsword Mastery"
  },
  {
    "quickview-portrait-image src": "https://evertaletoolbox2.runasp.net/files/images/monsters/small/KingArthurEvil02_2.png",
    "quickview-name": "King Arthur",
    "col-justify-start": "Revenant of the Round Table",
    "icon36 src (2)": "https://evertaletoolbox2.runasp.net/files/ui/elements/Dark.png",
    "col-justify-center (2)": "1,252",
    "col-justify-center (3)": "8,160",
    "col-justify-center (4)": "538",
    "icon36 src (3)": "https://evertaletoolbox2.runasp.net/files/ui/weapons/Axe.png",
    "col-justify-start (2)": "Dark Attack Up",
    "col-justify-start (3)": "Allied Dark element units have their Attack increased by 15%.",
    "skill-name": "Infectious Evil",
    "skill-name (2)": "Dark Rebirth",
    "skill-name (3)": "Regal Cataclysm",
    "skill-name (4)": "Devouring Eclipse",
    "skill-name (5)": "Tainted King",
    "skill-name (6)": "King's Dawn+",
    "skill-name (7)": "HP Up Lv3",
    "skill-name (8)": "Attack Up Lv3",
    "skill-name (9)": "Storm Resist Lv3",
    "skill-name (10)": "Sword Mastery"
  }
]