[
  {
    "quickview-portrait-image src": "https://evertaletoolbox2.runasp.net/files/images/monsters/small/WhiteSnakeGirlBoss03_2.png",
    "quickview-name": "Mega Mizuchi",
    "icon36 src (2)": "https://evertaletoolbox2.runasp.net/files/ui/elements/Earth.png",
    "col-justify-center (2)": "3,000",
    "col-justify-center (3)": "178,000",
    "col-justify-center (4)": "625",
    "icon36 src (3)": "https://evertaletoolbox2.runasp.net/files/ui/weapons/Staff.png",
    "skill-name": "Swift Stealth",
    "skill-name (2)": "Grant Stealth",
    "skill-name (3)": "Time Drain+",
    "skill-name (4)": "Survivor Slayer",
    "skill-name (5)": "Counter Skin",
    "skill-name (6)": "Hold Ground"
  },
  {
    "quickview-portrait-image src": "https://evertaletoolbox2.runasp.net/files/images/monsters/small/MyshaKnightBoss03_2.png",
    "quickview-name": "Mega Mysha",
    "icon36 src (2)": "https://evertaletoolbox2.runasp.net/files/ui/elements/Earth.png",
    "col-justify-center (2)": "3,000",
    "col-justify-center (3)": "178,000",
    "col-justify-center (4)": "430",
    "icon36 src (3)": "https://evertaletoolbox2.runasp.net/files/ui/weapons/Staff.png",
    "skill-name": "Quick Thrust",
    "skill-name (2)": "Lethal Downfall",
    "skill-name (3)": "Knighted in Stealth",
    "skill-name (4)": "Earthen Smite",
    "skill-name (5)": "Random Stealth",
    "skill-name (6)": "Determined Knight"
  },
  {
    "quickview-portrait-image src": "https://evertaletoolbox2.runasp.net/files/images/monsters/small/MyshaKnightBoss01_2.png",
    "quickview-name": "Berserk Mysha",
    "icon36 src (2)": "https://evertaletoolbox2.runasp.net/files/ui/elements/Earth.png",
    "col-justify-center (2)": "1,400",
    "col-justify-center (3)": "20,100",
    "col-justify-center (4)": "430",
    "icon36 src (3)": "https://evertaletoolbox2.runasp.net/files/ui/weapons/Staff.png",
    "skill-name": "Quick Thrust",
    "skill-name (2)": "Lethal Downfall",
    "skill-name (3)": "Knighted in Stealth",
    "skill-name (4)": "Earthen Smite",
    "skill-name (5)": "Random Stealth"
  },
  {
    "quickview-portrait-image src": "https://evertaletoolbox2.runasp.net/files/images/monsters/small/KenshinRegularBoss03_2.png",
    "quickview-name": "Mega Kenshin",
    "icon36 src (2)": "https://evertaletoolbox2.runasp.net/files/ui/elements/Dark.png",
    "col-justify-center (2)": "4,000",
    "col-justify-center (3)": "178,000",
    "col-justify-center (4)": "506",
    "icon36 src (3)": "https://evertaletoolbox2.runasp.net/files/ui/weapons/Katana.png",
    "skill-name": "Seasoned Slash",
    "skill-name (2)": "Poison Waves",
    "skill-name (3)": "Toxic Burst",
    "skill-name (4)": "Forbidden Technique",
    "skill-name (5)": "Wild Swordsman",
    "skill-name (6)": "Keeper Of The Gate"
  },
  {
    "quickview-portrait-image src": "https://evertaletoolbox2.runasp.net/files/images/monsters/small/KenshinRegularBoss01_2.png",
    "quickview-name": "Berserk Kenshin",
    "icon36 src (2)": "https://evertaletoolbox2.runasp.net/files/ui/elements/Dark.png",
    "col-justify-center (2)": "1,400",
    "col-justify-center (3)": "20,100",
    "col-justify-center (4)": "506",
    "icon36 src (3)": "https://evertaletoolbox2.runasp.net/files/ui/weapons/Katana.png",
    "skill-name": "Seasoned Slash",
    "skill-name (2)": "Poison Waves",
    "skill-name (3)": "Toxic Burst",
    "skill-name (4)": "Wild Swordsman",
    "skill-name (5)": "Keeper Of The Gate"
  },
  {
    "quickview-portrait-image src": "https://evertaletoolbox2.runasp.net/files/images/monsters/small/MusashiDarkBoss03_2.png",
    "quickview-name": "Mega Musashi",
    "icon36 src (2)": "https://evertaletoolbox2.runasp.net/files/ui/elements/Dark.png",
    "col-justify-center (2)": "3,000",
    "col-justify-center (3)": "190,500",
    "col-justify-center (4)": "616",
    "icon36 src (3)": "https://evertaletoolbox2.runasp.net/files/ui/weapons/GreatAxe.png",
    "skill-name": "Oni Claws",
    "skill-name (2)": "Absolute Slaughter",
    "skill-name (3)": "Void Push",
    "skill-name (4)": "Unstoppable Musashi",
    "skill-name (5)": "Shadow Oni"
  },
  {
    "quickview-portrait-image src": "https://evertaletoolbox2.runasp.net/files/images/monsters/small/MusashiDarkBoss01_2.png",
    "quickview-name": "Berserk Musashi",
    "icon36 src (2)": "https://evertaletoolbox2.runasp.net/files/ui/elements/Dark.png",
    "col-justify-center (2)": "1,257",
    "col-justify-center (3)": "20,000",
    "col-justify-center (4)": "616",
    "icon36 src (3)": "https://evertaletoolbox2.runasp.net/files/ui/weapons/GreatAxe.png",
    "skill-name": "Oni Claws",
    "skill-name (2)": "Absolute Slaughter",
    "skill-name (3)": "Void Push",
    "skill-name (4)": "Unstoppable Musashi"
  },
  {
    "quickview-portrait-image src": "https://evertaletoolbox2.runasp.net/files/images/monsters/small/VenusRegularBoss03_2.png",
    "quickview-name": "Mega Venus",
    "icon36 src (2)": "https://evertaletoolbox2.runasp.net/files/ui/elements/Light.png",
    "col-justify-center (2)": "3,000",
    "col-justify-center (3)": "178,000",
    "col-justify-center (4)": "406",
    "icon36 src (3)": "https://evertaletoolbox2.runasp.net/files/ui/weapons/Mace.png",
    "skill-name": "Venus Strike",
    "skill-name (2)": "Stunning Goddess",
    "skill-name (3)": "Last Chance At Love",
    "skill-name (4)": "Waves of Love",
    "skill-name (5)": "Faint of Heart",
    "skill-name (6)": "A God's Power"
  },
  {
    "quickview-portrait-image src": "https://evertaletoolbox2.runasp.net/files/images/monsters/small/VenusRegularBoss01_2.png",
    "quickview-name": "Berserk Venus",
    "icon36 src (2)": "https://evertaletoolbox2.runasp.net/files/ui/elements/Light.png",
    "col-justify-center (2)": "1,400",
    "col-justify-center (3)": "20,100",
    "col-justify-center (4)": "406",
    "icon36 src (3)": "https://evertaletoolbox2.runasp.net/files/ui/weapons/Mace.png",
    "skill-name": "Venus Strike",
    "skill-name (2)": "Stunning Goddess",
    "skill-name (3)": "Last Chance At Love",
    "skill-name (4)": "Waves of Love",
    "skill-name (5)": "Faint of Heart"
  },
  {
    "quickview-portrait-image src": "https://evertaletoolbox2.runasp.net/files/images/monsters/small/RizetteBraveBoss03_2.png",
    "quickview-name": "Mega Rizette",
    "icon36 src (2)": "https://evertaletoolbox2.runasp.net/files/ui/elements/Light.png",
    "col-justify-center (2)": "3,500",
    "col-justify-center (3)": "178,000",
    "col-justify-center (4)": "409",
    "icon36 src (3)": "https://evertaletoolbox2.runasp.net/files/ui/weapons/Sword.png",
    "skill-name": "Blue Edge",
    "skill-name (2)": "Elemental Refresh",
    "skill-name (3)": "Cerulean Blade",
    "skill-name (4)": "Blue Valkyrie",
    "skill-name (5)": "A God's Power",
    "skill-name (6)": "Stun Immunity"
  }
]