[
  {
    "with-tooltip src": "https://evertaletoolbox.runasp.net/files/cache/equipments/icon/KenshinBracelet01.png",
    "mt-1": "Dispelling Beads",
    "m-0": "1,675",
    "m-0 (2)": "12,421",
    "m-0 (3)": "13"
  },
  {
    "with-tooltip src": "https://evertaletoolbox.runasp.net/files/cache/equipments/icon/ZeusGauntlet01.png",
    "mt-1": "Sturmhond",
    "m-0": "1,999",
    "m-0 (2)": "12,021",
    "m-0 (3)": "20"
  },
  {
    "with-tooltip src": "https://evertaletoolbox.runasp.net/files/cache/equipments/icon/BahamutCollar01.png",
    "mt-1": "The Dragonbinder",
    "m-0": "1,832",
    "m-0 (2)": "12,739",
    "m-0 (3)": "9"
  },
  {
    "with-tooltip src": "https://evertaletoolbox.runasp.net/files/cache/equipments/icon/AnastasiaHat01.png",
    "mt-1": "Frostlite Kubanka",
    "m-0": "2,197",
    "m-0 (2)": "10,695",
    "m-0 (3)": "27"
  },
  {
    "with-tooltip src": "https://evertaletoolbox.runasp.net/files/cache/equipments/icon/BergarianHelmet01.png",
    "mt-1": "Apocalypse Hat",
    "m-0": "1,556",
    "m-0 (2)": "14,306",
    "m-0 (3)": "12"
  },
  {
    "with-tooltip src": "https://evertaletoolbox.runasp.net/files/cache/equipments/icon/SakamotoCloak01.png",
    "mt-1": "Cloak of Dawn",
    "m-0": "1,918",
    "m-0 (2)": "12,306",
    "m-0 (3)": "15"
  },
  {
    "with-tooltip src": "https://evertaletoolbox.runasp.net/files/cache/equipments/icon/SilverKnightArmor01.png",
    "mt-1": "Silverlight Armor",
    "m-0": "1,661",
    "m-0 (2)": "13,844",
    "m-0 (3)": "7"
  },
  {
    "with-tooltip src": "https://evertaletoolbox.runasp.net/files/cache/equipments/icon/ChronosClock01.png",
    "mt-1": "World Clock",
    "m-0": "1,803",
    "m-0 (2)": "12,627",
    "m-0 (3)": "10"
  },
  {
    "with-tooltip src": "https://evertaletoolbox.runasp.net/files/cache/equipments/icon/ElizabethEarring01.png",
    "mt-1": "The Royal Sapphire",
    "m-0": "2,012",
    "m-0 (2)": "10,294",
    "m-0 (3)": "27"
  },
  {
    "with-tooltip src": "https://evertaletoolbox.runasp.net/files/cache/equipments/icon/ZoroMask01.png",
    "mt-1": "Mask of a Thief",
    "m-0": "1,799",
    "m-0 (2)": "13,043",
    "m-0 (3)": "2"
  }
]