[
  {
    "with-tooltip src": "https://evertaletoolbox.runasp.net/files/cache/monsters/icon/WhiteSnakeGirlBoss03_1.png",
    "mt-1": "Mega Mizuchi",
    "with-tooltip src (2)": "https://evertaletoolbox.runasp.net/files/cache/ui/elements/Earth.png",
    "m-0": "3,000",
    "m-0 (2)": "178,000",
    "m-0 (3)": "625",
    "with-tooltip src (3)": "https://evertaletoolbox.runasp.net/files/cache/ui/weapons/Staff.png",
    "m-0 (4)": "+1 Swift Stealth 70 TU",
    "badge": "+1",
    "badge (2)": "70 TU",
    "m-0 (5)": "-1 Grant Stealth 100 TU",
    "badge (3)": "-1",
    "badge (4)": "100 TU",
    "m-0 (6)": "-1 Time Drain+ 100 TU",
    "badge (5)": "-1",
    "badge (6)": "100 TU",
    "m-0 (7)": "-2 Survivor Slayer 100 TU",
    "badge (7)": "-2",
    "badge (8)": "100 TU",
    "m-0 (8)": "Counter Skin",
    "m-0 (9)": "Hold Ground"
  },
  {
    "with-tooltip src": "https://evertaletoolbox.runasp.net/files/cache/monsters/icon/MyshaKnightBoss03_1.png",
    "mt-1": "Mega Mysha",
    "with-tooltip src (2)": "https://evertaletoolbox.runasp.net/files/cache/ui/elements/Earth.png",
    "m-0": "3,000",
    "m-0 (2)": "178,000",
    "m-0 (3)": "430",
    "with-tooltip src (3)": "https://evertaletoolbox.runasp.net/files/cache/ui/weapons/Staff.png",
    "m-0 (4)": "+2 Quick Thrust 70 TUALL",
    "badge": "+2",
    "badge (2)": "70 TU",
    "m-0 (5)": "-1 Lethal Downfall 1 TU",
    "badge (3)": "-1",
    "badge (4)": "1 TU",
    "m-0 (6)": "0 Knighted in Stealth 10 TUALL",
    "badge (5)": "0",
    "badge (6)": "10 TU",
    "m-0 (7)": "-1 Earthen Smite 50 TUTWO",
    "badge (7)": "-1",
    "badge (8)": "50 TU",
    "m-0 (8)": "Random Stealth",
    "m-0 (9)": "Determined Knight",
    "badge (11)": "TWO"
  },
  {
    "with-tooltip src": "https://evertaletoolbox.runasp.net/files/cache/monsters/icon/MyshaKnightBoss01_1.png",
    "mt-1": "Berserk Mysha",
    "with-tooltip src (2)": "https://evertaletoolbox.runasp.net/files/cache/ui/elements/Earth.png",
    "m-0": "1,400",
    "m-0 (2)": "20,100",
    "m-0 (3)": "430",
    "with-tooltip src (3)": "https://evertaletoolbox.runasp.net/files/cache/ui/weapons/Staff.png",
    "m-0 (4)": "+2 Quick Thrust 70 TUALL",
    "badge": "+2",
    "badge (2)": "70 TU",
    "m-0 (5)": "-1 Lethal Downfall 1 TU",
    "badge (3)": "-1",
    "badge (4)": "1 TU",
    "m-0 (6)": "0 Knighted in Stealth 10 TUALL",
    "badge (5)": "0",
    "badge (6)": "10 TU",
    "m-0 (7)": "-1 Earthen Smite 50 TUTWO",
    "badge (7)": "-1",
    "badge (8)": "50 TU",
    "m-0 (8)": "Random Stealth",
    "badge (11)": "TWO"
  },
  {
    "with-tooltip src": "https://evertaletoolbox.runasp.net/files/cache/monsters/icon/KenshinRegularBoss03_1.png",
    "mt-1": "Mega Kenshin",
    "with-tooltip src (2)": "https://evertaletoolbox.runasp.net/files/cache/ui/elements/Dark.png",
    "m-0": "4,000",
    "m-0 (2)": "178,000",
    "m-0 (3)": "506",
    "with-tooltip src (3)": "https://evertaletoolbox.runasp.net/files/cache/ui/weapons/Katana.png",
    "m-0 (4)": "+3 Seasoned Slash 30 TU",
    "badge": "+3",
    "badge (2)": "30 TU",
    "m-0 (5)": "+2 Poison Waves 1 TUALL",
    "badge (3)": "+2",
    "badge (4)": "1 TU",
    "m-0 (6)": "-2 Toxic Burst 75 TUTWO",
    "badge (5)": "-2",
    "badge (6)": "75 TU",
    "m-0 (7)": "-10 Forbidden Technique 4 TUALL",
    "badge (7)": "-10",
    "badge (8)": "4 TU",
    "m-0 (8)": "Wild Swordsman",
    "m-0 (9)": "Keeper Of The Gate",
    "badge (11)": "TWO"
  },
  {
    "with-tooltip src": "https://evertaletoolbox.runasp.net/files/cache/monsters/icon/KenshinRegularBoss01_1.png",
    "mt-1": "Berserk Kenshin",
    "with-tooltip src (2)": "https://evertaletoolbox.runasp.net/files/cache/ui/elements/Dark.png",
    "m-0": "1,400",
    "m-0 (2)": "20,100",
    "m-0 (3)": "506",
    "with-tooltip src (3)": "https://evertaletoolbox.runasp.net/files/cache/ui/weapons/Katana.png",
    "m-0 (4)": "+3 Seasoned Slash 30 TU",
    "badge": "+3",
    "badge (2)": "30 TU",
    "m-0 (5)": "+2 Poison Waves 1 TUALL",
    "badge (3)": "+2",
    "badge (4)": "1 TU",
    "m-0 (6)": "-2 Toxic Burst 75 TUTWO",
    "badge (5)": "-2",
    "badge (6)": "75 TU",
    "m-0 (7)": "Wild Swordsman",
    "badge (7)": "ALL",
    "m-0 (8)": "Keeper Of The Gate",
    "badge (11)": "TWO"
  },
  {
    "with-tooltip src": "https://evertaletoolbox.runasp.net/files/cache/monsters/icon/MusashiDarkBoss03_1.png",
    "mt-1": "Mega Musashi",
    "with-tooltip src (2)": "https://evertaletoolbox.runasp.net/files/cache/ui/elements/Dark.png",
    "m-0": "3,000",
    "m-0 (2)": "190,500",
    "m-0 (3)": "616",
    "with-tooltip src (3)": "https://evertaletoolbox.runasp.net/files/cache/ui/weapons/GreatAxe.png",
    "m-0 (4)": "+2 Oni Claws 60 TU",
    "badge": "+2",
    "badge (2)": "60 TU",
    "m-0 (5)": "-1 Absolute Slaughter 60 TU",
    "badge (3)": "-1",
    "badge (4)": "60 TU",
    "m-0 (6)": "-1 Void Push 1 TU",
    "badge (5)": "-1",
    "badge (6)": "1 TU",
    "m-0 (7)": "Unstoppable Musashi",
    "m-0 (8)": "Shadow Oni"
  },
  {
    "with-tooltip src": "https://evertaletoolbox.runasp.net/files/cache/monsters/icon/MusashiDarkBoss01_1.png",
    "mt-1": "Berserk Musashi",
    "with-tooltip src (2)": "https://evertaletoolbox.runasp.net/files/cache/ui/elements/Dark.png",
    "m-0": "1,257",
    "m-0 (2)": "20,000",
    "m-0 (3)": "616",
    "with-tooltip src (3)": "https://evertaletoolbox.runasp.net/files/cache/ui/weapons/GreatAxe.png",
    "m-0 (4)": "+2 Oni Claws 60 TU",
    "badge": "+2",
    "badge (2)": "60 TU",
    "m-0 (5)": "-1 Absolute Slaughter 60 TU",
    "badge (3)": "-1",
    "badge (4)": "60 TU",
    "m-0 (6)": "-1 Void Push 1 TU",
    "badge (5)": "-1",
    "badge (6)": "1 TU",
    "m-0 (7)": "Unstoppable Musashi"
  },
  {
    "with-tooltip src": "https://evertaletoolbox.runasp.net/files/cache/monsters/icon/VenusRegularBoss03_1.png",
    "mt-1": "Mega Venus",
    "with-tooltip src (2)": "https://evertaletoolbox.runasp.net/files/cache/ui/elements/Light.png",
    "m-0": "3,000",
    "m-0 (2)": "178,000",
    "m-0 (3)": "406",
    "with-tooltip src (3)": "https://evertaletoolbox.runasp.net/files/cache/ui/weapons/Mace.png",
    "m-0 (4)": "+2 Venus Strike 70 TU",
    "badge": "+2",
    "badge (2)": "70 TU",
    "m-0 (5)": "-1 Stunning Goddess 1 TUALL",
    "badge (3)": "-1",
    "badge (4)": "1 TU",
    "m-0 (6)": "0 Last Chance At Love 1 TUALL",
    "badge (5)": "0",
    "badge (6)": "1 TU",
    "m-0 (7)": "-3 Waves of Love 70 TUALL",
    "badge (7)": "ALL",
    "badge (8)": "70 TU",
    "m-0 (8)": "Faint of Heart",
    "m-0 (9)": "A God's Power",
    "badge (11)": "ALL",
    "badge (9)": "-3"
  },
  {
    "with-tooltip src": "https://evertaletoolbox.runasp.net/files/cache/monsters/icon/VenusRegularBoss01_1.png",
    "mt-1": "Berserk Venus",
    "with-tooltip src (2)": "https://evertaletoolbox.runasp.net/files/cache/ui/elements/Light.png",
    "m-0": "1,400",
    "m-0 (2)": "20,100",
    "m-0 (3)": "406",
    "with-tooltip src (3)": "https://evertaletoolbox.runasp.net/files/cache/ui/weapons/Mace.png",
    "m-0 (4)": "+2 Venus Strike 70 TU",
    "badge": "+2",
    "badge (2)": "70 TU",
    "m-0 (5)": "-1 Stunning Goddess 1 TUALL",
    "badge (3)": "-1",
    "badge (4)": "1 TU",
    "m-0 (6)": "0 Last Chance At Love 1 TUALL",
    "badge (5)": "0",
    "badge (6)": "1 TU",
    "m-0 (7)": "-3 Waves of Love 70 TUALL",
    "badge (7)": "ALL",
    "badge (8)": "70 TU",
    "m-0 (8)": "Faint of Heart",
    "badge (11)": "ALL",
    "badge (9)": "-3"
  },
  {
    "with-tooltip src": "https://evertaletoolbox.runasp.net/files/cache/monsters/icon/RizetteBraveBoss03_1.png",
    "mt-1": "Mega Rizette",
    "with-tooltip src (2)": "https://evertaletoolbox.runasp.net/files/cache/ui/elements/Light.png",
    "m-0": "3,500",
    "m-0 (2)": "178,000",
    "m-0 (3)": "409",
    "with-tooltip src (3)": "https://evertaletoolbox.runasp.net/files/cache/ui/weapons/Sword.png",
    "m-0 (4)": "+3 Blue Edge 80 TU",
    "badge": "+3",
    "badge (2)": "80 TU",
    "m-0 (5)": "-1 Elemental Refresh 1 TUALL",
    "badge (3)": "-1",
    "badge (4)": "1 TU",
    "m-0 (6)": "-1 Cerulean Blade 100 TU",
    "badge (5)": "-1",
    "badge (6)": "100 TU",
    "m-0 (7)": "Blue Valkyrie",
    "badge (7)": "ALL",
    "m-0 (8)": "A God's Power",
    "m-0 (9)": "Stun Immunity"
  }
]