[
  {
    "quickview-portrait-image src": "https://evertaletoolbox2.runasp.net/files/images/monsters/small/BrocheWitch02_2.png",
    "Name": "Wantonwitch",
    "Title": "Wantonwitch",
    "icon36 src": "https://evertaletoolbox2.runasp.net/files/ui/app/RarityIconR01.png",
    "icon10 src": "https://evertaletoolbox2.runasp.net/files/ui/rarity/IconGreyStarSilver01.png",
    "icon10 src (2)": "https://evertaletoolbox2.runasp.net/files/ui/rarity/IconGreyStarSilver01.png",
    "icon10 src (3)": "https://evertaletoolbox2.runasp.net/files/ui/rarity/IconGreyStarSilver01.png",
    "icon10 src (4)": "https://evertaletoolbox2.runasp.net/files/ui/rarity/IconGreyStarSilver01.png",
    "icon36 src (2)": "https://evertaletoolbox2.runasp.net/files/ui/elements/Fire.png",
    "Cost": "20",
    "Attack": "452",
    "HP": "3,092",
    "SPD": "71",
    "icon36 src (3)": "https://evertaletoolbox2.runasp.net/files/ui/weapons/Staff.png",
    "Active Skill 1": "Attack",
    "Active Skill 1 Description": "Damage to 1 enemy and allies gain 2 Spirit.",
    "Active Skill 2": "Sleep",
    "Active Skill 2 Description": "Grants 1 enemy the Sleep status effect for 200TU. This will overwrite other status effects on that unit. Sleep cannot be applied to a unit that Has Slept while on the battlefield.",
    "Active Skill 3": "Quicken",
    "Active Skill 3 Description": "User's TU costs for all of their skills are reduced by 20%. This will overwrite the effect of previous Quicken skills.",
    "Active Skill 4": "Push Back",
    "Active Skill 4 Description": "Pushes 1 enemy away from the battlefield to be next in line of the enemy reinforcements. This skill can only be used if there are 1 or more enemy reinforcements left.",
    "Passive Skill 1": "Attack Up Lv1",
    "Passive Skill 1 Description": "Adds 150 to this unit's Attack.",
    "Passive Skill 2": "Mace Resist Lv1",
    "Passive Skill 2 Description": "5% less damage from attacks by units equipped with Maces.",
    "Passive Skill 3": "HP Up Lv1",
    "Passive Skill 3 Description": "Adds 600 to this unit's max HP.",
    "Passive Skill 4": "Mace Mastery",
    "Passive Skill 4 Description Description": "Can use weapon skills of Maces in addition to their original preferred weapon type."
  },
  {
    "quickview-portrait-image src": "https://evertaletoolbox2.runasp.net/files/images/monsters/small/CancerCrab02_2.png",
    "Name": "Leviacrab",
    "Title": "Leviacrab",
    "icon10 src": "https://evertaletoolbox2.runasp.net/files/ui/rarity/IconBrownStarBronze01.png",
    "icon10 src (2)": "https://evertaletoolbox2.runasp.net/files/ui/rarity/IconBrownStarBronze01.png",
    "icon10 src (3)": "https://evertaletoolbox2.runasp.net/files/ui/rarity/IconBrownStarBronze01.png",
    "icon36 src (2)": "https://evertaletoolbox2.runasp.net/files/ui/elements/Earth.png",
    "Cost": "16",
    "Attack": "354",
    "HP": "1,864",
    "SPD": "364",
    "icon36 src (3)": "https://evertaletoolbox2.runasp.net/files/ui/weapons/GreatAxe.png",
    "Active Skill 1": "Attack",
    "Active Skill 1 Description": "Damage to 1 enemy and allies gain 2 Spirit.",
    "Active Skill 2": "Survival Bomb",
    "Active Skill 2 Description": "Sacrifices the user for 300% damage to all enemies. Locked for 300TU after the user enters the battlefield. 400% damage if the user has survived for 400TU.",
    "Active Skill 3": "Life Flip",
    "Active Skill 3 Description": "Exchanges the user's current HP with the amount of HP they have currently lost. Usable once per battle.",
    "Active Skill 4": "Hold Ground",
    "Active Skill 4 Description": "If this unit would be defeated by an enemy attack or a status effect while having more than 1 HP, it instead survives with 1 HP.",
    "icon36h32 src": "https://evertaletoolbox2.runasp.net/files/ui/app/RarityIconN01.png"
  },
  {
    "quickview-portrait-image src": "https://evertaletoolbox2.runasp.net/files/images/monsters/small/AirPony02_2.png",
    "Name": "Aethersteed",
    "Title": "Aethersteed",
    "icon10 src": "https://evertaletoolbox2.runasp.net/files/ui/rarity/IconBrownStarBronze01.png",
    "icon10 src (2)": "https://evertaletoolbox2.runasp.net/files/ui/rarity/IconBrownStarBronze01.png",
    "icon10 src (3)": "https://evertaletoolbox2.runasp.net/files/ui/rarity/IconBrownStarBronze01.png",
    "icon36 src (2)": "https://evertaletoolbox2.runasp.net/files/ui/elements/Storm.png",
    "Cost": "16",
    "Attack": "378",
    "HP": "1,768",
    "SPD": "367",
    "icon36 src (3)": "https://evertaletoolbox2.runasp.net/files/ui/weapons/Hammer.png",
    "Active Skill 1": "Attack",
    "Active Skill 1 Description": "Damage to 1 enemy and allies gain 2 Spirit.",
    "Active Skill 2": "Survivor's Rage",
    "Active Skill 2 Description": "400% damage to 1 enemy. Locked for 300TU after the user has entered the battlefield.",
    "Active Skill 3": "Attack All",
    "Active Skill 3 Description": "Damage to all enemies.",
    "Active Skill 4": "Poison Revenge",
    "Active Skill 4 Description": "Whenever this unit is defeated by an enemy, that enemy gains the Poison status effect. This will overwrite other status effects on that unit.",
    "icon36h32 src": "https://evertaletoolbox2.runasp.net/files/ui/app/RarityIconN01.png"
  },
  {
    "quickview-portrait-image src": "https://evertaletoolbox2.runasp.net/files/images/monsters/small/FlyingSnake01_2.png",
    "Name": "Serpent Idol",
    "Title": "Serpent Idol",
    "icon10 src": "https://evertaletoolbox2.runasp.net/files/ui/rarity/IconBrownStarBronze01.png",
    "icon10 src (2)": "https://evertaletoolbox2.runasp.net/files/ui/rarity/IconBrownStarBronze01.png",
    "icon36 src (2)": "https://evertaletoolbox2.runasp.net/files/ui/elements/Earth.png",
    "Cost": "12",
    "Attack": "283",
    "HP": "1,628",
    "SPD": "102",
    "icon36 src (3)": "https://evertaletoolbox2.runasp.net/files/ui/weapons/Spear.png",
    "Active Skill 1": "Attack",
    "Active Skill 1 Description": "Damage to 1 enemy and allies gain 1 Spirit.",
    "Active Skill 2": "Guard Allies",
    "Active Skill 2 Description": "The user becomes a Guardian. For any enemy attack that would hit 1 or 2 other allies, 1 of the hits is instead redirected to this unit. This unit will not redirect skills that don't deal damage. Usable only if this unit is not already a Guardian.",
    "Active Skill 3": "Stun Absorb",
    "Active Skill 3 Description": "Whenever any ally would be affected by stun, this unit takes the stun instead.",
    "icon36h32 src": "https://evertaletoolbox2.runasp.net/files/ui/app/RarityIconN01.png"
  },
  {
    "quickview-portrait-image src": "https://evertaletoolbox2.runasp.net/files/images/monsters/small/HoodedThief01_2.png",
    "Name": "Fire Brigand",
    "Title": "Fire Brigand",
    "icon10 src": "https://evertaletoolbox2.runasp.net/files/ui/rarity/IconBrownStarBronze01.png",
    "icon10 src (2)": "https://evertaletoolbox2.runasp.net/files/ui/rarity/IconBrownStarBronze01.png",
    "icon36 src (2)": "https://evertaletoolbox2.runasp.net/files/ui/elements/Fire.png",
    "Cost": "12",
    "Attack": "353",
    "HP": "1,348",
    "SPD": "154",
    "icon36 src (3)": "https://evertaletoolbox2.runasp.net/files/ui/weapons/Axe.png",
    "Active Skill 1": "Attack Two",
    "Active Skill 1 Description": "Damage to 2 enemies and allies gain 1 Spirit.",
    "Active Skill 2": "Time Bolt",
    "Active Skill 2 Description": "400% damage to 1 enemy if they have 150TU or more in the turn order. 500% damage if the target has 200TU or more.",
    "Active Skill 3": "Poison Revenge",
    "Active Skill 3 Description": "Whenever this unit is defeated by an enemy, that enemy gains the Poison status effect. This will overwrite other status effects on that unit.",
    "icon36h32 src": "https://evertaletoolbox2.runasp.net/files/ui/app/RarityIconN01.png"
  },
  {
    "quickview-portrait-image src": "https://evertaletoolbox2.runasp.net/files/images/monsters/small/FourLeggedCatfish02_2.png",
    "Name": "Volcatfish",
    "Title": "Volcatfish",
    "icon10 src": "https://evertaletoolbox2.runasp.net/files/ui/rarity/IconBrownStarBronze01.png",
    "icon10 src (2)": "https://evertaletoolbox2.runasp.net/files/ui/rarity/IconBrownStarBronze01.png",
    "icon36 src (2)": "https://evertaletoolbox2.runasp.net/files/ui/elements/Fire.png",
    "Cost": "12",
    "Attack": "281",
    "HP": "1,636",
    "SPD": "103",
    "icon36 src (3)": "https://evertaletoolbox2.runasp.net/files/ui/weapons/GreatSword.png",
    "Active Skill 1": "Attack",
    "Active Skill 1 Description": "Damage to 1 enemy and allies gain 1 Spirit.",
    "Active Skill 2": "Guard Allies",
    "Active Skill 2 Description": "The user becomes a Guardian. For any enemy attack that would hit 1 or 2 other allies, 1 of the hits is instead redirected to this unit. This unit will not redirect skills that don't deal damage. Usable only if this unit is not already a Guardian.",
    "Active Skill 3": "Stun Absorb",
    "Active Skill 3 Description": "Whenever any ally would be affected by stun, this unit takes the stun instead.",
    "icon36h32 src": "https://evertaletoolbox2.runasp.net/files/ui/app/RarityIconN01.png"
  },
  {
    "quickview-portrait-image src": "https://evertaletoolbox2.runasp.net/files/images/monsters/small/TasselMage02_2.png",
    "Name": "???",
    "icon10 src": "https://evertaletoolbox2.runasp.net/files/ui/rarity/IconBrownStarBronze01.png",
    "icon10 src (2)": "https://evertaletoolbox2.runasp.net/files/ui/rarity/IconBrownStarBronze01.png",
    "icon36 src (2)": "https://evertaletoolbox2.runasp.net/files/ui/elements/Storm.png",
    "Cost": "12",
    "Attack": "343",
    "HP": "1,388",
    "SPD": "89",
    "icon36 src (3)": "https://evertaletoolbox2.runasp.net/files/ui/weapons/Staff.png",
    "Active Skill 1": "Attack",
    "Active Skill 1 Description": "Damage to 1 enemy and allies gain 1 Spirit.",
    "Active Skill 2": "Poison Eater",
    "Active Skill 2 Description": "300% damage to 2 enemies if they are poisoned.",
    "Active Skill 3": "Spirit- Revenge",
    "Active Skill 3 Description": "Whenever this unit is defeated by an enemy, the enemy party loses 2 Spirit.",
    "icon36h32 src": "https://evertaletoolbox2.runasp.net/files/ui/app/RarityIconN01.png"
  },
  {
    "quickview-portrait-image src": "https://evertaletoolbox2.runasp.net/files/images/monsters/small/FrogKnight02_2.png",
    "Name": "Bikki Master",
    "Title": "Bikki Master",
    "icon36 src": "https://evertaletoolbox2.runasp.net/files/ui/app/RarityIconR01.png",
    "icon10 src": "https://evertaletoolbox2.runasp.net/files/ui/rarity/IconGreyStarSilver01.png",
    "icon10 src (2)": "https://evertaletoolbox2.runasp.net/files/ui/rarity/IconGreyStarSilver01.png",
    "icon10 src (3)": "https://evertaletoolbox2.runasp.net/files/ui/rarity/IconGreyStarSilver01.png",
    "icon10 src (4)": "https://evertaletoolbox2.runasp.net/files/ui/rarity/IconGreyStarSilver01.png",
    "icon36 src (2)": "https://evertaletoolbox2.runasp.net/files/ui/elements/Water.png",
    "Cost": "20",
    "Attack": "464",
    "HP": "3,044",
    "SPD": "272",
    "icon36 src (3)": "https://evertaletoolbox2.runasp.net/files/ui/weapons/Sword.png",
    "Active Skill 1": "Attack Two",
    "Active Skill 1 Description": "Damage to 2 enemies and allies gain 1 Spirit.",
    "Active Skill 2": "Attack All",
    "Active Skill 2 Description": "Damage to all enemies.",
    "Active Skill 3": "Guard Allies",
    "Active Skill 3 Description": "The user becomes a Guardian. For any enemy attack that would hit 1 or 2 other allies, 1 of the hits is instead redirected to this unit. This unit will not redirect skills that don't deal damage. Usable only if this unit is not already a Guardian.",
    "Active Skill 4": "Purify",
    "Active Skill 4 Description": "Removes negative status effects like sleep, burn or poison from 2 allies.",
    "Passive Skill 1": "Hold Ground",
    "Passive Skill 1 Description": "If this unit would be defeated by an enemy attack or a status effect while having more than 1 HP, it instead survives with 1 HP.",
    "Passive Skill 2": "Attack Up Lv1",
    "Passive Skill 2 Description": "Adds 150 to this unit's Attack.",
    "Passive Skill 3": "Axe Resist Lv1",
    "Passive Skill 3 Description": "5% less damage from attacks by units equipped with Axes.",
    "Passive Skill 4": "HP Up Lv1",
    "Passive Skill 4 Description Description": "Adds 600 to this unit's max HP."
  },
  {
    "quickview-portrait-image src": "https://evertaletoolbox2.runasp.net/files/images/monsters/small/CapedOutlander01_2.png",
    "Name": "Nascent Hero",
    "Title": "Nascent Hero",
    "icon10 src": "https://evertaletoolbox2.runasp.net/files/ui/rarity/IconBrownStarBronze01.png",
    "icon10 src (2)": "https://evertaletoolbox2.runasp.net/files/ui/rarity/IconBrownStarBronze01.png",
    "icon36 src (2)": "https://evertaletoolbox2.runasp.net/files/ui/elements/Dark.png",
    "Cost": "12",
    "Attack": "314",
    "HP": "1,504",
    "SPD": "157",
    "icon36 src (3)": "https://evertaletoolbox2.runasp.net/files/ui/weapons/Axe.png",
    "Active Skill 1": "Poison",
    "Active Skill 1 Description": "Grants the Poison status effect to 1 enemy. Allies gain 1 Spirit. This will overwrite other status effects on that unit.",
    "Active Skill 2": "Poison Eater",
    "Active Skill 2 Description": "400% damage to 1 enemy if they are poisoned.",
    "icon36h32 src": "https://evertaletoolbox2.runasp.net/files/ui/app/RarityIconN01.png"
  },
  {
    "quickview-portrait-image src": "https://evertaletoolbox2.runasp.net/files/images/monsters/small/CapedSkeleton01_2.png",
    "Name": "Souldier",
    "Title": "Souldier",
    "icon10 src": "https://evertaletoolbox2.runasp.net/files/ui/rarity/IconBrownStarBronze01.png",
    "icon36 src (2)": "https://evertaletoolbox2.runasp.net/files/ui/elements/Dark.png",
    "Cost": "8",
    "Attack": "278",
    "HP": "1,198",
    "SPD": "143",
    "icon36 src (3)": "https://evertaletoolbox2.runasp.net/files/ui/weapons/Sword.png",
    "Active Skill 1": "Brash Strike",
    "Active Skill 1 Description": "135% damage to 1 enemy and allies gain 1 Spirit. Reflects 30% of the damage to the user.",
    "Active Skill 2": "Life Flip",
    "Active Skill 2 Description": "Exchanges the user's current HP with the amount of HP they have currently lost. Usable once per battle.",
    "icon36h32 src": "https://evertaletoolbox2.runasp.net/files/ui/app/RarityIconN01.png"
  }
]