[
  {
    "quickview-portrait-image src": "https://evertaletoolbox2.runasp.net/files/images/monsters/small/MechaSisterNew02_2.png",
    "Name": "Anya",
    "Title": "Divine Mecha Girl",
    "icon36 src": "https://evertaletoolbox2.runasp.net/files/ui/app/RarityIconSsr01.png",
    "icon10 src": "https://evertaletoolbox2.runasp.net/files/ui/rarity/IconRainbowStar01.png",
    "icon36 src (2)": "https://evertaletoolbox2.runasp.net/files/ui/elements/Storm.png",
    "Cost": "34",
    "Attack": "549",
    "HP": "19,921",
    "SPD": "410",
    "icon36 src (3)": "https://evertaletoolbox2.runasp.net/files/ui/weapons/Sword.png",
    "Leader Skill": "Storm HP Up",
    "Leader Skill Description": "Allied Storm element units have their max HP increased by 10%.",
    "Active Skill 1": "Circuit Overload",
    "Active Skill 1 Description": "Targets 2 enemies and deals 100% damage. For each target with 50+ TU:\n- Steals 1 Spirit from enemies if that target is hit.\n- Deals 500% damage to that target instead.\n- Deals 750% damage to that target instead if the target has 100+TU.",
    "Active Skill 2": "Mass Surge",
    "Active Skill 2 Description": "Heals the user for 30% of max HP, and the user is granted a Sleep Ward, Stun Ward, and Poison Ward. All other allies heal for 100% of their max HP. Then all allies are Purified (negative status effects like sleep, burn or poison are removed), and granted Recovery Mist for 200TU. Usable 10 times per battle.\n\nEach Ward prevents their named effect from being applied once, then is removed. Identical Wards cannot stack. A unit with Recovery Mist will heal for 5% of their max HP and have a 30% chance to be Purified after every turn. Recovery Mist effects do not stack.",
    "Active Skill 3": "Modular Shot",
    "Active Skill 3 Description": "1250% damage to 2 enemies. Unlocked each time an ally on the battlefield is defeated by an attack while this unit is on the battlefield. If that ally was:\n- Water, this attack grants hit targets Sleep (Forced) for 200TU.\n- Fire, this attack grants all allies the Burn status effect.\n- Storm, this attack grants hit targets Stun for 200TU.\n- Earth, this attack grants hit targets Cursed Sleep for 200TU (blocked by Burn).\n- Light, this attack heals all allies for 100% of max HP and Purifies them.\n- Dark, this attack grants hit targets Mega Poison for 200TU.\nSuccessfully applied Status Effects will overwrite existing status effects on affected units.\n\nThis skill is locked again after each use or if the user leaves the battlefield. The Elemental effect will be determined at the time this skill unlocks. When multiple allies are defeated at the same time, only one Element will be considered.",
    "Active Skill 4": "Crashing Heavens",
    "Active Skill 4 Description": "Stuns all enemies for 500TU. This Stun cannot be redirected by enemy Stun Absorbers. Locked for 300TU after the user has entered the battlefield. Usable once per battle.",
    "Passive Skill 1": "Ultimate Firewall",
    "Passive Skill 1 Description": "This unit is a Guardian. For any enemy attack that would hit 1 or 2 other allies, this unit has a 100% chance to redirect 1 hit to itself instead. This unit will not redirect skills that don't deal damage. Whenever this unit enters the battlefield, whether at the start of battle or from reinforcements, it will Endure the next damage that would defeat it with 1HP. Endure effects cannot stack.\n\nWhen this unit is damaged by an enemy attack, that enemy's Active Skills are disabled for 30TU. When a unit's Active Skills are disabled and they get the turn, they will lose the turn as if they were sleeping. This effect cannot affect boss units, cannot be purified, and will end if this unit is defeated.\n\nUntil this unit has survived for 1000TU on the battlefield, every second time this unit takes damage from an attack and survives until after the end of the turn, this unit will heal for 100% of max HP, and be Purified.",
    "Passive Skill 2": "Quantum Barrier",
    "Passive Skill 2 Description": "This unit cannot be sent to the reinforcements from the battlefield. When another non-conjured ally on the battlefield is defeated or sacrificed by any source, this unit gains Endure.\n\nWhenever an enemy hits a non-Guardian ally with an attack, they will be Stunned for 50TU for each non-Guardian ally hit.\n\nAll other allies gain 35% damage reduction from attacks while this unit is on the battlefield. This effect can stack with other damage reduction effects such as Armor, but will not stack with itself or other ally Barrier type skills.",
    "Passive Skill 3": "HP Up Lv3",
    "Passive Skill 3 Description": "Adds 1200 to this unit's max HP.",
    "Passive Skill 4": "Attack Up Lv3",
    "Passive Skill 4 Description Description": "Adds 300 to this unit's Attack.",
    "Passive Skill 5": "Sword Resist Lv3",
    "Passive Skill 5 Description": "10% less damage from attacks by units equipped with Swords.",
    "Passive Skill 6 Description": "Axe Mastery",
    "Passive Skill 6": "Can use weapon skills of Axes in addition to their original preferred weapon type."
  },
  {
    "quickview-portrait-image src": "https://evertaletoolbox2.runasp.net/files/images/monsters/small/HokusaiRegular02_2.png",
    "Name": "Hokusai",
    "Title": "Paintbrush Virtuoso",
    "icon36 src": "https://evertaletoolbox2.runasp.net/files/ui/app/RarityIconSsr01.png",
    "icon10 src": "https://evertaletoolbox2.runasp.net/files/ui/rarity/IconRainbowStar01.png",
    "icon36 src (2)": "https://evertaletoolbox2.runasp.net/files/ui/elements/Light.png",
    "Cost": "34",
    "Attack": "1,089",
    "HP": "8,975",
    "SPD": "469",
    "icon36 src (3)": "https://evertaletoolbox2.runasp.net/files/ui/weapons/GreatAxe.png",
    "Leader Skill": "Light Attack Up",
    "Leader Skill Description": "Allied Light element units have their Attack increased by 15%.",
    "Active Skill 1": "Blot Out",
    "Active Skill 1 Description": "Damage to 1 enemy and Weaken them. Then enemies lose Spirit equal to the number of Element types that remain on the battlefield.\n\nWeakened units have their Attack reduced to 0.75x until the end of their next turn. The effect of Weakening may be diminished if the affected unit's Attack is increased by other effects and it can be overwritten by Enrage effects.",
    "Active Skill 2": "Paint Fall",
    "Active Skill 2 Description": "50% damage to all enemies. This attack ignores damage reduction effects, skin passive skills, the Stealth Status Effect, and the Counter Stance Status Effect. Randomly grants all allies either Stun Wards, or Sleep Wards. Each Ward prevents their named effect from being applied once, then is removed. Identical Wards cannot stack.\n\nThen heals all allies for 200% of the user's attack. This triggers once for each Element type that remains on the battlefield.\n\nUnlocked each time the user damages an enemy with another attack. This skill is locked again after each use or if the user leaves the battlefield.",
    "Active Skill 3": "Stroke of Genius",
    "Active Skill 3 Description": "Damage 1 enemy. This attack ignores any effects of non-boss enemies that would prevent the target from being defeated. 300% damage instead if the user or target have defeated 1 unit with an attack while on the battlefiled. 400% damage instead if the user or target have defeated 2+ units with attacks while on the battlefield.",
    "Active Skill 4": "Masterpiece",
    "Active Skill 4 Description": "Immediately defeats 1 non-boss enemy, the user is considered to have defeated the target with an attack if successful. This effect ignores Revenge passive skills, Revival passive skills, any passive skills or effects of active skills that would prevent the target from being defeated, and cannot be redirected by Guardians.\n\nLocked for 300TU after the user has entered the battlefield. This lock is ignored while all 6 Element types are on the battlefield. Usable twice per battle.",
    "Passive Skill 1": "Elemental Palette",
    "Passive Skill 1 Description": "This unit enters battle with a Stun Ward, and Sleep Ward. This unit cannot be defeated by damage from Poison or Burn status effects.\n\nWhen attacking, adds 100% to the damage % of this unit's attacks for each Element type on the battlefield. (e.g. Paint Fall: 50% => 350% damage when 3 Element types are on the battlefield)\n\nWhen this unit damages an enemy with an attack, if they are:\n- Water or Dark, Stun them for 100TU.\n- Fire or Light, grant them the Sleep status effect for 100TU, even if they have already slept while on the battlefield. Sleep will overwrite other status effects on those units.\n- Storm or Earth, grant them the Mega Poison status effect for 100TU. Mega Poison will overwrite other status effects on those units. Mega Poison deals 20 times the damage of normal Poison and cannot be overwritten by normal Poison or Super Poison.",
    "Passive Skill 2": "Legendary Artist",
    "Passive Skill 2 Description": "If this unit would be defeated by an enemy attack or a status effect while having more than 1 HP, it instead survives with 1 HP. This unit has 50% damage reduction from attacks. This unit has 80% damage reduction from attacks instead if all 6 Element types are on the battlefield.\n\nEach time an ally (including this unit) gets the turn, this unit will be healed for 25% of its max HP. Then this unit will have Sleep status effects removed at the end of the turn.\n\nWhenever another ally gets the turn, if there is a different ally (including Hokusai) that matches their Element on the battlefield, the acting ally will be healed for 25% of their max HP. Then allies gain 1 Spirit at the end of that turn.\n\nWhen this unit enters the battlefield all allies are granted Elemental Quicken. Units with Elemental Quicken will have their TU costs for all of their skills reduced by 20% while there is a different ally with a matching Element on the battlefield. Whenever another ally enters the battlefield from reinforcements, they are also granted Elemental Quicken. Elemental Quicken will overwrite the effect of previous Quicken skills.",
    "Passive Skill 3": "HP Up Lv3",
    "Passive Skill 3 Description": "Adds 1200 to this unit's max HP.",
    "Passive Skill 4": "Attack Up Lv3",
    "Passive Skill 4 Description Description": "Adds 300 to this unit's Attack.",
    "Passive Skill 5": "G.sword Hunter Lv3",
    "Passive Skill 5 Description": "10% bonus to attacks against units equipped with Greatswords.",
    "Passive Skill 6 Description": "Greatsword Mastery",
    "Passive Skill 6": "Can use weapon skills of Greatswords in addition to their original preferred weapon type."
  },
  {
    "quickview-portrait-image src": "https://evertaletoolbox2.runasp.net/files/images/monsters/small/SuperFireMinion01_2.png",
    "Name": "Super Himori",
    "icon36 src (2)": "https://evertaletoolbox2.runasp.net/files/ui/elements/Fire.png",
    "Cost": "0",
    "Attack": "208",
    "HP": "1,099",
    "SPD": "84",
    "icon36 src (3)": "https://evertaletoolbox2.runasp.net/files/ui/weapons/Sword.png",
    "Active Skill 1": "Attack",
    "Active Skill 1 Description": "Damage to 1 enemy and allies gain 1 Spirit.",
    "Active Skill 2": "Ignition",
    "Active Skill 2 Description": "The user gains the Burn status effect. This will overwrite other status effects on that unit. Any unit that deals damage to or is dealt damage by a unit with burn will also become burned.",
    "Active Skill 3": "Auto Guard+",
    "Active Skill 3 Description": "This unit is a Guardian. For any enemy attack that would hit 1 or 2 other allies, this unit has a 100% chance to redirect 1 hit to itself instead. This unit will not redirect skills that don't deal damage.",
    "Active Skill 4": "Ephemeral",
    "Active Skill 4 Description": "This unit is never considered to be defeated by attacks and does not trigger any skills of other units whenever it is defeated or sacrificed by any source while on the battlefield.\n\nThis unit will be fully healed after each turn if it takes damage but is not defeated. This unit will be defeated after any ally or enemy turn if this unit has any of the Burn, Super Poison, or Mega Poison status effects.\n\nDamage dealt to this unit is increased to 2.5 times the normal amount."
  },
  {
    "quickview-portrait-image src": "https://evertaletoolbox2.runasp.net/files/images/monsters/small/DragonGirlRegular02_2.png",
    "Name": "Shen Long",
    "Title": "Divine Dragon Lord",
    "icon36 src": "https://evertaletoolbox2.runasp.net/files/ui/app/RarityIconSsr01.png",
    "icon10 src": "https://evertaletoolbox2.runasp.net/files/ui/rarity/IconRainbowStar01.png",
    "icon36 src (2)": "https://evertaletoolbox2.runasp.net/files/ui/elements/Fire.png",
    "Cost": "34",
    "Attack": "1,215",
    "HP": "8,345",
    "SPD": "426",
    "icon36 src (3)": "https://evertaletoolbox2.runasp.net/files/ui/weapons/Sword.png",
    "Leader Skill": "Fire ATK & HP Up",
    "Leader Skill Description": "Allied Fire element units have their Attack increased by 10% and max HP increased by 7%.",
    "Active Skill 1": "Dragon Fang",
    "Active Skill 1 Description": "Damage to 2 Enemies, 500% damage instead if the user is burning. Then the user is granted the Burn status effect. This attack ignores the Stealth Status Effect. This unit will immediately get the next turn if this is the first time this skill has been used while on the battlefield or if this unit has used Incinerate since this skill was last used.\n\nBurn will overwrite other status effects on the user. Any unit that deals damage to or is dealt damage by a unit with Burn will gain the Burn status effect.",
    "Active Skill 2": "Dragon Breath",
    "Active Skill 2 Description": "Enrages 2 allies, grants them the burn status effect, and heals them for 100% of max HP. Unlocked each time the user damages an enemy with an attack. This skill is locked again after each use or if the user leaves the battlefield.\n\nThis will overwrite the effects of previous Enrage skills. Enraged units have their Attack increased to 1.5x until the end of their next turn.",
    "Active Skill 3": "Incinerate",
    "Active Skill 3 Description": "400% damage to 1 enemy. 800% damage instead if this is the first time this skill has been used while on the battlefield. This attack ignores effects of non-boss enemies that would prevent the target from being defeated. Usable if the user has the Burn status effect.",
    "Active Skill 4": "Rising Dragon",
    "Active Skill 4 Description": "Grants all enemies the Burn status effect. This will overwrite other status effects on those units. Pulls the user away from the battlefield to be next in line of your reinforcements. If there are no ally reinforcements, adds enough Super Himoris to the ally team to still pull the user away to reinforcements (max 4 if the user is alone on the battlefield). Usable if the user has defeated 1+ units with attacks while on the battlefield.",
    "Passive Skill 1": "Dragon's Focus",
    "Passive Skill 1 Description": "This unit cannot be defeated by damage from Burn status effects, and cannot be Stunned. If this unit is burning, this unit has Hold Ground (if this unit would be defeated by an enemy attack or a status effect while having more than 1 HP, it instead survives with 1 HP).\n\nAdd a Super Himori to the end of allied reinforcements whenever:\n- this unit defeats any number of enemies with an attack while on the battlefield.\n- a non-conjured Fire ally on the battlefield is defeated or sacrificed by any source.\n\nWhenever a Himori ally on the battlefield is defeated or sacrificed by any source (even if Ephemeral), a random burning enemy is Stunned for 100TU. Whenever an ally Himori enters the battlefield from reinforcements, stun a random enemy for 50TU.",
    "Passive Skill 2": "Burning Thunder",
    "Passive Skill 2 Description": "This unit enters battle with the Mega Healing Burn status effect for 100TU, and has 80% damage reduction from attacks until it damages an enemy with an attack while on the battlefield.\n\nStun a random burning enemy for 50TU. This effect triggers once for each burning unit on the battlefield when this unit enters the battlefield from allied reinforcements.\n\nA unit with Mega Healing Burn will heal after each turn at 20 times the rate as Healing Burn. This will overwrite other status effects on the unit, cannot be overwritten by Burn, Poison or Sleep status effects, and cannot be Purified. Any unit that deals damage to or is dealt damage by a unit with Mega Healing Burn will gain the Burn status effect. A unit with Mega Healing Burn will be granted Healing Burn for 300TU when Mega Healing Burn expires.",
    "Passive Skill 3": "Attack Up Lv3",
    "Passive Skill 3 Description": "Adds 300 to this unit's Attack.",
    "Passive Skill 4": "HP Up Lv3",
    "Passive Skill 4 Description Description": "Adds 1200 to this unit's max HP.",
    "Passive Skill 5": "Fire Resist Lv3",
    "Passive Skill 5 Description": "10% less damage from attacks by Fire units.",
    "Passive Skill 6 Description": "Mace Mastery",
    "Passive Skill 6": "Can use weapon skills of Maces in addition to their original preferred weapon type."
  },
  {
    "quickview-portrait-image src": "https://evertaletoolbox2.runasp.net/files/images/monsters/small/SatanRegular02_2.png",
    "Name": "Satan",
    "Title": "Petite Demon Overlord",
    "icon36 src": "https://evertaletoolbox2.runasp.net/files/ui/app/RarityIconSsr01.png",
    "icon10 src": "https://evertaletoolbox2.runasp.net/files/ui/rarity/IconRainbowStar01.png",
    "icon36 src (2)": "https://evertaletoolbox2.runasp.net/files/ui/elements/Fire.png",
    "Cost": "34",
    "Attack": "1,468",
    "HP": "7,080",
    "SPD": "394",
    "icon36 src (3)": "https://evertaletoolbox2.runasp.net/files/ui/weapons/Spear.png",
    "Leader Skill": "Fire Attack Up",
    "Leader Skill Description": "Allied Fire element units have their Attack increased by 15%.",
    "Active Skill 1": "Demon Hellball",
    "Active Skill 1 Description": "200% damage to 1 enemy, plus 200% for each Charge stored on the user (max of 800% total damage). This attack heals the user for 100% of total damage dealt, ignores the Counter Stance Status Effect, and the effects of Skin passive skills.\n\nThe user and target are both granted the Burn status effect. This will overwrite other status effects on those units. Any unit that deals damage to or is dealt damage by a unit with burn will also become burned.\n\nStuns for 50TU one other non-water, burning enemy per Charge stored on the user (max of 3 targets).",
    "Active Skill 2": "Mass Dismissal",
    "Active Skill 2 Description": "Immediately defeats all conjured, non-boss units on both sides of the battlefield. Allies gain 2 Spirit and the enemy team loses 2 Spirit for each unit defeated in this way. The user is considered to have defeated with attacks as many units as are defeated this way (even if they were Ephemeral). This effect ignores Revenge passive skills, Revival passive skills, and any passive skills or effects of active skills that would prevent the targets from being defeated. This skill becomes locked for 150TU after use.",
    "Active Skill 3": "Devil's Fury",
    "Active Skill 3 Description": "200% damage to 2 enemies, plus 200% for each Charge stored on the user (max of 800% damage). This attack ignores the Stealth status effect, and effects of non-boss enemies that would prevent the targets from being defeated. The user gains the Mega Healing Burn status effect for 100TU.\n\nUsable if the user has defeated 1+ units with attacks while on the battlefield or if all enemy units on the battlefield are Fire or have Burn Blast, or Burn Drive type active skills. A unit with Mega Healing Burn will heal after each turn at 20 times the rate as Healing Burn. This will overwrite other status effects on the user, cannot be overwritten by Burn, Poison or Sleep status effects, and cannot be Purified. Any unit that deals damage to or is dealt damage by a unit with Mega Healing Burn will gain the Burn status effect. A unit with Mega Healing Burn will be granted Healing Burn for 300TU when Mega Healing Burn expires.",
    "Active Skill 4": "Deal with the Devil",
    "Active Skill 4 Description": "Enrages 1 other ally, grants them the burn status effect, and immediately gives them the next turn by reducing their current TU to 0. Active skills that grant turns cannot be used on turns given by this skill. This skill locks after use, and unlocks when this unit damages an enemy with an attack. This is not considered a Combo Burst type active skill.\n\nThis will overwrite the effects of previous Enrage skills. Enraged units have their Attack increased to 1.5x until the end of their next turn.",
    "Passive Skill 1": "Ruler of the Damned",
    "Passive Skill 1 Description": "This unit cannot be defeated by damage from Burn status effects. This unit is not affected by stun effects and cannot be sent to the reinforcements from the battlefield. This unit enters battle with the Mega Healing Burn status effect for 100TU and an Instant Death Ward. An Instant Death Ward prevents this unit from being immediately defeated without damage by a non-boss enemy once, then is removed. Instant Death Wards cannot be ignored and cannot stack.\n\nIf all units on the battlefield are Fire or have Burn Blast, or Burn Drive type active skills, this unit has a 50% bonus to attacks.\n\nWhenever a Fire ally on the battlefield is defeated or sacrificed by any source:\n\n- All allies become Enraged.\n- All enemies are granted the Burn status effect and become Weakened. Weakened units have their Attack reduced to 0.75x until the end of their next turn. This will overwrite any existing Weak or Enrage effects on the target and can be overwritten by Enrage effects. The effect of Weakening may be diminished if the affected unit's Attack is increased by other effects.",
    "Passive Skill 2": "Infernal Charges",
    "Passive Skill 2 Description": "This unit enters battle with 2 Charges. Certain skills are affected by and may consume charges. A unit can store a maximum of 3 charges, and all charges are removed from a unit that leaves the battlefield.\n\nIf this unit would be defeated, it instead survives with 1 HP and then cannot be defeated until its next turn. This effect ends after triggering once each time this unit enters the battlefield. Whenever this unit defeats any number of units with an attack, this unit is healed for 100% of its max HP, gains a Charge and this Hold Ground+ effect is reset so it can trigger again.\n\nWhen this unit has:\n- 1+ Charges stored at the start of this unit's turn, it will quicken all burning allies by 30% at the end of its turn. This will overwrite the effects of other Quicken skills.\n- 2+ Charges stored, this unit has 50% damage reduction from attacks.\n- 3 Charges stored, this unit will ignore attacks that would damage exactly 2 targets. Attacks that target All allies will not be ignored.\n\nWhenever a non-conjured ally on the battlefield is defeated or sacrificed by any source, this unit loses 1 Charge.",
    "Passive Skill 3": "HP Up Lv3",
    "Passive Skill 3 Description": "Adds 1200 to this unit's max HP.",
    "Passive Skill 4": "Attack Up Lv3",
    "Passive Skill 4 Description Description": "Adds 300 to this unit's Attack.",
    "Passive Skill 5": "Earth Resist Lv3",
    "Passive Skill 5 Description": "10% less damage from attacks by Earth units.",
    "Passive Skill 6 Description": "Greatsword Mastery",
    "Passive Skill 6": "Can use weapon skills of Greatswords in addition to their original preferred weapon type."
  },
  {
    "quickview-portrait-image src": "https://evertaletoolbox2.runasp.net/files/images/monsters/small/DaVinciRegular02_2.png",
    "Name": "Da Vinci",
    "Title": "Inventor Extraordinaire",
    "icon36 src": "https://evertaletoolbox2.runasp.net/files/ui/app/RarityIconSsr01.png",
    "icon10 src": "https://evertaletoolbox2.runasp.net/files/ui/rarity/IconRainbowStar01.png",
    "icon36 src (2)": "https://evertaletoolbox2.runasp.net/files/ui/elements/Light.png",
    "Cost": "34",
    "Attack": "1,253",
    "HP": "8,155",
    "SPD": "522",
    "icon36 src (3)": "https://evertaletoolbox2.runasp.net/files/ui/weapons/Mace.png",
    "Leader Skill": "Light HP Up",
    "Leader Skill Description": "Allied Light element units have their max HP increased by 10%.",
    "Active Skill 1": "Star Sweep",
    "Active Skill 1 Description": "250% damage to all enemies and heals the user for 100% of total damage dealt. This attack ignores damage reduction effects, skin passive skills and the Counter Stance status effect. Damage from this attack does not wake up sleeping enemies. Steals up to 1 Spirit from enemies for each enemy hit.",
    "Active Skill 2": "Cosmic Cannon",
    "Active Skill 2 Description": "Consumes a Power Charge. 400% damage to 1 enemy, and then grants that enemy the Sleep status effect for 200TU, even if they have already slept while on the battlefield. This attack ignores damage reduction effects. Sleep will overwrite other status effects on that enemy. Usable only if the user has a Power Charge.\n\nIf damage from this attack defeats a non-conjured enemy, another random non-boss, non-Ephemeral enemy on the battlefield will be immediately defeated (the user is considered to have defeated that enemy with an attack). This secondary effect ignores Revenge passive skills, Revival passive skills, and any passive skills or effects of active skills that would prevent the random enemy from being defeated.",
    "Active Skill 3": "Astral Ascension",
    "Active Skill 3 Description": "600% damage to 2 enemies, the user is granted Recovery Mist for 100TU and cannot be Stunned for 100TU. Damage from this attack does not wake up sleeping enemies. If damage is dealt to 2 targets, the user will immediately get the next turn by having its TU reduced to 0. Usable if the user has defeated 2+ units with attacks while on the battlefield. This skill becomes locked for 100TU after use.\n\nA unit with Recovery Mist will heal for 5% of their max HP and have a 30% chance to be Purified after every turn. Recovery Mist effects do not stack.",
    "Active Skill 4": "Grand Design",
    "Active Skill 4 Description": "Heals all allies for 500% of the user's attack. The user is granted a Power Charge.\n\nThe user gains one of the following effects at random:\n- The user's next attack to hit while on the battlefield ignores effects of non-boss enemies that would prevent the target(s) from being defeated.\n- The user's next attack to hit while on the battlefield immediately gives the user the next turn by reducing their current TU to 0. Effects that influence TU order may interrupt the extra turn (e.g. Stuns targeting the lowest TU target).\n\nUsable only if the user has no Power Charge. Power Charges can be consumed by certain skills to activate or enhance their effects. Power Charges will be removed if this unit leaves the battlefield. Power Charges cannot stack.",
    "Passive Skill 1": "Master Inventor",
    "Passive Skill 1 Description": "If this unit would be defeated, it instead survives with 1 HP, then until its next turn:\n- this unit cannot be defeated or Stunned\n- this unit heals for 10% of max HP at the end of every turn.\nThis is a Hold Ground+ effect, and ends after triggering once each time this unit enters the battlefield.\n\nWhenever this unit defeats an enemy with an attack, this unit is healed for 100% of its max HP and this Hold Ground+ effect is reset so it can trigger again.\n\nWhen another non-conjured ally on the battlefield is defeated or sacrificed by any source, all allies gain the Armor status effect, heal for 30% of max HP and become Enraged. This may not trigger if this unit is defeated or sacrificed at the same time. This will overwrite other status effects and the effects of other Enrage skills on those units. Enraged units have their Attack increased to 1.5x until the end of their next turn. Armor grants 50% damage reduction from the next attack, then Armor is removed.",
    "Passive Skill 2": "Adaptive Assault",
    "Passive Skill 2 Description": "This unit cannot be sent to the reinforcements from the battlefield. Whenever an enemy on the battlefield is defeated or sacrificed by any source, this unit is Purified (negative status effects like sleep, burn or poison are removed) and loses a Power Charge.\n\nWhen this unit defeats an enemy with an attack, if they are:\n- Water, this unit gains Sleep Immunity and all other allies gain Sleep Wards.\n- Fire, this unit gains Burn Immunity and all other allies gain Burn Wards.\n- Storm, this unit gains Stun Immunity and all other allies gain Stun Wards.\n- Earth, this unit gains Poison Immunity and all other allies gain Poison Wards.\n\nEach Ward prevents their named effect from being applied once, then is removed. Identical Wards cannot stack.",
    "Passive Skill 3": "Attack Up Lv3",
    "Passive Skill 3 Description": "Adds 300 to this unit's Attack.",
    "Passive Skill 4": "HP Up Lv3",
    "Passive Skill 4 Description Description": "Adds 1200 to this unit's max HP.",
    "Passive Skill 5": "Water Resist Lv3",
    "Passive Skill 5 Description": "10% less damage from attacks by Water units.",
    "Passive Skill 6 Description": "Staff Mastery",
    "Passive Skill 6": "Can use weapon skills of Staffs in addition to their original preferred weapon type."
  },
  {
    "quickview-portrait-image src": "https://evertaletoolbox2.runasp.net/files/images/monsters/small/KojiroRegular02_2.png",
    "Name": "Kojiro",
    "Title": "Wandering Swordmaster",
    "icon36 src": "https://evertaletoolbox2.runasp.net/files/ui/app/RarityIconSsr01.png",
    "icon10 src": "https://evertaletoolbox2.runasp.net/files/ui/rarity/IconRainbowStar01.png",
    "icon36 src (2)": "https://evertaletoolbox2.runasp.net/files/ui/elements/Light.png",
    "Cost": "34",
    "Attack": "1,343",
    "HP": "7,705",
    "SPD": "415",
    "icon36 src (3)": "https://evertaletoolbox2.runasp.net/files/ui/weapons/Katana.png",
    "Leader Skill": "Light ATK & HP Up",
    "Leader Skill Description": "Allied Light element units have their Attack increased by 10% and max HP increased by 7%.",
    "Active Skill 1": "Clean Strike",
    "Active Skill 1 Description": "100% damage to 1 enemy. 600% damage instead and this unit will immediately get the next turn if this is the first time this skill has been used while on the battlefield or if this unit has used Sakura Storm since this skill was last used. This attack ignores damage reduction effects, skin passive skills and the Counter Stance status effect.",
    "Active Skill 2": "Sakura Storm",
    "Active Skill 2 Description": "200% damage to all enemies, plus 100% for each Charge stored on the user (max of 500% total damage). This attack ignores any effects of non-boss enemies that would prevent the targets from being defeated, the Counter Stance Status Effect, and the effects of Skin passive skills.",
    "Active Skill 3": "Healing Blossom",
    "Active Skill 3 Description": "Heals the user fully, and Purifies them (removes negative status effects like sleep, burn or poison). The user is granted a Sleep Ward, Stun Ward, Poison Ward, and will Endure the next damage that would defeat it with 1HP. This skill becomes locked for 50TU after use. If the user has defeated 1+ units with attacks while on the battlefield, this skill becomes locked for 100TU after use instead.\n\nEndure effects cannot stack. Each Ward prevents their named effect from being applied once, then is removed. Identical Wards cannot stack.",
    "Active Skill 4": "Swallow's Flight",
    "Active Skill 4 Description": "Immediately defeats 1 non-boss enemy that has survived for 200TU or more on the battlefield, the user is considered to have defeated the target with an attack if successful. This effect ignores Revenge passive skills, Revival passive skills, any passive skills or effects of active skills that would prevent the target from being defeated, and cannot be redirected by Guardians. Usable if the user has 2+ Charges stored and only 3 times per battle. Consumes 2 Charges on the user.",
    "Passive Skill 1": "Legendary Resolve",
    "Passive Skill 1 Description": "This unit enters battle with a Poison Ward, Sleep Ward, Stun Ward, Endure and Counter Stance for 300TU. Counter Stance will overwrite status effects on this unit. The next time the unit with counter stance takes damage from an enemy attack, it will become their turn.\n\nThis unit has 80% damage reduction from attacks. This reduction is lowered by 10% for each enemy this unit has defeated with an attack while on the battlefield (to a minimum of 50% after defeating 3+ enemies).\n\nWhen this unit defeats any number of non-conjured enemies with an attack while on the battlefield:\n\n- this unit gains a Charge. Certain skills are affected by and may consume charges. A unit can store a maximum of 3 charges, and all charges are removed from a unit that leaves the battlefield.\n- this unit gains Recovery Mist for 100TU. Recovery Mist effects do not stack. A unit with Recovery Mist will heal for 5% of their max HP and have a 30% chance to be Purified after every turn.\n- all allies are Purified (negative status effects like sleep, burn or poison are removed).\n- another random ally is given the next turn by reducing their current TU to 0. Effects that influence TU order may interrupt the extra turn (e.g. Stuns targeting the lowest TU target).",
    "Passive Skill 2": "Killer Focus",
    "Passive Skill 2 Description": "This unit cannot be sent to the reinforcements from the battlefield. This unit cannot be Stunned until it has defeated 1 enemy with an attack while on the battlefield.\n\nThis unit has 25% reduction to TU Costs if it has defeated 1 enemy with an attack while on the battlefield. This increases by 25% per additional enemy defeated, up to 75% max TU Cost reduction after this unit has defeated 3+ enemies.\n\nEach time this unit takes damage from an attack and survives until after the end of the turn, this unit will be granted Counter Stance for 300TU, and heal for 30% of its max HP.",
    "Passive Skill 3": "HP Up Lv3",
    "Passive Skill 3 Description": "Adds 1200 to this unit's max HP.",
    "Passive Skill 4": "Attack Up Lv3",
    "Passive Skill 4 Description Description": "Adds 300 to this unit's Attack.",
    "Passive Skill 5": "Fire Resist Lv3",
    "Passive Skill 5 Description": "10% less damage from attacks by Fire units.",
    "Passive Skill 6 Description": "Greatsword Mastery",
    "Passive Skill 6": "Can use weapon skills of Greatswords in addition to their original preferred weapon type."
  },
  {
    "quickview-portrait-image src": "https://evertaletoolbox2.runasp.net/files/images/monsters/small/GoemonRegularClone02_2.png",
    "Name": "Shadow Double",
    "Title": "Legendary Thief's Backup",
    "icon36 src": "https://evertaletoolbox2.runasp.net/files/ui/app/RarityIconSsr01.png",
    "icon10 src": "https://evertaletoolbox2.runasp.net/files/ui/rarity/IconRainbowStar01.png",
    "icon36 src (2)": "https://evertaletoolbox2.runasp.net/files/ui/elements/Dark.png",
    "Cost": "34",
    "Attack": "1,221",
    "HP": "8,315",
    "SPD": "777",
    "icon36 src (3)": "https://evertaletoolbox2.runasp.net/files/ui/weapons/Mace.png",
    "Active Skill 1": "Fireworks",
    "Active Skill 1 Description": "50% damage to all enemies. This attack ignores any enemy status effects (including Stealth), damage reduction effects, revenge passive skills, and skin passive skills. Damage from this attack does not wake up sleeping enemies. All enemies hit by this attack will become Weakened, this will overwrite any existing Weak or Enrage effects on those units.\n\nAdds a Shadow Double to the next in line of allied reinforcements if a Shadow Double is not next in line in allied reinforcements. This Shadow Double's Level, Limit Breaks, Awakenings, Boosts, Potential, Mastery, Weapon, and Accessory will match the user. Then if 4 allies were already on the battlefield, the user exchanges themselves with the next unit in allied reinforcements. Usable if this unit's active skill Assassinate is locked.\n\nWeakened units have their Attack reduced to 0.75x until the end of their next turn. The effect of Weakening may be diminished if the affected unit's Attack is increased by other effects and it can be overwritten by Enrage effects.",
    "Active Skill 2": "Stealth Flank",
    "Active Skill 2 Description": "400% damage to 1 enemy, and immediately gives 1 other random ally with a Stealth Strike type active skill the next turn by reducing their current TU to 0. Usable only if the user has the Stealth status effect. This attack ignores any enemy status effects, damage reduction effects, revenge passive skills, and skin passive skills. This skill becomes locked for 50TU after use.\n\nStealth Strike type active skills are any skills that are unlocked while their user has Stealth.",
    "Active Skill 3": "Assassinate",
    "Active Skill 3 Description": "500% damage to 1 enemy. Then, if that target is not burning, they are granted Lethal Poison for 999TU. This attack ignores any effects of non-boss enemies that would prevent the target from being defeated. Unlocked each time the user enters the battle from reinforcements. This skill is locked again after each use.\n\nLethal Poison will overwrite other status effects on that enemy, cannot be overwritten by status effects other than Burn or Stealth, and cannot be Purified. Lethal Poison deals 2 times the damage of normal Poison and ignores passive skills or effects of active skills that would prevent the target from being defeated, other than those which specifically prevent defeat from Poison or non-attack damage. Lethal Poison cannot apply to Burning units or Boss units.",
    "Active Skill 4": "Master Thief",
    "Active Skill 4 Description": "When this unit enters battle whether at the start of battle or from reinforcements:\n- This unit gains Stealth, a Stealth Shield and will Endure the next damage that would defeat it with 1HP. Endure effects cannot stack.\n- Other allies on the battlefield with Stealth Strike type active skills are Quickened by 30%. This will overwrite the effects of other Quicken effects on those allies. Other effects that further reduce TU will have diminishing returns while this TU Cost reduction is in effect.\n\nWhen this unit enters the battlefield from allied reinforcements, it grants all non-sleeping enemies the Super Poison status effect.\n\nAt the end of each of this unit's turns, if this unit is not-sleeping, it will be granted Stealth and a Stealth Shield.\n\nSuper Poison will overwrite other status effects on those enemies. Super Poison deals 4 times the damage of normal poison, and cannot be overwritten by normal poison. Stealth will overwrite other Status effects on this unit. Stealth Shields prevent the next other status effect a unit would gain while Stealthed from applying. Stealthed units ignore the next enemy attack that would damage more than 1 target. Any damage will remove stealth.",
    "Passive Skill 1": "Ephemeral",
    "Passive Skill 1 Description": "This unit is never considered to be defeated by attacks and does not trigger any skills of other units whenever it is defeated or sacrificed by any source while on the battlefield.\n\nThis unit will be fully healed after each turn if it takes damage but is not defeated. This unit will be defeated after any ally or enemy turn if this unit has any of the Burn, Super Poison, or Mega Poison status effects.\n\nDamage dealt to this unit is increased to 2.5 times the normal amount.",
    "Passive Skill 2": "Attack Up Lv3",
    "Passive Skill 2 Description": "Adds 300 to this unit's Attack.",
    "Passive Skill 3": "HP Up Lv3",
    "Passive Skill 3 Description": "Adds 1200 to this unit's max HP.",
    "Passive Skill 4": "Stun Resist Lv3",
    "Passive Skill 4 Description Description": "Reduces the amount of any stun effects against this unit by 20TU.",
    "Passive Skill 5": "Axe Mastery",
    "Passive Skill 5 Description": "Can use weapon skills of Axes in addition to their original preferred weapon type."
  },
  {
    "quickview-portrait-image src": "https://evertaletoolbox2.runasp.net/files/images/monsters/small/GoemonRegular02_2.png",
    "Name": "Goemon",
    "Title": "Legendary Thief",
    "icon36 src": "https://evertaletoolbox2.runasp.net/files/ui/app/RarityIconSsr01.png",
    "icon10 src": "https://evertaletoolbox2.runasp.net/files/ui/rarity/IconRainbowStar01.png",
    "icon36 src (2)": "https://evertaletoolbox2.runasp.net/files/ui/elements/Dark.png",
    "Cost": "34",
    "Attack": "1,221",
    "HP": "8,315",
    "SPD": "777",
    "icon36 src (3)": "https://evertaletoolbox2.runasp.net/files/ui/weapons/Mace.png",
    "Leader Skill": "Dark Attack Up",
    "Leader Skill Description": "Allied Dark element units have their Attack increased by 15%.",
    "Active Skill 1": "Fireworks",
    "Active Skill 1 Description": "50% damage to all enemies. This attack ignores any enemy status effects (including Stealth), damage reduction effects, revenge passive skills, and skin passive skills. Damage from this attack does not wake up sleeping enemies. All enemies hit by this attack will become Weakened, this will overwrite any existing Weak or Enrage effects on those units.\n\nAdds a Shadow Double to the next in line of allied reinforcements if a Shadow Double is not next in line in allied reinforcements. This Shadow Double's Level, Limit Breaks, Awakenings, Boosts, Potential, Mastery, Weapon, and Accessory will match the user. Then if 4 allies were already on the battlefield, the user exchanges themselves with the next unit in allied reinforcements. Usable if this unit's active skill Assassinate is locked.\n\nWeakened units have their Attack reduced to 0.75x until the end of their next turn. The effect of Weakening may be diminished if the affected unit's Attack is increased by other effects and it can be overwritten by Enrage effects.",
    "Active Skill 2": "Stealth Flank",
    "Active Skill 2 Description": "400% damage to 1 enemy, and immediately gives 1 other random ally with a Stealth Strike type active skill the next turn by reducing their current TU to 0. Usable only if the user has the Stealth status effect. This attack ignores any enemy status effects, damage reduction effects, revenge passive skills, and skin passive skills. This skill becomes locked for 50TU after use.\n\nStealth Strike type active skills are any skills that are unlocked while their user has Stealth.",
    "Active Skill 3": "Assassinate",
    "Active Skill 3 Description": "500% damage to 1 enemy. Then, if that target is not burning, they are granted Lethal Poison for 999TU. This attack ignores any effects of non-boss enemies that would prevent the target from being defeated. Unlocked each time the user enters the battle from reinforcements. This skill is locked again after each use.\n\nLethal Poison will overwrite other status effects on that enemy, cannot be overwritten by status effects other than Burn or Stealth, and cannot be Purified. Lethal Poison deals 2 times the damage of normal Poison and ignores passive skills or effects of active skills that would prevent the target from being defeated, other than those which specifically prevent defeat from Poison or non-attack damage. Lethal Poison cannot apply to Burning units or Boss units.",
    "Active Skill 4": "Art of Cloning",
    "Active Skill 4 Description": "Adds a Shadow Double to the next in line of allied reinforcements, and adds another 6 Shadow Doubles to random places in allied reinforcements. These Shadow Doubles' Levels, Limit Breaks, Awakenings, Boosts, Potential, Mastery, Weapon, and Accessories will match the user.\n\nThen if 4 allies were already on the battlefield, the user sends themself to the back of allied reinforcements.\n\nUsable if the user has been on the battlefield since the very start of battle, or if there are no allied reinforcements. Cannot be used if there are any Shadow Doubles among allies on the battlefield or allied reinforcements.",
    "Passive Skill 1": "Master Thief",
    "Passive Skill 1 Description": "When this unit enters battle whether at the start of battle or from reinforcements:\n- This unit gains Stealth, a Stealth Shield and will Endure the next damage that would defeat it with 1HP. Endure effects cannot stack.\n- Other allies on the battlefield with Stealth Strike type active skills are Quickened by 30%. This will overwrite the effects of other Quicken effects on those allies. Other effects that further reduce TU will have diminishing returns while this TU Cost reduction is in effect.\n\nWhen this unit enters the battlefield from allied reinforcements, it grants all non-sleeping enemies the Super Poison status effect.\n\nAt the end of each of this unit's turns, if this unit is not-sleeping, it will be granted Stealth and a Stealth Shield.\n\nSuper Poison will overwrite other status effects on those enemies. Super Poison deals 4 times the damage of normal poison, and cannot be overwritten by normal poison. Stealth will overwrite other Status effects on this unit. Stealth Shields prevent the next other status effect a unit would gain while Stealthed from applying. Stealthed units ignore the next enemy attack that would damage more than 1 target. Any damage will remove stealth.",
    "Passive Skill 2": "Art of Invisibility",
    "Passive Skill 2 Description": "Each time this unit takes damage from an attack and survives until after the end of the turn, this unit will be granted Stealth, and will immediately get the turn by having its TU reduced to 0.\n\nWhen this unit enters the battlefield from allied reinforcements, it grants an ally with the lowest TU and a Stealth Strike type skill:\n\n- Stealth\n- a Stealth Shield\n- the next turn by reducing their current TU to 0.",
    "Passive Skill 3": "Attack Up Lv3",
    "Passive Skill 3 Description": "Adds 300 to this unit's Attack.",
    "Passive Skill 4": "HP Up Lv3",
    "Passive Skill 4 Description Description": "Adds 1200 to this unit's max HP.",
    "Passive Skill 5": "Stun Resist Lv3",
    "Passive Skill 5 Description": "Reduces the amount of any stun effects against this unit by 20TU.",
    "Passive Skill 6 Description": "Axe Mastery",
    "Passive Skill 6": "Can use weapon skills of Axes in addition to their original preferred weapon type."
  },
  {
    "quickview-portrait-image src": "https://evertaletoolbox2.runasp.net/files/images/monsters/small/GokuBride02_2.png",
    "Name": "Sun Wukong",
    "Title": "Celestial Bride",
    "icon36 src": "https://evertaletoolbox2.runasp.net/files/ui/app/RarityIconSsr01.png",
    "icon10 src": "https://evertaletoolbox2.runasp.net/files/ui/rarity/IconRainbowStar01.png",
    "icon36 src (2)": "https://evertaletoolbox2.runasp.net/files/ui/elements/Earth.png",
    "Cost": "34",
    "Attack": "1,399",
    "HP": "7,425",
    "SPD": "508",
    "icon36 src (3)": "https://evertaletoolbox2.runasp.net/files/ui/weapons/Hammer.png",
    "Leader Skill": "Earth HP Up",
    "Leader Skill Description": "Allied Earth element units have their max HP increased by 10%.",
    "Active Skill 1": "Cursed Bouquet",
    "Active Skill 1 Description": "Grants 1 non-burning enemy the Cursed Sleep status effect for 200TU, and the user is granted Stealth, and a Stealth Shield. Usable if the user does not have the Stealth status effect.\n\nCursed Sleep will overwrite status effects other than Burn, cannot be overwritten by Poison, can be applied repeatedly to units that have already slept while on the battlefield, and will not end from damage caused by Dream Hunter type active skills. Stealth will overwrite other Status effects on the user. Stealth Shields prevent the next other status effect a unit would gain while Stealthed from applying. Stealthed units ignore the next enemy attack that would damage more than 1 target. Any damage will remove stealth.",
    "Active Skill 2": "Stealth Rampage",
    "Active Skill 2 Description": "300% damage to 1 enemy. 500% damage instead if the user has defeated 1+ enemies with attacks while on the battlefield. This attack ignores any enemy status effects, damage reduction effects, revenge passive skills, and skin passive skills. Damage from this attack does not wake up sleeping enemies. Usable only if the user has the Stealth status effect.",
    "Active Skill 3": "Finishing Slam",
    "Active Skill 3 Description": "Targets 1 enemy. Deals 200% damage for each time the user has used Stealth Rampage while on the battlefield, up to 600% max after 3 uses. This attack ignores any effects of non-boss enemies that would prevent the target from being defeated. Unlocked each time the user uses Stealth Rampage. This skill is locked again after each use or if the user leaves the battlefield. This is not considered a Combo Burst type active skill.",
    "Active Skill 4": "Full Charge+",
    "Active Skill 4 Description": "Heals the user fully. The user is granted 3 Charges, and a Poison Ward. Usable only if the user has no Charges stored. This skill becomes locked for 100TU after use.\n\nCertain skills are affected by and may consume charges. A unit can store a maximum of 3 charges, and all charges are removed from a unit that leaves the battlefield.",
    "Passive Skill 1": "Clone Mastery",
    "Passive Skill 1 Description": "If this unit is not conjured, this unit enters battle with 3 Charges, and Counter Stance for 150TU. If this unit is conjured, this unit enters battle with 1 Charge and the Armor status effect.\n\nIf this unit is charged, not burning, and there are 2+ non-conjured allies on the battlefield, each time this unit takes damage from an attack and survives until after the end of the turn with less than 50% of max HP, this unit will spend a Charge to heal for 100% of max HP and add another Sun Wukong to the next in line of allied reinforcements.\n\nAdd another Sun Wukong to the next in line of allied reinforcements when this unit is defeated by an enemy attack. This effect triggers if this unit is not conjured and has a Charge. This is not considered a revenge passive skill.\n\nEach time this unit damages an enemy with an attack while charged, this unit will spend a charge to get another turn. This effect can trigger again against the same unit. Effects that influence TU order may interrupt the extra turn (e.g. Stuns targeting the lowest TU target).\n\nAll Sun Wukongs created by this unit will have matching Levels, Limit Breaks, Awakenings, Boosts, Potential, Mastery, Weapons, and Accessories. Counter Stance will overwrite status effects on this unit. The next time the unit with counter stance takes damage from an enemy attack, it will become their turn. Armor grants 50% damage reduction from the next attack, then the effect is removed.",
    "Passive Skill 2": "Heaven's Robe",
    "Passive Skill 2 Description": "If this unit would be defeated by an enemy attack or a status effect while having more than 1 HP, it instead survives with 1 HP.\n\nGrants all non-burning allies Stun Wards and Poison Wards. 1 random non-burning enemy is granted the Cursed Sleep status effect for 200TU. These effects are triggered when this unit enters the battlefield as a conjured unit. Each Ward prevents their named effect from being applied once, then is removed. Identical Wards cannot stack.\n\nWhenever this unit defeats a non-conjured enemy with an attack:\n\n- if charged, this unit spends a charge to add another Sun Wukong to the next in line of allied reinforcements.\n- this unit will grant the Cursed Sleep status effect for 200TU to the next enemy that enters the battlefield.",
    "Passive Skill 3": "HP Up Lv3",
    "Passive Skill 3 Description": "Adds 1200 to this unit's max HP.",
    "Passive Skill 4": "Attack Up Lv3",
    "Passive Skill 4 Description Description": "Adds 300 to this unit's Attack.",
    "Passive Skill 5": "Sleep Resist Lv3",
    "Passive Skill 5 Description": "Reduces the duration of any enemy sleep effects on this unit by 20TU.",
    "Passive Skill 6 Description": "Greatsword Mastery",
    "Passive Skill 6": "Can use weapon skills of Greatswords in addition to their original preferred weapon type."
  }
]