[
  {
    "quickview-portrait-image src": "https://evertaletoolbox2.runasp.net/files/images/monsters/small/ShannaRidingHood02_2.png",
    "Name": "Shanna",
    "Title": "Red Riding Hood, Dragon Slayer",
    "icon36 src": "https://evertaletoolbox2.runasp.net/files/ui/app/RarityIconSsr01.png",
    "icon10 src": "https://evertaletoolbox2.runasp.net/files/ui/rarity/IconRainbowStar01.png",
    "icon10 src (6)": "https://evertaletoolbox2.runasp.net/files/ui/rarity/IconRainbowStar01.png",
    "icon36 src (2)": "https://evertaletoolbox2.runasp.net/files/ui/elements/Fire.png",
    "Cost": "34",
    "Attack": "1,421",
    "HP": "7,315",
    "SPD": "298",
    "icon36 src (3)": "https://evertaletoolbox2.runasp.net/files/ui/weapons/GreatAxe.png",
    "Leader Skill": "Fire Attack Up",
    "Leader Skill Description": "Allied Fire element units have their Attack increased by 15%.",
    "Active Skill 1": "Ignition Attack",
    "Active Skill 1 Description": "Damage to 1 enemy. The user is then granted the Burn status effect. This will overwrite other status effects on the user. Any unit that deals damage to or is dealt damage by a unit with burn will also become burned.",
    "Active Skill 2": "Desperate Impact",
    "Active Skill 2 Description": "250% damage to 1 enemy. Usable only if the user's HP is at 50% or less.",
    "Active Skill 3": "Pain Inferno",
    "Active Skill 3 Description": "300% damage to 2 enemies and reduces the user's current HP by 30% of max. The user is then granted the Burn status effect. This will overwrite other status effects on the user. Any unit that deals damage to or is dealt damage by a unit with burn will also become burned.",
    "Active Skill 4": "Savage Drain",
    "Active Skill 4 Description": "500% damage to 1 enemy and heals the user for 50% of max HP if damage is dealt. Usable if the user has defeated 1+ units with attacks while on the battlefield.",
    "Passive Skill 1": "Burning Heart",
    "Passive Skill 1 Description": "If this unit would be defeated while it has the Burn status effect, it instead survives with 1 HP, then burn is removed from this unit.",
    "Passive Skill 2": "Desperate Armor",
    "Passive Skill 2 Description": "50% damage reduction from attacks if this unit's HP is at 75% or less. 75% damage reduction instead if this unit's HP is at 25% or less.",
    "Passive Skill 3": "Attack Up Lv3",
    "Passive Skill 3 Description": "Adds 300 to this unit's Attack.",
    "Passive Skill 4": "HP Up Lv3",
    "Passive Skill 4 Description Description": "Adds 1200 to this unit's max HP.",
    "Passive Skill 5": "Earth Resist Lv3",
    "Passive Skill 5 Description": "10% less damage from attacks by Earth units.",
    "Passive Skill 6 Description": "Spear Mastery",
    "Passive Skill 6": "Can use weapon skills of Spears in addition to their original preferred weapon type."
  },
  {
    "quickview-portrait-image src": "https://evertaletoolbox2.runasp.net/files/images/monsters/small/RizetteYoung02_2.png",
    "Name": "Young Rizette",
    "Title": "Pure Blue",
    "icon36 src": "https://evertaletoolbox2.runasp.net/files/ui/app/RarityIconSsr01.png",
    "icon10 src": "https://evertaletoolbox2.runasp.net/files/ui/rarity/IconRainbowStar01.png",
    "icon10 src (6)": "https://evertaletoolbox2.runasp.net/files/ui/rarity/IconRainbowStar01.png",
    "icon36 src (2)": "https://evertaletoolbox2.runasp.net/files/ui/elements/Storm.png",
    "Cost": "34",
    "Attack": "1,275",
    "HP": "8,045",
    "SPD": "380",
    "icon36 src (3)": "https://evertaletoolbox2.runasp.net/files/ui/weapons/Spear.png",
    "Leader Skill": "Storm Attack Up",
    "Leader Skill Description": "Allied Storm units have their Attack increased by 15%.",
    "Active Skill 1": "Swift Charge",
    "Active Skill 1 Description": "75% damage to 1 enemy and grants 1 Charge to the user. Certain skills are affected by and may consume charges. A unit can store a maximum of 3 charges, and all charges are removed from a unit that leaves the battlefield.",
    "Active Skill 2": "Purify Charge",
    "Active Skill 2 Description": "Removes negative status effects like sleep, burn or poison from 2 allies. Grants the user 1 Charge for each status effect removed by this skill. Certain skills are affected by and may consume charges. A unit can store a maximum of 3 charges, and all charges are removed from a unit that leaves the battlefield.",
    "Active Skill 3": "Charge Drain",
    "Active Skill 3 Description": "Targets 1 enemy and heals the user for 100% of total damage dealt. 300% damage for 1 Charge. 450% damage for 2 charges. 600% damage for 3 charges. Usable only if the user has stored at least one charge. Consumes all charges on the user.",
    "Active Skill 4": "Stun Flash",
    "Active Skill 4 Description": "Stuns 1 enemy for 100TU. This skill becomes locked for 200TU after use.",
    "Passive Skill 1": "Hold Ground",
    "Passive Skill 1 Description": "If this unit would be defeated by an enemy attack or a status effect while having more than 1 HP, it instead survives with 1 HP.",
    "Passive Skill 2": "Charge Armor",
    "Passive Skill 2 Description": "50% damage reduction from attacks while this unit has any Charges.",
    "Passive Skill 3": "Attack Up Lv3",
    "Passive Skill 3 Description": "Adds 300 to this unit's Attack.",
    "Passive Skill 4": "HP Up Lv3",
    "Passive Skill 4 Description Description": "Adds 1200 to this unit's max HP.",
    "Passive Skill 5": "G.axe Resist Lv3",
    "Passive Skill 5 Description": "10% less damage from attacks by units equipped with Greataxes.",
    "Passive Skill 6 Description": "Greataxe Mastery",
    "Passive Skill 6": "Can use weapon skills of Greataxes in addition to their original preferred weapon type."
  },
  {
    "quickview-portrait-image src": "https://evertaletoolbox2.runasp.net/files/images/monsters/small/ReiSwimsuitSummon02_2.png",
    "Name": "Beast Shikigami",
    "Title": "Wild Guardian",
    "icon36 src": "https://evertaletoolbox2.runasp.net/files/ui/app/RarityIconSsr01.png",
    "icon10 src": "https://evertaletoolbox2.runasp.net/files/ui/rarity/IconRainbowStar01.png",
    "icon10 src (6)": "https://evertaletoolbox2.runasp.net/files/ui/rarity/IconRainbowStar01.png",
    "icon36 src (2)": "https://evertaletoolbox2.runasp.net/files/ui/elements/Earth.png",
    "Cost": "0",
    "Attack": "1,511",
    "HP": "4,945",
    "SPD": "600",
    "icon36 src (3)": "https://evertaletoolbox2.runasp.net/files/ui/weapons/Hammer.png",
    "Active Skill 1": "Stealth Fury",
    "Active Skill 1 Description": "400% damage to 1 enemy. Usable if the user has the Stealth status effect. This attack ignores any enemy status effects, damage reduction effects, revenge passive skills, and skin passive skills.",
    "Active Skill 2": "Sleep",
    "Active Skill 2 Description": "Grants 1 enemy the Sleep status effect for 200TU. This will overwrite other status effects on that unit. Sleep cannot be applied to a unit that Has Slept while on the battlefield. Usable once each time this unit is on the battlefield.",
    "Active Skill 3": "Push Back",
    "Active Skill 3 Description": "Pushes 1 enemy away from the battlefield to be next in line of the enemy reinforcements. This skill can only be used if there are 1 or more enemy reinforcements left, and only once each time this unit is on the battlefield.",
    "Active Skill 4": "Primal Force",
    "Active Skill 4 Description": "500% damage to 1 enemy. Usable only if no other active skill is usable on the user's turn.",
    "Passive Skill 1": "Stealthy Entry",
    "Passive Skill 1 Description": "This unit gains the Stealth status effect. Triggered when this unit enters the battlefield from reinforcements. Stealthed units ignore the next enemy attack that would damage more than 1 target. Any damage will remove stealth.",
    "Passive Skill 2": "Spirit+ Revenge",
    "Passive Skill 2 Description": "Whenever this unit is defeated by an enemy, allies gain 2 Spirit.",
    "Passive Skill 3": "Attack Up Lv3",
    "Passive Skill 3 Description": "Adds 300 to this unit's Attack.",
    "Passive Skill 4": "HP Up Lv3",
    "Passive Skill 4 Description Description": "Adds 1200 to this unit's max HP.",
    "Passive Skill 5": "Axe Resist Lv3",
    "Passive Skill 5 Description": "10% less damage from attacks by units equipped with Axes.",
    "Passive Skill 6 Description": "Greatsword Mastery",
    "Passive Skill 6": "Can use weapon skills of Greatswords in addition to their original preferred weapon type."
  },
  {
    "quickview-portrait-image src": "https://evertaletoolbox2.runasp.net/files/images/monsters/small/ReiSwimsuit02_2.png",
    "Name": "Rei",
    "Title": "Sakura Onmyoji",
    "icon36 src": "https://evertaletoolbox2.runasp.net/files/ui/app/RarityIconSsr01.png",
    "icon10 src": "https://evertaletoolbox2.runasp.net/files/ui/rarity/IconRainbowStar01.png",
    "icon10 src (6)": "https://evertaletoolbox2.runasp.net/files/ui/rarity/IconRainbowStar01.png",
    "icon36 src (2)": "https://evertaletoolbox2.runasp.net/files/ui/elements/Earth.png",
    "Cost": "34",
    "Attack": "1,493",
    "HP": "6,946",
    "SPD": "305",
    "icon36 src (3)": "https://evertaletoolbox2.runasp.net/files/ui/weapons/Hammer.png",
    "Leader Skill": "Earth Attack Up",
    "Leader Skill Description": "Allied Earth element units have their Attack increased by 15%.",
    "Active Skill 1": "Swift Stealth",
    "Active Skill 1 Description": "75% damage to 1 enemy. The user is also granted the Stealth status effect. This will overwrite other status effects on the user. Stealthed units ignore the next enemy attack that would damage more than 1 target. Any damage will remove stealth.",
    "Active Skill 2": "Desperate Strike",
    "Active Skill 2 Description": "300% damage to 2 enemies. Usable only if the user's HP is at 50% or less. 400% damage if the user's HP is at 25% or less.",
    "Active Skill 3": "Call Shikigami",
    "Active Skill 3 Description": "Adds a Beast Shikigami next in line of allied reinforcements, then exchanges 1 other ally with it if there are already 4 allies on the battlefield. The Beast Shikigami's Level, Limit Breaks, Awakenings, Boosts, Potential, Mastery, Weapon and Accessory will match the user. Usable only if there is at least 1 other ally on the battlefield, and there is not already an ally Beast Shikigami on the battlefield or in allied reinforcements.",
    "Active Skill 4": "Shikigami Strike",
    "Active Skill 4 Description": "300% damage to 1 enemy. 500% damage if a Beast Shikigami ally on the battlefield has defeated 1+ units with attacks while on the battlefield. Usable only if there is a Beast Shikigami ally on the battlefield.",
    "Passive Skill 1": "Stealthy Dawn",
    "Passive Skill 1 Description": "This unit gains the Stealth status effect. Triggered at the very start of the battle if this unit is on the battlefield. Stealthed units ignore the next enemy attack that would damage more than 1 target. Any damage will remove stealth.",
    "Passive Skill 2": "Hold Ground",
    "Passive Skill 2 Description": "If this unit would be defeated by an enemy attack or a status effect while having more than 1 HP, it instead survives with 1 HP.",
    "Passive Skill 3": "Attack Up Lv3",
    "Passive Skill 3 Description": "Adds 300 to this unit's Attack.",
    "Passive Skill 4": "HP Up Lv3",
    "Passive Skill 4 Description Description": "Adds 1200 to this unit's max HP.",
    "Passive Skill 5": "Sword Resist Lv3",
    "Passive Skill 5 Description": "10% less damage from attacks by units equipped with Swords.",
    "Passive Skill 6 Description": "Greatsword Mastery",
    "Passive Skill 6": "Can use weapon skills of Greatswords in addition to their original preferred weapon type."
  },
  {
    "quickview-portrait-image src": "https://evertaletoolbox2.runasp.net/files/images/monsters/small/DeadlyNurse02_2.png",
    "Name": "Reina",
    "Title": "Deadly Nurse",
    "icon36 src": "https://evertaletoolbox2.runasp.net/files/ui/app/RarityIconSsr01.png",
    "icon10 src": "https://evertaletoolbox2.runasp.net/files/ui/rarity/IconRainbowStar01.png",
    "icon10 src (6)": "https://evertaletoolbox2.runasp.net/files/ui/rarity/IconRainbowStar01.png",
    "icon36 src (2)": "https://evertaletoolbox2.runasp.net/files/ui/elements/Earth.png",
    "Cost": "34",
    "Attack": "1,558",
    "HP": "6,630",
    "SPD": "493",
    "icon36 src (3)": "https://evertaletoolbox2.runasp.net/files/ui/weapons/Axe.png",
    "Leader Skill": "Quicken Earth",
    "Leader Skill Description": "Earth allies have the TU costs for all of their skills reduced by 20% when they enter the battlefield at the start of battle or from reinforcements. This will overwrite the effect of previous Quicken skills.",
    "Active Skill 1": "Poison Random",
    "Active Skill 1 Description": "Grants the Poison status effect to 1 random enemy. This will overwrite other status effects on that unit.",
    "Active Skill 2": "Poison Drain",
    "Active Skill 2 Description": "400% damage to 1 enemy if they are poisoned. Heals the user for 50% of max HP if the target is poisoned.",
    "Active Skill 3": "Grant Stun Absorb",
    "Active Skill 3 Description": "Grants Stun Absorb to 1 other ally. While that ally has stun absorb, whenever another ally would be affected by stun, the ally with stun absorb takes the stun instead. Cannot be used if an ally already has Stun Absorb. This effect will fail if the target has any stun immunity or resistance skills, or a passive skill with the Hold Ground+ effect.",
    "Active Skill 4": "Tribute Bomb",
    "Active Skill 4 Description": "Sacrifices 1 other ally with the highest current TU for 600% damage to 2 enemies. Locked for 150TU after the user enters the battlefield. Usable once per battle.",
    "Passive Skill 1": "Vigor Armor",
    "Passive Skill 1 Description": "50% less attack damage taken by the user while at max HP.",
    "Passive Skill 2": "Mega Poison Revenge",
    "Passive Skill 2 Description": "Whenever this unit is defeated by an enemy, that enemy gains the Mega Poison status effect for 200TU. Mega Poison deals 20 times the damage of normal Poison and cannot be overwritten by normal Poison or Super Poison. This will overwrite other status effects on that unit.",
    "Passive Skill 3": "Attack Up Lv3",
    "Passive Skill 3 Description": "Adds 300 to this unit's Attack.",
    "Passive Skill 4": "Hammer Hunter Lv3",
    "Passive Skill 4 Description Description": "10% bonus to attacks against units equipped with Hammers.",
    "Passive Skill 5": "HP Up Lv3",
    "Passive Skill 5 Description": "Adds 1200 to this unit's max HP.",
    "Passive Skill 6 Description": "Staff Mastery",
    "Passive Skill 6": "Can use weapon skills of Staffs in addition to their original preferred weapon type."
  },
  {
    "quickview-portrait-image src": "https://evertaletoolbox2.runasp.net/files/images/monsters/small/MechaSister02_2.png",
    "Name": "Anya",
    "Title": "The Lost Von Draclow",
    "icon36 src": "https://evertaletoolbox2.runasp.net/files/ui/app/RarityIconSsr01.png",
    "icon10 src": "https://evertaletoolbox2.runasp.net/files/ui/rarity/IconRainbowStar01.png",
    "icon10 src (6)": "https://evertaletoolbox2.runasp.net/files/ui/rarity/IconRainbowStar01.png",
    "icon36 src (2)": "https://evertaletoolbox2.runasp.net/files/ui/elements/Storm.png",
    "Cost": "34",
    "Attack": "1,239",
    "HP": "8,225",
    "SPD": "283",
    "icon36 src (3)": "https://evertaletoolbox2.runasp.net/files/ui/weapons/Hammer.png",
    "Leader Skill": "Storm ATK & HP Up",
    "Leader Skill Description": "Allied Storm element units have their Attack increased by 10% and max HP increased by 7%.",
    "Active Skill 1": "Swift Strike",
    "Active Skill 1 Description": "75% damage to 1 enemy and allies gain 1 Spirit.",
    "Active Skill 2": "Guardian Mode",
    "Active Skill 2 Description": "For 50TU, the user becomes a Guardian and gains 50% damage reduction from attacks. Any negative status effects like burn or poison are also removed from the user. For any enemy attack that would hit 1 or 2 other allies while this unit is a Guardian, 1 of the hits is instead redirected to this unit. This unit will not redirect skills that don't deal damage. Usable only if this unit is not already a Guardian.",
    "Active Skill 3": "Retribution Drain",
    "Active Skill 3 Description": "300% damage to 1 enemy, and the user recovers HP by 30% of its own max HP. 500% damage and 50% HP recovered instead if the user's HP is at 25% or less. Unlocked each time this unit is damaged by an attack while it is a Guardian. This skill is locked again after each use or if the user leaves the battlefield.",
    "Active Skill 4": "Savage Force",
    "Active Skill 4 Description": "500% damage to 2 enemies. Usable only if the user has defeated 1+ units with attacks while on the battlefield.",
    "Passive Skill 1": "Hold Ground",
    "Passive Skill 1 Description": "If this unit would be defeated by an enemy attack or a status effect while having more than 1 HP, it instead survives with 1 HP.",
    "Passive Skill 2": "Auto Barrier",
    "Passive Skill 2 Description": "Grants all allies 35% damage reduction from attacks while this unit is on the battlefield and there is no Guardian among allies. This effect does not stack with itself if another ally has this passive skill, or with other Barrier type skills.",
    "Passive Skill 3": "Storm Resist Lv3",
    "Passive Skill 3 Description": "10% less damage from attacks by Storm units.",
    "Passive Skill 4": "HP Up Lv3",
    "Passive Skill 4 Description Description": "Adds 1200 to this unit's max HP.",
    "Passive Skill 5": "Attack Up Lv3",
    "Passive Skill 5 Description": "Adds 300 to this unit's Attack.",
    "Passive Skill 6 Description": "Spear Mastery",
    "Passive Skill 6": "Can use weapon skills of Spears in addition to their original preferred weapon type."
  },
  {
    "quickview-portrait-image src": "https://evertaletoolbox2.runasp.net/files/images/monsters/small/AntaresModern02_2.png",
    "Name": "Antares",
    "Title": "Thunderhearted Heroine",
    "icon36 src": "https://evertaletoolbox2.runasp.net/files/ui/app/RarityIconSsr01.png",
    "icon10 src": "https://evertaletoolbox2.runasp.net/files/ui/rarity/IconRainbowStar01.png",
    "icon10 src (6)": "https://evertaletoolbox2.runasp.net/files/ui/rarity/IconRainbowStar01.png",
    "icon36 src (2)": "https://evertaletoolbox2.runasp.net/files/ui/elements/Storm.png",
    "Cost": "34",
    "Attack": "1,416",
    "HP": "7,340",
    "SPD": "362",
    "icon36 src (3)": "https://evertaletoolbox2.runasp.net/files/ui/weapons/GreatSword.png",
    "Leader Skill": "Storm ATK & HP Up",
    "Leader Skill Description": "Allied Storm element units have their Attack increased by 10% and max HP increased by 7%.",
    "Active Skill 1": "Attack & Counter",
    "Active Skill 1 Description": "Damage to 1 enemy. The user is also granted the Counter Stance status effect. This will overwrite other status effects on the user. For 150TU, the next time the unit with counter stance takes damage from an enemy attack, it will become their turn. Counter stance cannot be gained if the user already has the Counter Stance status effect or has gotten the current turn from Counter Stance.",
    "Active Skill 2": "Time Strike",
    "Active Skill 2 Description": "500% damage to 1 enemy if they have 130TU or more in the turn order. 600% damage if the target has 200TU or more.",
    "Active Skill 3": "Survivor's Fury",
    "Active Skill 3 Description": "500% damage to 2 enemies. Locked for 300TU after the user has entered the battlefield.",
    "Active Skill 4": "Thunder Heart",
    "Active Skill 4 Description": "Stuns 1 enemy for 150TU. The user is healed for 100% of own max HP. Usable only if the user's HP is at 25% or less.",
    "Passive Skill 1": "Hold Ground",
    "Passive Skill 1 Description": "If this unit would be defeated by an enemy attack or a status effect while having more than 1 HP, it instead survives with 1 HP.",
    "Passive Skill 2": "Survival Storm Skin",
    "Passive Skill 2 Description": "All enemy units get stunned for 50TU whenever this unit is damaged by an enemy attack, unless Survivor's Fury is unlocked by this unit.",
    "Passive Skill 3": "Attack Up Lv3",
    "Passive Skill 3 Description": "Adds 300 to this unit's Attack.",
    "Passive Skill 4": "Sleep Resist Lv3",
    "Passive Skill 4 Description Description": "Reduces the duration of any enemy sleep effects on this unit by 20TU.",
    "Passive Skill 5": "HP Up Lv3",
    "Passive Skill 5 Description": "Adds 1200 to this unit's max HP.",
    "Passive Skill 6 Description": "Spear Mastery",
    "Passive Skill 6": "Can use weapon skills of Spears in addition to their original preferred weapon type."
  },
  {
    "quickview-portrait-image src": "https://evertaletoolbox2.runasp.net/files/images/monsters/small/DarkCatFighter02_2.png",
    "Name": "Kana",
    "Title": "Elysian Shadow",
    "icon36 src": "https://evertaletoolbox2.runasp.net/files/ui/app/RarityIconSr01.png",
    "icon10 src": "https://evertaletoolbox2.runasp.net/files/ui/rarity/IconBlackStarGold01.png",
    "icon36 src (2)": "https://evertaletoolbox2.runasp.net/files/ui/elements/Dark.png",
    "Cost": "28",
    "Attack": "898",
    "HP": "4,310",
    "SPD": "351",
    "icon36 src (3)": "https://evertaletoolbox2.runasp.net/files/ui/weapons/Sword.png",
    "Leader Skill": "Dark Attack Up",
    "Leader Skill Description": "Allied Dark element units have their Attack increased by 10%.",
    "Active Skill 1": "Attack Two",
    "Active Skill 1 Description": "Damage to 2 enemies and allies gain 1 Spirit.",
    "Active Skill 2": "Vigor Impact",
    "Active Skill 2 Description": "250% damage to 2 enemies. Usable only if the user's HP is at 75%+.",
    "Active Skill 3": "Desperate Strike",
    "Active Skill 3 Description": "400% damage to 1 enemy. Usable only if the user's HP is at 50% or less. 500% damage if the user's HP is at 25% or less.",
    "Active Skill 4": "Pain Rage",
    "Active Skill 4 Description": "Reduces the user's current HP by 30% of max and the user's Attack is increased to 1.5x until the end of its next turn. If this HP reduction would defeat the user, it survives on 1 HP instead. This will overwrite the effect of previous Enrage skills.",
    "Passive Skill 1": "Hold Ground",
    "Passive Skill 1 Description": "If this unit would be defeated by an enemy attack or a status effect while having more than 1 HP, it instead survives with 1 HP.",
    "Passive Skill 2": "Enraged Entry",
    "Passive Skill 2 Description": "This unit's Attack is increased to 1.5x until the end of its next turn. Triggered when this unit enters the battlefield from reinforcements. This will overwrite the effect of previous Enrage skills.",
    "Passive Skill 3": "Hammer Hunter Lv2",
    "Passive Skill 3 Description": "7% bonus to attacks against units equipped with Hammers.",
    "Passive Skill 4": "HP Up Lv2",
    "Passive Skill 4 Description Description": "Adds 800 to this unit's max HP.",
    "Passive Skill 5": "Attack Up Lv2",
    "Passive Skill 5 Description": "Adds 200 to this unit's Attack.",
    "Passive Skill 6 Description": "Staff Mastery",
    "Passive Skill 6": "Can use weapon skills of Staffs in addition to their original preferred weapon type."
  },
  {
    "quickview-portrait-image src": "https://evertaletoolbox2.runasp.net/files/images/monsters/small/CatIdolGirl02_2.png",
    "Name": "Mirai",
    "Title": "Sparkling Idol",
    "icon36 src": "https://evertaletoolbox2.runasp.net/files/ui/app/RarityIconSsr01.png",
    "icon10 src": "https://evertaletoolbox2.runasp.net/files/ui/rarity/IconRainbowStar01.png",
    "icon10 src (6)": "https://evertaletoolbox2.runasp.net/files/ui/rarity/IconRainbowStar01.png",
    "icon36 src (2)": "https://evertaletoolbox2.runasp.net/files/ui/elements/Light.png",
    "Cost": "34",
    "Attack": "1,091",
    "HP": "8,965",
    "SPD": "100",
    "icon36 src (3)": "https://evertaletoolbox2.runasp.net/files/ui/weapons/Staff.png",
    "Leader Skill": "Light HP Up",
    "Leader Skill Description": "Allied Light element units have their max HP increased by 10%.",
    "Active Skill 1": "Attack",
    "Active Skill 1 Description": "Damage to 1 enemy and allies gain 2 Spirit.",
    "Active Skill 2": "Over Drain",
    "Active Skill 2 Description": "500% damage to 1 enemy and heals the user for 50% of max HP if damage is dealt. Usable only if the user's party has 7 or more Spirit.",
    "Active Skill 3": "Pain Heal",
    "Active Skill 3 Description": "Heals 1 ally for HP equal to 400% of the user's Attack, then reduces the user's current HP by 20% of max.",
    "Active Skill 4": "Give Turn",
    "Active Skill 4 Description": "Immediately give 1 other ally the next turn by reducing their current TU to 0. Active skills that grant turns cannot be used on turns given by this skill.",
    "Passive Skill 1": "Stun Revenge",
    "Passive Skill 1 Description": "When this unit is defeated by an enemy, that enemy is stunned for 200TU.",
    "Passive Skill 2": "Song of Rejuvenation",
    "Passive Skill 2 Description": "Allies heal for 20% of their own max HP when they get a turn, and allies gain 1 Spirit after each ally turn. These effects will trigger for 250TU each time this unit enters the battlefield, and will end if this unit leaves the battlefield.",
    "Passive Skill 3": "HP Up Lv3",
    "Passive Skill 3 Description": "Adds 1200 to this unit's max HP.",
    "Passive Skill 4": "Fire Resist Lv3",
    "Passive Skill 4 Description Description": "10% less damage from attacks by Fire units.",
    "Passive Skill 5": "Attack Up Lv3",
    "Passive Skill 5 Description": "Adds 300 to this unit's Attack.",
    "Passive Skill 6 Description": "Mace Mastery",
    "Passive Skill 6": "Can use weapon skills of Maces in addition to their original preferred weapon type."
  },
  {
    "quickview-portrait-image src": "https://evertaletoolbox2.runasp.net/files/images/monsters/small/DarkAstridNewYear02_2.png",
    "Name": "Endless Astrid",
    "Title": "Twilight Bride",
    "icon36 src": "https://evertaletoolbox2.runasp.net/files/ui/app/RarityIconSsr01.png",
    "icon10 src": "https://evertaletoolbox2.runasp.net/files/ui/rarity/IconRainbowStar01.png",
    "icon10 src (6)": "https://evertaletoolbox2.runasp.net/files/ui/rarity/IconRainbowStar01.png",
    "icon36 src (2)": "https://evertaletoolbox2.runasp.net/files/ui/elements/Dark.png",
    "Cost": "34",
    "Attack": "1,420",
    "HP": "7,316",
    "SPD": "387",
    "icon36 src (3)": "https://evertaletoolbox2.runasp.net/files/ui/weapons/Spear.png",
    "Leader Skill": "Quicken Dark",
    "Leader Skill Description": "Dark allies have the TU costs for all of their skills reduced by 20% when they enter the battlefield at the start of battle or from reinforcements. This will overwrite the effect of previous Quicken skills.",
    "Active Skill 1": "Drain Attack",
    "Active Skill 1 Description": "Damage to 1 enemy, and heals the user for 100% of total damage dealt.",
    "Active Skill 2": "Vigor Impact",
    "Active Skill 2 Description": "250% damage to 1 enemy. Usable only if the user's HP is at 75%+.",
    "Active Skill 3": "Savage Drain",
    "Active Skill 3 Description": "500% damage to 1 enemy and heals the user for 50% of max HP if damage is dealt. Usable if the user has defeated 1+ units with attacks while on the battlefield.",
    "Active Skill 4": "Frenzy Force",
    "Active Skill 4 Description": "500% damage to 2 enemies. Usable only if the user has defeated 2+ units with attacks while on the battlefield.",
    "Passive Skill 1": "Hunter's Armor",
    "Passive Skill 1 Description": "65% damage reduction from attacks unless this unit has defeated an enemy while on the battlefield.",
    "Passive Skill 2": "Rage Skin",
    "Passive Skill 2 Description": "This unit's attack is increased to 1.5x until the end of its next turn after taking damage from an attack. This will overwrite the effect of other Enrage skills.",
    "Passive Skill 3": "Attack Up Lv3",
    "Passive Skill 3 Description": "Adds 300 to this unit's Attack.",
    "Passive Skill 4": "HP Up Lv3",
    "Passive Skill 4 Description Description": "Adds 1200 to this unit's max HP.",
    "Passive Skill 5": "Stun Resist Lv3",
    "Passive Skill 5 Description": "Reduces the amount of any stun effects against this unit by 20TU.",
    "Passive Skill 6 Description": "Greatsword Mastery",
    "Passive Skill 6": "Can use weapon skills of Greatswords in addition to their original preferred weapon type."
  }
]