[
  {
    "quickview-portrait-image src": "https://evertaletoolbox2.runasp.net/files/images/monsters/small/JeanneAngelValentine02_2.png",
    "Name": "Mikaela",
    "Title": "Valentine's Day Angel",
    "icon36 src (2)": "https://evertaletoolbox2.runasp.net/files/ui/elements/Water.png",
    "Attack": "1,418",
    "HP": "7,330",
    "SPD": "690",
    "icon36 src (3)": "https://evertaletoolbox2.runasp.net/files/ui/weapons/Axe.png",
    "Active Skill 1": "Attack",
    "Active Skill 1 Description": "Damage to 1 enemy and allies gain 2 Spirit.",
    "Active Skill 2": "Sleep",
    "Active Skill 2 Description": "Grants 1 enemy the Sleep status effect for 200TU. This will overwrite other status effects on that unit. Sleep cannot be applied to a unit that Has Slept while on the battlefield.",
    "Active Skill 3": "Nightmare Hunter",
    "Active Skill 3 Description": "600% damage to 2 enemies if they are sleeping, this damage will not wake up the enemies. Allies gain 2 Spirit for each sleeping target.",
    "Active Skill 4": "Dawn's Light",
    "Active Skill 4 Description": "300% damage to 2 enemies if they are awake after having fallen asleep while on the battlefield.",
    "Passive Skill 1": "Sleep Regeneration",
    "Passive Skill 1 Description": "When there is at least 1 enemy with the Sleep status effect and this unit gets the turn, this unit heals 30% of its max HP.",
    "Passive Skill 2": "Hold Ground",
    "Passive Skill 2 Description": "If this unit would be defeated by an enemy attack or a status effect while having more than 1 HP, it instead survives with 1 HP.",
    "Passive Skill 3": "Attack Up Lv3",
    "Passive Skill 3 Description": "Adds 300 to this unit's Attack.",
    "Passive Skill 4": "G.sword Hunter Lv3",
    "Passive Skill 4 Description Description": "10% bonus to attacks against units equipped with Greatswords.",
    "Passive Skill 5": "HP Up Lv3",
    "Passive Skill 5 Description": "Adds 1200 to this unit's max HP.",
    "Passive Skill 6 Description": "Sword Mastery",
    "Passive Skill 6": "Can use weapon skills of Swords in addition to their original preferred weapon type."
  },
  {
    "quickview-portrait-image src": "https://evertaletoolbox2.runasp.net/files/images/monsters/small/JeanneValentine02_2.png",
    "Name": "Jeanne d'Arc",
    "Title": "Valentine's Day Maiden",
    "icon36 src (2)": "https://evertaletoolbox2.runasp.net/files/ui/elements/Water.png",
    "Attack": "1,236",
    "HP": "8,240",
    "SPD": "299",
    "icon36 src (3)": "https://evertaletoolbox2.runasp.net/files/ui/weapons/Axe.png",
    "Active Skill 1": "Sleep Attack",
    "Active Skill 1 Description": "Damage to 1 enemy, with a 25% chance of granting that enemy the Sleep status effect for 200TU. If applied, this will overwrite other status effects on that enemy. Sleep cannot be applied to a unit that Has Slept while on the battlefield. Damage from this attack does not wake up sleeping enemies.",
    "Active Skill 2": "Angelic Sleep",
    "Active Skill 2 Description": "Grants 1 enemy the Sleep status effect for 200TU, and adds Mikaela next in line of allied reinforcements. The user is then exchanged with Mikaela if there are already 4 allies on the battlefield. Mikaela's Level, Limit Breaks, Awakenings, Boosts, Potential, Mastery, Weapon and Accessory will match the user. Sleep will overwrite other status effects on the targeted enemy. Sleep cannot be applied to a unit that Has Slept while on the battlefield. Usable once per battle.",
    "Active Skill 3": "Dawn's Drain",
    "Active Skill 3 Description": "300% damage to 1 enemy if they are awake after having fallen asleep while on the battlefield, and heals the user for 50% of max HP if damage is dealt. No healing will occur if the target is not awake after having fallen asleep while on the battlefield.",
    "Active Skill 4": "Dream Drain",
    "Active Skill 4 Description": "600% damage to 1 enemy if they are sleeping. If damage is dealt to a sleeping target, the user recovers HP to 100% of its own max.",
    "Passive Skill 1": "Twin Guardian",
    "Passive Skill 1 Description": "If there is a Water ally named Mikaela on the battlefield this unit is a Guardian and has 50% damage reduction from attacks. While this unit is a Guardian, for any enemy attack that would hit 1 or 2 other allies, this unit has a 100% chance to redirect 1 hit to itself instead. This unit will not redirect skills that don't deal damage.",
    "Passive Skill 2": "Dreamy Entry",
    "Passive Skill 2 Description": "Grants the Sleep status effect to the enemy with the lowest TU for 200TU. Triggered when this unit enters the battlefield from reinforcements. Sleep cannot be applied to a unit that Has Slept while on the battlefield.",
    "Passive Skill 3": "HP Up Lv3",
    "Passive Skill 3 Description": "Adds 1200 to this unit's max HP.",
    "Passive Skill 4": "Spear Resist Lv3",
    "Passive Skill 4 Description Description": "10% less damage from attacks by units equipped with Spears.",
    "Passive Skill 5": "Attack Up Lv3",
    "Passive Skill 5 Description": "Adds 300 to this unit's Attack.",
    "Passive Skill 6 Description": "Mace Mastery",
    "Passive Skill 6": "Can use weapon skills of Maces in addition to their original preferred weapon type.",
    "Leader Skill": "Water ATK & HP Up",
    "Leader Skill Description": "Allied Water element units have their Attack increased by 10% and max HP increased by 7%."
  },
  {
    "quickview-portrait-image src": "https://evertaletoolbox2.runasp.net/files/images/monsters/small/CallenRegular02_2.png",
    "Name": "Callen",
    "Title": "Brilliant Magic Researcher Girl",
    "icon36 src (2)": "https://evertaletoolbox2.runasp.net/files/ui/elements/Storm.png",
    "Attack": "1,375",
    "HP": "7,545",
    "SPD": "179",
    "icon36 src (3)": "https://evertaletoolbox2.runasp.net/files/ui/weapons/Sword.png",
    "Active Skill 1": "Attack Two",
    "Active Skill 1 Description": "Damage to 2 enemies and allies gain 2 Spirit.",
    "Active Skill 2": "Stun Bolt",
    "Active Skill 2 Description": "Stuns 2 enemies for 200TU. Usable once per battle.",
    "Active Skill 3": "Time Assassin",
    "Active Skill 3 Description": "500% damage to 2 enemies if they have 130TU or more in the turn order. 600% damage if the target has 200TU or more. This attack ignores enemy damage reduction effects.",
    "Active Skill 4": "Blood Stun",
    "Active Skill 4 Description": "Sacrifices the last unit in the allied reinforcements to stun 1 enemy for 150TU. Usable only if there are 1 or more allied reinforcements left. This skill becomes locked for 200TU after use.",
    "Passive Skill 1": "Minion Loot",
    "Passive Skill 1 Description": "Adds 1 Denmori to the very end of the allied reinforcements whenever an enemy on the battlefield that was not conjured during battle is defeated or sacrificed by any source.",
    "Passive Skill 2": "Mega Elixir Revenge",
    "Passive Skill 2 Description": "Whenever this unit is defeated by an enemy, all allies on the battlefield are granted the Armor status effect, are Quickened (TU costs for all of their skills are reduced by 20%), and are Enraged (their Attack is increased to 1.5x until the end of their next turn). This will overwrite other status effects, and the effects of any previous Quicken and Enrage skills on those units. Then, once TU next advances, those allies are healed for 30% of their own max HP (the timing of this heal in relation to any other effects or skills triggering or expiring at any time between turns is not guaranteed, and it will only apply to units that have been on the battlefield since this unit was defeated).",
    "Passive Skill 3": "Earth Resist Lv3",
    "Passive Skill 3 Description": "10% less damage from attacks by Earth units.",
    "Passive Skill 4": "Attack Up Lv3",
    "Passive Skill 4 Description Description": "Adds 300 to this unit's Attack.",
    "Passive Skill 5": "HP Up Lv3",
    "Passive Skill 5 Description": "Adds 1200 to this unit's max HP.",
    "Passive Skill 6 Description": "Staff Mastery",
    "Passive Skill 6": "Can use weapon skills of Staffs in addition to their original preferred weapon type.",
    "Leader Skill": "Storm Attack Up",
    "Leader Skill Description": "Allied Storm units have their Attack increased by 15%."
  },
  {
    "quickview-portrait-image src": "https://evertaletoolbox2.runasp.net/files/images/monsters/small/MechaSisterDark02_2.png",
    "Name": "Anya",
    "Title": "Annihilation Girl",
    "icon36 src (2)": "https://evertaletoolbox2.runasp.net/files/ui/elements/Earth.png",
    "Attack": "968",
    "HP": "13,203",
    "SPD": "311",
    "icon36 src (3)": "https://evertaletoolbox2.runasp.net/files/ui/weapons/Mace.png",
    "Active Skill 1": "Poison",
    "Active Skill 1 Description": "Grants the Poison status effect to 1 enemy. Allies gain 1 Spirit. This will overwrite other status effects on that unit.",
    "Active Skill 2": "Poison Heal",
    "Active Skill 2 Description": "Heals 1 other ally for HP equal to 100% of this unit's attack if an enemy is poisoned. This increases by 100% for each enemy poisoned beyond the first, up to a max of 400%. Usable only if an enemy is poisoned.",
    "Active Skill 3": "Poison Heart",
    "Active Skill 3 Description": "Grants the Mega Poison status effect to 1 enemy for 200TU. The user is healed for 100% of own max HP. Mega Poison deals 20 times the damage of normal Poison and cannot be overwritten by normal Poison or Super Poison. This will overwrite other status effects on the enemy target. Usable only if the user's HP is at 25% or less.",
    "Active Skill 4": "Poison Drain",
    "Active Skill 4 Description": "250% damage to 2 enemies if they are poisoned. Heals the user for 30% of max HP if damage is dealt to a poisoned enemy.",
    "Passive Skill 1": "Unholy Guard",
    "Passive Skill 1 Description": "10% damage reduction from attacks if an enemy is poisoned. This increases by 10% for each enemy poisoned beyond the first, up to a maximum of 40% damage reduction if 4 enemies are poisoned. This unit is a Guardian. For any enemy attack that would hit 1 or 2 other allies, this unit has a 100% chance to redirect 1 hit to itself instead. This unit will not redirect skills that don't deal damage.",
    "Passive Skill 2": "Poison Random Skin+",
    "Passive Skill 2 Description": "When this unit is damaged by an enemy attack, a random non-poisoned enemy will become poisoned. This will overwrite other status effects on that unit.",
    "Passive Skill 3": "Dark Resist Lv3",
    "Passive Skill 3 Description": "10% less damage from attacks by Dark units.",
    "Passive Skill 4": "Attack Up Lv3",
    "Passive Skill 4 Description Description": "Adds 300 to this unit's Attack.",
    "Passive Skill 5": "HP Up Lv3",
    "Passive Skill 5 Description": "Adds 1200 to this unit's max HP.",
    "Passive Skill 6 Description": "Staff Mastery",
    "Passive Skill 6": "Can use weapon skills of Staffs in addition to their original preferred weapon type.",
    "Leader Skill": "Earth HP Up",
    "Leader Skill Description": "Allied Earth element units have their max HP increased by 10%."
  },
  {
    "quickview-portrait-image src": "https://evertaletoolbox2.runasp.net/files/images/monsters/small/LudmillaChristmas02_2.png",
    "Name": "Ludmilla",
    "Title": "Knight of the Holy Eve",
    "icon36 src (2)": "https://evertaletoolbox2.runasp.net/files/ui/elements/Earth.png",
    "Attack": "1,100",
    "HP": "8,920",
    "SPD": "50",
    "icon36 src (3)": "https://evertaletoolbox2.runasp.net/files/ui/weapons/Staff.png",
    "Active Skill 1": "Attack",
    "Active Skill 1 Description": "Damage to 1 enemy and allies gain 2 Spirit.",
    "Active Skill 2": "Final Drain",
    "Active Skill 2 Description": "500% damage to 1 enemy and heals the user for 50% of max HP if damage is dealt. Usable only if the user has no allies on the battlefield.",
    "Active Skill 3": "Purify Heal",
    "Active Skill 3 Description": "Removes negative status effects like sleep, burn or poison from 2 allies, and heals them each for HP equal to 150% of the user's Attack.",
    "Active Skill 4": "Give Turn+",
    "Active Skill 4 Description": "Give 1 other ally the next two turns by reducing their current TU to 0 immediately, and then again after they take that turn. Usable once per battle. Effects that influence TU order may interrupt the second turn (e.g. Counter Stance and Stuns targeting the lowest TU target). Active skills that grant turns cannot be used on the first turn given by this skill.",
    "Passive Skill 1": "Hold Ground",
    "Passive Skill 1 Description": "If this unit would be defeated by an enemy attack or a status effect while having more than 1 HP, it instead survives with 1 HP.",
    "Passive Skill 2": "Auto Barrier",
    "Passive Skill 2 Description": "Grants all allies 35% damage reduction from attacks while this unit is on the battlefield and there is no Guardian among allies. This effect does not stack with itself if another ally has this passive skill, or with other Barrier type skills.",
    "Passive Skill 3": "G.sword Resist Lv3",
    "Passive Skill 3 Description": "10% less damage from attacks by units equipped with Greatswords.",
    "Passive Skill 4": "Attack Up Lv3",
    "Passive Skill 4 Description Description": "Adds 300 to this unit's Attack.",
    "Passive Skill 5": "HP Up Lv3",
    "Passive Skill 5 Description": "Adds 1200 to this unit's max HP.",
    "Passive Skill 6 Description": "Mace Mastery",
    "Passive Skill 6": "Can use weapon skills of Maces in addition to their original preferred weapon type.",
    "Leader Skill": "Earth HP Up",
    "Leader Skill Description": "Allied Earth element units have their max HP increased by 10%."
  },
  {
    "quickview-portrait-image src": "https://evertaletoolbox2.runasp.net/files/images/monsters/small/OniSchoolSamurai02_2.png",
    "Name": "Hibiki",
    "Title": "Scarlet Oni Samurai",
    "icon36 src (2)": "https://evertaletoolbox2.runasp.net/files/ui/elements/Light.png",
    "Attack": "1,421",
    "HP": "7,315",
    "SPD": "201",
    "icon36 src (3)": "https://evertaletoolbox2.runasp.net/files/ui/weapons/Katana.png",
    "Active Skill 1": "Stealth Hunter",
    "Active Skill 1 Description": "Damage to 1 enemy. 200% damage if the target has the Stealth status effect.",
    "Active Skill 2": "Guard Cleaver",
    "Active Skill 2 Description": "Targets 2 enemies. 500% damage if they are a Guardian. 250% damage if they are protected by a Guardian.",
    "Active Skill 3": "Banish",
    "Active Skill 3 Description": "Sends 1 enemy to the very back of the enemy reinforcements. Usable once per battle, and only if there are 1 or more enemy reinforcements left.",
    "Active Skill 4": "Vengeance Strike+",
    "Active Skill 4 Description": "300% damage to 1 enemy if they have defeated 1 unit with an attack while on the battlefield. 600% damage if they have defeated 2+ units with attacks while on the battlefield.",
    "Passive Skill 1": "Regeneration Call",
    "Passive Skill 1 Description": "When this unit gets a turn, it heals 30% of its max HP. After the turn, it has a 50% chance to add 1 Shiromori next in line of allied reinforcements.",
    "Passive Skill 2": "Hold Ground+",
    "Passive Skill 2 Description": "If this unit would be defeated, it instead survives with 1 HP and then cannot be defeated until its next turn. This effect can trigger only once each time this unit enters the battlefield.",
    "Passive Skill 3": "Mace Hunter Lv3",
    "Passive Skill 3 Description": "10% bonus to attacks against units equipped with Maces.",
    "Passive Skill 4": "Attack Up Lv3",
    "Passive Skill 4 Description Description": "Adds 300 to this unit's Attack.",
    "Passive Skill 5": "HP Up Lv3",
    "Passive Skill 5 Description": "Adds 1200 to this unit's max HP.",
    "Passive Skill 6 Description": "Spear Mastery",
    "Passive Skill 6": "Can use weapon skills of Spears in addition to their original preferred weapon type.",
    "Leader Skill": "Light Attack Up",
    "Leader Skill Description": "Allied Light element units have their Attack increased by 15%."
  },
  {
    "quickview-portrait-image src": "https://evertaletoolbox2.runasp.net/files/images/monsters/small/WhiteSnakeGirl02_2.png",
    "Name": "Mizuchi",
    "Title": "White Snake Onmyoji",
    "icon36 src (2)": "https://evertaletoolbox2.runasp.net/files/ui/elements/Light.png",
    "Attack": "1,503",
    "HP": "6,905",
    "SPD": "625",
    "icon36 src (3)": "https://evertaletoolbox2.runasp.net/files/ui/weapons/Staff.png",
    "Active Skill 1": "Armor Attack",
    "Active Skill 1 Description": "Damage to 1 enemy. The user is also granted the Armor status effect. This will overwrite other status effects on the user. Armor grants 50% damage reduction from the next attack, then the effect is removed.",
    "Active Skill 2": "Grant Armor",
    "Active Skill 2 Description": "Grants the Armor status effect to 1 ally. This will overwrite other status effects on that unit. Armor grants 50% damage reduction from the next attack, then the effect is removed.",
    "Active Skill 3": "Time Drain+",
    "Active Skill 3 Description": "400% damage to 1 enemy if they have 100+ TU. 500% damage if the target has 130TU or more. 600% damage if the target has 200TU or more. If damage is dealt and the target's TU is 100 or more, the user will heal 50% of max HP.",
    "Active Skill 4": "Survivor Slayer",
    "Active Skill 4 Description": "400% damage to 1 enemy if they have survived on the battlefield for 200TU. 500% damage if the target has survived for 300TU.",
    "Passive Skill 1": "Counter Skin",
    "Passive Skill 1 Description": "When this unit takes damage from an attack, they will immediately get the next turn. This cannot trigger again until TU advances. This unit cannot become a Guardian or Stun Absorber.",
    "Passive Skill 2": "Hold Ground",
    "Passive Skill 2 Description": "If this unit would be defeated by an enemy attack or a status effect while having more than 1 HP, it instead survives with 1 HP.",
    "Passive Skill 3": "Attack Up Lv3",
    "Passive Skill 3 Description": "Adds 300 to this unit's Attack.",
    "Passive Skill 4": "HP Up Lv3",
    "Passive Skill 4 Description Description": "Adds 1200 to this unit's max HP.",
    "Passive Skill 5": "Spear Hunter Lv3",
    "Passive Skill 5 Description": "10% bonus to attacks against units equipped with Spears.",
    "Passive Skill 6 Description": "Sword Mastery",
    "Passive Skill 6": "Can use weapon skills of Swords in addition to their original preferred weapon type.",
    "Leader Skill": "Light Attack Up",
    "Leader Skill Description": "Allied Light element units have their Attack increased by 15%."
  },
  {
    "quickview-portrait-image src": "https://evertaletoolbox2.runasp.net/files/images/monsters/small/MyshaRegular02_2.png",
    "Name": "Mysha",
    "Title": "Fox-Eared Blader",
    "icon36 src (2)": "https://evertaletoolbox2.runasp.net/files/ui/elements/Earth.png",
    "Attack": "1,368",
    "HP": "7,580",
    "SPD": "230",
    "icon36 src (3)": "https://evertaletoolbox2.runasp.net/files/ui/weapons/Katana.png",
    "Active Skill 1": "Swift Stealth",
    "Active Skill 1 Description": "75% damage to 1 enemy. The user is also granted the Stealth status effect. This will overwrite other status effects on the user. Stealthed units ignore the next enemy attack that would damage more than 1 target. Any damage will remove stealth.",
    "Active Skill 2": "Stealth Fury",
    "Active Skill 2 Description": "300% damage to 2 enemies. Usable only if the user has the Stealth status effect. This attack ignores any enemy status effects (including Stealth), damage reduction effects, revenge passive skills, and skin passive skills.",
    "Active Skill 3": "Assassin's Drain",
    "Active Skill 3 Description": "400% damage to 1 enemy and heals the user for 50% of max HP if damage is dealt. This attack ignores enemy damage reduction effects. Unlocked each time this unit gains the Stealth status effect. This skill is locked again after each use or if the user leaves the battlefield.",
    "Active Skill 4": "Survivor's Fury",
    "Active Skill 4 Description": "500% damage to 2 enemies. Locked for 300TU after the user has entered the battlefield.",
    "Passive Skill 1": "Hold Ground",
    "Passive Skill 1 Description": "If this unit would be defeated by an enemy attack or a status effect while having more than 1 HP, it instead survives with 1 HP.",
    "Passive Skill 2": "Stealthy Vengeance",
    "Passive Skill 2 Description": "This unit gains the Stealth status effect and is Enraged, having its Attack increased to 1.5x until the end of its next turn. Allies gain 1 Spirit. All of these effects are triggered whenever another non-conjured Ally on the battlefield is defeated or sacrificed by any source. This may not trigger if this unit is defeated or sacrificed at the same time. This will overwrite other status effects and the effects of other Enrage skills on this unit. Stealthed units ignore the next enemy attack that would damage more than 1 target. Any damage will remove stealth.",
    "Passive Skill 3": "Attack Up Lv3",
    "Passive Skill 3 Description": "Adds 300 to this unit's Attack.",
    "Passive Skill 4": "Storm Resist Lv3",
    "Passive Skill 4 Description Description": "10% less damage from attacks by Storm units.",
    "Passive Skill 5": "HP Up Lv3",
    "Passive Skill 5 Description": "Adds 1200 to this unit's max HP.",
    "Passive Skill 6 Description": "Greatsword Mastery",
    "Passive Skill 6": "Can use weapon skills of Greatswords in addition to their original preferred weapon type.",
    "Leader Skill": "Earth ATK & HP Up",
    "Leader Skill Description": "Allied Earth element units have their Attack increased by 10% and max HP increased by 7%."
  },
  {
    "quickview-portrait-image src": "https://evertaletoolbox2.runasp.net/files/images/monsters/small/CatIdolHalloween02_2.png",
    "Name": "Mirai",
    "Title": "Halloween Idol",
    "icon36 src (2)": "https://evertaletoolbox2.runasp.net/files/ui/elements/Fire.png",
    "Attack": "1,549",
    "HP": "6,675",
    "SPD": "347",
    "icon36 src (3)": "https://evertaletoolbox2.runasp.net/files/ui/weapons/Staff.png",
    "Active Skill 1": "Ignition Attack",
    "Active Skill 1 Description": "Damage to 1 enemy. The user is then granted the Burn status effect. This will overwrite other status effects on the user. Any unit that deals damage to or is dealt damage by a unit with burn will also become burned.",
    "Active Skill 2": "Burn Drain",
    "Active Skill 2 Description": "300% damage to 2 enemies and heals the user for 50% of max HP if damage is dealt. Usable if the user has the Burn status effect.",
    "Active Skill 3": "Crisis Drain",
    "Active Skill 3 Description": "250% damage to 2 enemies, and the user recovers their HP by 50% of its own max if damage is dealt. Usable only if the user's party has 1 or less Spirit.",
    "Active Skill 4": "Burn Drive",
    "Active Skill 4 Description": "500% damage to 1 enemy. Usable only if there are at least 4 units with the Burn status effect. 600% damage if there are at least 6 units with burn.",
    "Passive Skill 1": "Song of Ignition",
    "Passive Skill 1 Description": "This unit enters battle with the Burn status effect. Whenever this unit ends its turn while Burning, this unit's attack is increased to 1.5x until the end of its next turn, and this will overwrite the effect of previous Enrage skills.",
    "Passive Skill 2": "Burn Armor",
    "Passive Skill 2 Description": "50% damage reduction from attacks if this unit has the Burn status effect.",
    "Passive Skill 3": "Attack Up Lv3",
    "Passive Skill 3 Description": "Adds 300 to this unit's Attack.",
    "Passive Skill 4": "HP Up Lv3",
    "Passive Skill 4 Description Description": "Adds 1200 to this unit's max HP.",
    "Passive Skill 5": "G.axe Resist Lv3",
    "Passive Skill 5 Description": "10% less damage from attacks by units equipped with Greataxes.",
    "Passive Skill 6 Description": "Axe Mastery",
    "Passive Skill 6": "Can use weapon skills of Axes in addition to their original preferred weapon type.",
    "Leader Skill": "Fire Attack Up",
    "Leader Skill Description": "Allied Fire element units have their Attack increased by 15%."
  },
  {
    "quickview-portrait-image src": "https://evertaletoolbox2.runasp.net/files/images/monsters/small/ElminaNew02_2.png",
    "Name": "Elmina",
    "Title": "Violet-Eyed Assassin",
    "icon36 src (2)": "https://evertaletoolbox2.runasp.net/files/ui/elements/Storm.png",
    "Attack": "1,290",
    "HP": "7,970",
    "SPD": "383",
    "icon36 src (3)": "https://evertaletoolbox2.runasp.net/files/ui/weapons/Spear.png",
    "Active Skill 1": "Sneak Attack",
    "Active Skill 1 Description": "Damage to 1 enemy and allies gain 2 Spirit. This attack ignores enemy damage reduction effects.",
    "Active Skill 2": "Healing Stealth",
    "Active Skill 2 Description": "Grants the Stealth status effect to the user and heals them for 50% of Max HP. This will overwrite other status effects on that unit. Stealthed units ignore the next enemy attack that would damage more than 1 target. Any damage will remove stealth. Usable if the user does not have the Stealth status effect.",
    "Active Skill 3": "Stealth Impact",
    "Active Skill 3 Description": "300% damage to 1 enemy. Usable if the user has the Stealth status effect. This attack ignores any enemy status effects, damage reduction effects, revenge passive skills, and skin passive skills.",
    "Active Skill 4": "Survivor's Raid",
    "Active Skill 4 Description": "400% damage to 1 enemy. This attack ignores enemy damage reduction effects. Locked for 300TU after the user has entered the battlefield.",
    "Passive Skill 1": "Stealth Power",
    "Passive Skill 1 Description": "This unit's Attack is increased to 1.5x while it has the Stealth status effect. This effect does not stack with Enrage skills.",
    "Passive Skill 2": "Stealth Stun Skin",
    "Passive Skill 2 Description": "Enemy units that deal damage to this unit while it has Stealth get stunned for 100TU. If this unit does not have stealth when damaged, the enemy unit is instead stunned for 50TU.",
    "Passive Skill 3": "Attack Up Lv3",
    "Passive Skill 3 Description": "Adds 300 to this unit's Attack.",
    "Passive Skill 4": "HP Up Lv3",
    "Passive Skill 4 Description Description": "Adds 1200 to this unit's max HP.",
    "Passive Skill 5": "Water Resist Lv3",
    "Passive Skill 5 Description": "10% less damage from attacks by Water units.",
    "Passive Skill 6 Description": "Greataxe Mastery",
    "Passive Skill 6": "Can use weapon skills of Greataxes in addition to their original preferred weapon type.",
    "Leader Skill": "Storm Attack Up",
    "Leader Skill Description": "Allied Storm units have their Attack increased by 15%."
  }
]