[
  {
    "quickview-portrait-image src": "https://evertaletoolbox2.runasp.net/files/images/monsters/small/FrankensteinRegularDoll02_2.png",
    "Name": "Mary",
    "Title": "Guardian Angel on Strings",
    "icon36 src (2)": "https://evertaletoolbox2.runasp.net/files/ui/elements/Earth.png",
    "Attack": "914",
    "HP": "9,850",
    "SPD": "404",
    "icon36 src (3)": "https://evertaletoolbox2.runasp.net/files/ui/weapons/Hammer.png",
    "Active Skill 1": "Sister Strike",
    "Active Skill 1 Description": "100% damage to 1 enemy. 600% damage if \"Frankenstein, Twin Horrors\" is in the ally team, including reinforcements.",
    "Active Skill 2": "Doll Harvest",
    "Active Skill 2 Description": "600% damage to 2 enemies. This attack ignores enemy damage reduction effects. If damage is dealt, the user is granted a Power Charge, fully healed, and all ally \"Frankenstein, Twin Horrors\" on the battlefield are fully healed. Usable if the user is below 50% of max HP or if \"Frankenstein, Twin Horrors\" is among allies on the battlefield.",
    "Active Skill 3": "Maximum Output",
    "Active Skill 3 Description": "Consumes a Power Charge for 600% damage to all enemies. This attack ignores the Counter Stance Status Effect, the effects of Skin passive skills, and enemy damage reduction effects. Usable only if the user has a Power Charge.",
    "Active Skill 4": "Mary's Monster",
    "Active Skill 4 Description": "Sacrifices the user to revive the Frankenstein that conjured the user to the battlefield with full HP. Usable only if the user doesn't have \"Frankenstein, Twin Horrors\" in the ally team, including reinforcements. The revived Frankenstein will be considered a conjured unit.",
    "Passive Skill 1": "Pulled Strings",
    "Passive Skill 1 Description": "If this unit would be defeated by an enemy attack or a status effect while having more than 1 HP, it instead survives with 1 HP.\n\nWhen this unit enters the battlefield:\n- it will immediately get the next turn by having its TU reduced to 0 if \"Frankenstein, Twin Horrors\" is in the ally team, including reinforcements.\n- this unit will become a Guardian if \"Frankenstein, Twin Horrors\" is not among allies on the battlefield. This effect will be lost if an ally \"Frankenstein, Twin Horrors\" enters the battlefield.",
    "Passive Skill 2": "Mary, Unstoppable",
    "Passive Skill 2 Description": "This unit cannot be Stunned. This unit cannot fall asleep if \"Frankenstein, Twin Horrors\" is among allies on the battlefield.\n\nIf \"Frankenstein, Twin Horrors\" is not among allies on the battlefield, this unit has:\n- Attack increased to 1.5x. This effect does not stack with Enrage skills.\n- 50% damage reduction from attacks.\n- TU costs for all active skills reduced by 50%. This effect does not stack with Quicken skills.",
    "Passive Skill 3": "Attack Up Lv3",
    "Passive Skill 3 Description": "Adds 300 to this unit's Attack.",
    "Passive Skill 4": "HP Up Lv3",
    "Passive Skill 4 Description Description": "Adds 1200 to this unit's max HP.",
    "Passive Skill 5": "Sleep Resist Lv3",
    "Passive Skill 5 Description": "Reduces the duration of any enemy sleep effects on this unit by 20TU.",
    "Passive Skill 6 Description": "Greatsword Mastery",
    "Passive Skill 6": "Can use weapon skills of Greatswords in addition to their original preferred weapon type."
  },
  {
    "quickview-portrait-image src": "https://evertaletoolbox2.runasp.net/files/images/monsters/small/FrankensteinRegular02_2.png",
    "Name": "Frankenstein",
    "Title": "Twin Horrors",
    "icon36 src (2)": "https://evertaletoolbox2.runasp.net/files/ui/elements/Earth.png",
    "Attack": "914",
    "HP": "9,850",
    "SPD": "404",
    "icon36 src (3)": "https://evertaletoolbox2.runasp.net/files/ui/weapons/Hammer.png",
    "Active Skill 1": "Sister Strike",
    "Active Skill 1 Description": "100% damage to 1 enemy. 600% damage if \"Mary, Guardian Angel on Strings\" is in the ally team, including reinforcements.",
    "Active Skill 2": "Protective Sister",
    "Active Skill 2 Description": "For 100TU, the user becomes a Guardian and gains 50% damage reduction from attacks. While this unit is a Guardian, for any enemy attack that would hit 1 or 2 other allies, this unit has a 100% chance to redirect 1 hit to itself instead. This unit will not redirect skills that don't deal damage. Usable if \"Mary, Guardian Angel on Strings\" is among allies on the battlefield.",
    "Active Skill 3": "Energy Infusion",
    "Active Skill 3 Description": "Immediately give 1 other ally \"Mary, Guardian Angel on Strings\" the next turn by reducing their current TU to 0, Purifies them (removes negative status effects like sleep, burn or poison), and grants them a Power Charge.\n\nThis skill becomes locked for 150TU after use. Power Charges can be consumed by certain skills to activate or enhance their effects. Power Charges will be removed from a unit that leaves the battlefield. Power Charges cannot stack.",
    "Active Skill 4": "It's Alive!",
    "Active Skill 4 Description": "Adds \"Mary, Guardian Angel on Strings\" to the next in line of allied reinforcements. This Mary's Level, Limit Breaks, Awakenings, Boosts, Potential, Mastery, Weapon, and Accessory will match the user.\n\nThen if 4 allies are on the battlefield, the user exchanges themselves with the Mary added to allied reinforcements. Usable only if the user doesn't have \"Mary, Guardian Angel on Strings\" in the ally team, including reinforcements. This skill becomes locked for 100TU after use, and is usable 10 times per battle.",
    "Passive Skill 1": "Pulling the Strings",
    "Passive Skill 1 Description": "If this unit would be defeated by an enemy attack or a status effect while having more than 1 HP, it instead survives with 1 HP.\n\nWhen this unit enters the battlefield, an ally \"Mary, Guardian Angel on Strings\" on the battlefield will immediately get the next turn by having its TU reduced to 0 and will be Purified.",
    "Passive Skill 2": "Sister Substitute",
    "Passive Skill 2 Description": "This unit cannot fall asleep. This unit cannot be Stunned or defeated by non-attack damage if \"Mary, Guardian Angel on Strings\" is among allies on the battlefield.\n\nWhile there is a \"Mary, Guardian Angel on Strings\" among allies on the battlefield, if this unit would be defeated by an attack, this unit will be healed for 100% of max HP, and then the ally \"Mary, Guardian Angel on Strings\" will be sacrificed.",
    "Passive Skill 3": "Attack Up Lv3",
    "Passive Skill 3 Description": "Adds 300 to this unit's Attack.",
    "Passive Skill 4": "HP Up Lv3",
    "Passive Skill 4 Description Description": "Adds 1200 to this unit's max HP.",
    "Passive Skill 5": "Stun Resist Lv3",
    "Passive Skill 5 Description": "Reduces the amount of any stun effects against this unit by 20TU.",
    "Passive Skill 6 Description": "Greatsword Mastery",
    "Passive Skill 6": "Can use weapon skills of Greatswords in addition to their original preferred weapon type.",
    "Leader Skill": "Earth Attack Up",
    "Leader Skill Description": "Allied Earth element units have their Attack increased by 15%."
  },
  {
    "quickview-portrait-image src": "https://evertaletoolbox2.runasp.net/files/images/monsters/small/KingArthurSwimsuit02_2.png",
    "Name": "King Arthur",
    "Title": "Seaside Monarch",
    "icon36 src (2)": "https://evertaletoolbox2.runasp.net/files/ui/elements/Storm.png",
    "Attack": "1,215",
    "HP": "8,345",
    "SPD": "680",
    "icon36 src (3)": "https://evertaletoolbox2.runasp.net/files/ui/weapons/Axe.png",
    "Active Skill 1": "Regal Barrage",
    "Active Skill 1 Description": "100% damage to 2 enemies. 400% damage instead if the user has stealth. Heals the user for 100% of total damage dealt. This attack ignores any enemy status effects (including Stealth), damage reduction effects, revenge passive skills, and skin passive skills. This is considered a Stealth Strike type skill.",
    "Active Skill 2": "King's Shield",
    "Active Skill 2 Description": "Heals the user fully. The user is granted a Power Charge, Stealth, a Stealth Shield, a Sleep Ward, Stun Ward, and Poison Ward. Usable only if the user has no Power Charge. Usable 5 times per battle.\n\nStealth will overwrite other Status effects on the user. Stealth Shields prevent the next other status effect a unit would gain while Stealthed from applying. Stealthed units ignore the next enemy attack that would damage more than 1 target. Any damage will remove stealth. Each Ward prevents their named effect from being applied once, then is removed. Identical Wards cannot stack.\n\nPower Charges can be consumed by certain skills to activate or enhance their effects. Power Charges will be removed if this unit leaves the battlefield. Power Charges cannot stack.",
    "Active Skill 3": "Regal Wavemaster",
    "Active Skill 3 Description": "600% damage to 1 enemy if they have 150TU or more in the turn order. If this damage does not defeat the target, allies gain 2 Spirit. This attack ignores enemy damage reduction effects and any effects of non-boss enemies that would prevent the target from being defeated.",
    "Active Skill 4": "Regal Cornobble",
    "Active Skill 4 Description": "500% damage to 1 enemy and Weakens them (reduces their Attack to 0.75x until the end of their next turn). Heals the user fully. The user is granted Stealth. Usable only if the user has a Power Charge. This does not consume the Power Charge.\n\nWeak will overwrite any existing Weak or Enrage effects on the target and can be overwritten by Enrage effects. The effect of Weakening may be diminished if the affected unit's Attack is increased by other effects.",
    "Passive Skill 1": "Absolute Monarch",
    "Passive Skill 1 Description": "Until the end of this unit's first turn while on the battlefield, this unit cannot be defeated. Afterwards, if this unit would be defeated while it has a Power Charge, it instead survives with 1 HP and then cannot be defeated until its next turn. The Power Charge will be consumed when this effect is triggered.\n\nAt the end of each of this unit's turns, or when a non-conjured enemy is defeated, a random enemy with more than 50TU will be stunned for 50TU plus 50TU for each other Storm ally on the battlefield.\n\nWhen this unit enters the battlefield from the allied reinforcements:\n- Stuns 2 random enemies for 100TU.\n- This unit will have the TU costs for all of their skills reduced by 30%. This will overwrite the effects of other Quicken skills.",
    "Passive Skill 2": "King's Dawn",
    "Passive Skill 2 Description": "This unit's Attack is increased to 1.5x.\nThis unit's Active Skill TU Costs are reduced by 50%.\nThis unit has 50% damage reduction from attacks.\n\nAll of these effects are triggered when this unit begins on the battlefield at the very start of battle, and will end if this unit leaves the battlefield. This unit cannot be sent away from the battlefield during an ally turn.\n\n-This Attack increase does not stack with Enrage effects.\n-This will not reduce TU Costs to below 1TU.\n-Quicken effects will not further reduce this unit's TU costs.",
    "Passive Skill 3": "HP Up Lv3",
    "Passive Skill 3 Description": "Adds 1200 to this unit's max HP.",
    "Passive Skill 4": "Attack Up Lv3",
    "Passive Skill 4 Description Description": "Adds 300 to this unit's Attack.",
    "Passive Skill 5": "Spear Hunter Lv3",
    "Passive Skill 5 Description": "10% bonus to attacks against units equipped with Spears.",
    "Passive Skill 6 Description": "Sword Mastery",
    "Passive Skill 6": "Can use weapon skills of Swords in addition to their original preferred weapon type.",
    "Leader Skill": "Storm Attack Up",
    "Leader Skill Description": "Allied Storm units have their Attack increased by 15%."
  },
  {
    "quickview-portrait-image src": "https://evertaletoolbox2.runasp.net/files/images/monsters/small/MusashiRegular02_2.png",
    "Name": "Musashi",
    "Title": "Oni Slayer",
    "icon36 src (2)": "https://evertaletoolbox2.runasp.net/files/ui/elements/Water.png",
    "Attack": "1,477",
    "HP": "7,035",
    "SPD": "615",
    "icon36 src (3)": "https://evertaletoolbox2.runasp.net/files/ui/weapons/Katana.png",
    "Active Skill 1": "Lone Wolf",
    "Active Skill 1 Description": "200% damage to 1 enemy, plus 200% for each time this unit has defeated an enemy with an attack or Absolute Zero while on the battlefield (max of 1000% total damage after defeating 4 enemies). This attack ignores enemy damage reduction effects.",
    "Active Skill 2": "Glacial Slash",
    "Active Skill 2 Description": "600% damage to 1 enemy. Damage from this attack does not wake up sleeping enemies. Usable 10 times per battle.",
    "Active Skill 3": "Absolute Zero",
    "Active Skill 3 Description": "Immediately defeats 1 non-boss enemy that has 10% or less of max HP, the user is considered to have defeated the target with an attack if successful. This effect ignores Revenge passive skills, Revival passive skills, any passive skills or effects of active skills that would prevent the target from being defeated, and cannot be redirected by Guardians.",
    "Active Skill 4": "Dual Heaven Style",
    "Active Skill 4 Description": "The user is granted a Sleep Ward, Stun Ward, Poison Ward, will enter Dual Heaven Stance for 200TU and Endure the next damage that would defeat it with 1HP. While in Dual Heaven Stance, this unit heals for 50% of max HP at the end of each turn, and this unit's Attack is increased to 1.5x. This attack increase does not stack with Enrage effects.\n\nThis skill becomes locked for 200TU after use. Usable if this unit has not defeated any units with attacks or Absolute Zero while on the battlefield. Each Ward prevents their named effect from being applied once, then is removed. Identical Wards and Endure effects cannot stack.",
    "Passive Skill 1": "No Mercy",
    "Passive Skill 1 Description": "This unit's attacks heal this unit for 100% of total damage dealt.\n\nEach time this unit damages an enemy with an attack and leaves them on or below 25% of max HP (even if they are defeated by the attack), this unit will get another turn. The extra turn is granted after Counter Skin type effects triggered by this unit's attacks, and so this unit will act before a countering enemy.\n-This effect cannot trigger again against the same target until TU advances.\n-Effects that influence TU order may interrupt the extra turn (e.g. Stuns targeting the lowest TU target).",
    "Passive Skill 2": "Glacial Winds",
    "Passive Skill 2 Description": "This unit cannot be sent to the reinforcements from the battlefield.\n\nEach time this unit defeats a non-conjured enemy with an attack or Absolute Zero, this unit cannot be defeated by damage for the next 100TU, and gains Sleep and Poison Wards.\n\nAfter this unit's first turn on the battlefield, 1 random enemy Guardian on the battlefield will be sent to next in line of enemy reinforcements. This will fail if there are no enemy reinforcements, or if the target is immovable.",
    "Passive Skill 3": "Attack Up Lv3",
    "Passive Skill 3 Description": "Adds 300 to this unit's Attack.",
    "Passive Skill 4": "HP Up Lv3",
    "Passive Skill 4 Description Description": "Adds 1200 to this unit's max HP.",
    "Passive Skill 5": "G.sword Hunter Lv3",
    "Passive Skill 5 Description": "10% bonus to attacks against units equipped with Greatswords.",
    "Passive Skill 6 Description": "Spear Mastery",
    "Passive Skill 6": "Can use weapon skills of Spears in addition to their original preferred weapon type.",
    "Leader Skill": "Water HP Up",
    "Leader Skill Description": "Allied Water element units have their max HP increased by 10%."
  },
  {
    "quickview-portrait-image src": "https://evertaletoolbox2.runasp.net/files/images/monsters/small/LuBuRegular02_2.png",
    "Name": "Lü Bu",
    "Title": "Master of Treachery",
    "icon36 src (2)": "https://evertaletoolbox2.runasp.net/files/ui/elements/Fire.png",
    "Attack": "1,557",
    "HP": "6,635",
    "SPD": "503",
    "icon36 src (3)": "https://evertaletoolbox2.runasp.net/files/ui/weapons/Spear.png",
    "Active Skill 1": "Dragonfire Dance",
    "Active Skill 1 Description": "100% damage to 1 enemy. 300% damage instead and this unit will immediately get the next turn if this was not the last attack used by this unit while on the battlefield. This attack ignores skin passive skills and the Counter Stance status effect. Heatwave is not considered an attack.",
    "Active Skill 2": "Heatwave",
    "Active Skill 2 Description": "The user is granted the Burn status effect and is fully healed. Each other unit on the battlefield has a 50% chance of being burned and then stunned for 100TU. Burn will overwrite other status effects on affected units. Then allies gain Spirit equal to the number of burning allies on the battlefield.\n\nUsable if the user is not burning or if allies have 1 or less Spirit. Any unit that deals damage to or is dealt damage by a unit with burn will also become burned.",
    "Active Skill 3": "Hellfire",
    "Active Skill 3 Description": "400% damage to 1 enemy, 600% damage if the target has 100TU or more. This attack ignores enemy damage reduction effects. Usable if the user has the Burn status effect.",
    "Active Skill 4": "Scorched Earth",
    "Active Skill 4 Description": "500% damage to 2 enemies. This attack ignores enemy damage reduction effects and any effects of non-boss enemies that would prevent the targets from being defeated.\n\nLocked for 200TU after the user has entered the battlefield, and locks again for 200TU after each use.",
    "Passive Skill 1": "Flames of War",
    "Passive Skill 1 Description": "This unit cannot be defeated by damage from Burn status effects. This unit is not affected by stun effects.\n\nWhenever this unit enters the battlefield, whether at the start of battle or from reinforcements, it will Endure the next damage that would defeat it with 1HP. Endure effects cannot stack.\n\nWhile this unit has the Burn status effect, this unit has:\n- Attack increased to 1.5x. This effect does not stack with Enrage skills.\n- TU costs for all active skills reduced by 40%. This effect does not stack with Quicken skills.\n- 50% damage reduction from attacks.",
    "Passive Skill 2": "Fuel to the Fire",
    "Passive Skill 2 Description": "This unit and all enemies are granted the Burn status effect, then all burning non-Water enemies are stunned for 100TU. Triggered when this unit enters the battlefield from reinforcements.\n\nWhenever this unit defeats a non-conjured unit on the battlefield with an attack, this unit gains Endure, a Poison Ward and becomes fully healed.\n\nPoison Ward prevents Poison from being applied once, then is removed. Poison Wards cannot stack.",
    "Passive Skill 3": "Attack Up Lv3",
    "Passive Skill 3 Description": "Adds 300 to this unit's Attack.",
    "Passive Skill 4": "HP Up Lv3",
    "Passive Skill 4 Description Description": "Adds 1200 to this unit's max HP.",
    "Passive Skill 5": "Sword Hunter Lv3",
    "Passive Skill 5 Description": "10% bonus to attacks against units equipped with Swords.",
    "Passive Skill 6 Description": "Greatsword Mastery",
    "Passive Skill 6": "Can use weapon skills of Greatswords in addition to their original preferred weapon type.",
    "Leader Skill": "Fire Attack Up",
    "Leader Skill Description": "Allied Fire element units have their Attack increased by 15%."
  },
  {
    "quickview-portrait-image src": "https://evertaletoolbox2.runasp.net/files/images/monsters/small/RapunzelRegular02_2.png",
    "Name": "Rapunzel",
    "Title": "Lady of the Tower",
    "icon36 src (2)": "https://evertaletoolbox2.runasp.net/files/ui/elements/Light.png",
    "Attack": "1,387",
    "HP": "7,485",
    "SPD": "453",
    "icon36 src (3)": "https://evertaletoolbox2.runasp.net/files/ui/weapons/Sword.png",
    "Active Skill 1": "Surgical Strike",
    "Active Skill 1 Description": "Targets 1 enemy and ignores Guardians. If no enemies are sleeping, deals 100% damage, and then grants that enemy the Sleep status effect for 200TU, even if they have already slept while on the battlefield. Sleep will overwrite other status effects on that enemy. If an enemy is sleeping, deals 400% damage instead, Weakens the target and grants the user a Power Charge.\n\nWeakened units have their Attack reduced to 0.75x until the end of their next turn. Weakening will overwrite any existing Weak or Enrage effects on the target and can be overwritten by Enrage effects. The effect of Weakening may be diminished if the affected unit's Attack is increased by other effects.\n\nPower Charges can be consumed by certain skills to activate or enhance their effects. Power Charges will be removed if this unit leaves the battlefield. Power Charges cannot stack.",
    "Active Skill 2": "Golden Purify",
    "Active Skill 2 Description": "Removes negative status effects like Sleep, Burn or Poison from 2 other allies and grants them either a Sleep Ward or Poison Ward at random. If a status effect is removed by this skill, the user is Enraged. Allies gain 1 Spirit for each status effect removed by this skill. This skill becomes locked for 50TU after use.\n\nAn Enraged unit's attack is increased to 1.5x until the end of their next turn. Enrage will overwrite any existing Weak or Enrage effects on the user. Each Ward prevents their named effect from being applied once, then is removed. Identical Wards cannot stack. Cannot be used if the user is alone on the battlefield, and will not remove negative status effects from the user if they are targeted.",
    "Active Skill 3": "Golden Bolts",
    "Active Skill 3 Description": "500% damage to 2 enemies. If the user has a Power Charge, it will be consumed to deal 750% damage instead. This attack ignores damage reduction effects. Removes Burn and Poison status effects (including Lethal Poison) from the user and grants the user Recovery Mist for 100TU. Recovery Mist effects do not stack. Usable if the user has a Power Charge or a Burn or Poison status effect.\n\nA unit with Recovery Mist will heal for 5% of their max HP and have a 30% chance to be Purified after every turn.",
    "Active Skill 4": "Crackling Smite",
    "Active Skill 4 Description": "This attack ignores Guardians. 600% damage to 1 enemy if they are awake after having fallen asleep while on the battlefield. This attack ignores any effects of non-boss enemies that would prevent the target from being defeated.",
    "Passive Skill 1": "Golden Shield",
    "Passive Skill 1 Description": "This unit cannot be defeated by damage from Burn status effects. If this unit would be defeated by an enemy attack or other status effect while having more than 1 HP, it instead survives with 1 HP.\n\nThis unit will heal 30% of max HP on every ally turn.\n\nEach time a sleeping enemy gets the turn, removes Sleep status effects from this unit and this unit is Enraged.",
    "Passive Skill 2": "Grand Takedown",
    "Passive Skill 2 Description": "When this unit defeats 1 or more enemy units with an attack, it grants:\n- This unit a Power Charge.\n- A random non-sleeping enemy the Sleep status effect for 200TU, even if they have already slept while on the battlefield.\n- Recovery Mist for 100TU to a random ally that doesn't already have Recovery Mist.",
    "Passive Skill 3": "HP Up Lv3",
    "Passive Skill 3 Description": "Adds 1200 to this unit's max HP.",
    "Passive Skill 4": "Attack Up Lv3",
    "Passive Skill 4 Description Description": "Adds 300 to this unit's Attack.",
    "Passive Skill 5": "Stun Resist Lv3",
    "Passive Skill 5 Description": "Reduces the amount of any stun effects against this unit by 20TU.",
    "Passive Skill 6 Description": "Axe Mastery",
    "Passive Skill 6": "Can use weapon skills of Axes in addition to their original preferred weapon type.",
    "Leader Skill": "Light HP Up",
    "Leader Skill Description": "Allied Light element units have their max HP increased by 10%."
  },
  {
    "quickview-portrait-image src": "https://evertaletoolbox2.runasp.net/files/images/monsters/small/IbarahimeSwimsuit02_2.png",
    "Name": "Sleeping Beauty",
    "Title": "Lakeside Reverie",
    "icon36 src (2)": "https://evertaletoolbox2.runasp.net/files/ui/elements/Water.png",
    "Attack": "1,532",
    "HP": "6,760",
    "SPD": "399",
    "icon36 src (3)": "https://evertaletoolbox2.runasp.net/files/ui/weapons/Mace.png",
    "Active Skill 1": "Hypno Blast+",
    "Active Skill 1 Description": "50% damage to 1 enemy. 300% damage instead every second time this skill is activated while on the battlefield. 25% chance of granting that enemy the Sleep status effect for 200TU, even if they have already slept while on the battlefield. If Sleep is applied, it will overwrite other status effects on that enemy. This attack ignores the Counter Stance Status Effect and the effects of Skin passive skills. Damage from this attack does not wake up sleeping enemies.",
    "Active Skill 2": "Mass Sleep",
    "Active Skill 2 Description": "Targets all units on the battlefield other than the user. Grants all Fire, Earth and Dark targets the Sleep status effect for 200TU and all Water, Storm and Light targets the Sleep status effect for 50TU. This Sleep will be applied even to targets that have already slept while on the battlefield. This skill becomes locked for 300TU after use.",
    "Active Skill 3": "Piercing Nightmare",
    "Active Skill 3 Description": "400% damage to all enemies, 600% instead to all sleeping enemies. Each non-sleeping enemy hit has a 50% chance of being granted the Sleep status effect for 200TU, even if they have already slept while on the battlefield. This attack ignores damage reduction effects. Damage from this attack does not wake up sleeping enemies.\n\nUsable if there is a sleeping enemy on the battlefield. Allies lose 1 Spirit for each sleeping enemy hit by this attack. This skill becomes locked for 200TU after use if Allies would lose more Spirit than they have in this way. Other effects that would cause Allies to lose Spirit may apply before Spirit lost by this skill.",
    "Active Skill 4": "Hat Trick",
    "Active Skill 4 Description": "500% damage to 1 enemy, and exchanges the user's current HP with the amount of HP the user has currently lost. Allies gain Spirit equal to the number of units that are sleeping or have slept while on the battlefield after this attack.",
    "Passive Skill 1": "Sleeping Beauty",
    "Passive Skill 1 Description": "Each time this unit takes damage from an attack and survives until after the end of the turn with more than 1HP, this unit grants a random non-sleeping enemy the Sleep status effect for 200TU, even if they have already slept while on the battlefield. This is not a Skin passive skill.\n\nAllies gain 1 Spirit each time a sleeping unit on the battlefield gets the turn.\n\nThis unit cannot be defeated by damage from Burn status effects.",
    "Passive Skill 2": "Dream Defense",
    "Passive Skill 2 Description": "When another unit on the battlefield is sleeping, this unit gains 50% damage reduction from attacks and has a 40% chance to survive any attack that would defeat this unit with 1HP, plus 15% per Awakening (up to 100% chance if this unit has 4 Awakenings).\n\nEach time a sleeping ally gets the turn, they will have the TU costs for all of their skills reduced by 20%, and until the end of their next turn their Attack is increased to 1.5x. This will overwrite the effects of other Quicken, Weaken and Enrage skills on that ally.",
    "Passive Skill 3": "Attack Up Lv3",
    "Passive Skill 3 Description": "Adds 300 to this unit's Attack.",
    "Passive Skill 4": "HP Up Lv3",
    "Passive Skill 4 Description Description": "Adds 1200 to this unit's max HP.",
    "Passive Skill 5": "Fire Resist Lv3",
    "Passive Skill 5 Description": "10% less damage from attacks by Fire units.",
    "Passive Skill 6 Description": "Sword Mastery",
    "Passive Skill 6": "Can use weapon skills of Swords in addition to their original preferred weapon type.",
    "Leader Skill": "Water Attack Up",
    "Leader Skill Description": "Allied Water element units have their Attack increased by 15%."
  },
  {
    "quickview-portrait-image src": "https://evertaletoolbox2.runasp.net/files/images/monsters/small/MordredRegular02_2.png",
    "Name": "Mordred",
    "Title": "Rebel of the Round Table",
    "icon36 src (2)": "https://evertaletoolbox2.runasp.net/files/ui/elements/Light.png",
    "Attack": "1,455",
    "HP": "7,145",
    "SPD": "229",
    "icon36 src (3)": "https://evertaletoolbox2.runasp.net/files/ui/weapons/GreatAxe.png",
    "Active Skill 1": "Royal Bloodbath",
    "Active Skill 1 Description": "Immediately give all other allies that are burning the next turns by reducing their current TU. Active skills that grant turns cannot be used by any affected units until after they have had the turn. Grants the user Healing Burn for 300TU. This will overwrite other status effects on the user. This skill becomes locked for 200TU after use. This skill cannot be used unless there is at least 1 other burning ally on the battlefield.\n\nA unit with Healing Burn will heal after each turn at the same rate as Burn would deal damage instead of taking damage from Burn. Healing Burn will overwrite other status effects on the user and can replace the Burn status effect, but cannot be replaced by Burn. Any unit that deals damage to or is dealt damage by a unit with Healing Burn will gain the Burn status effect. Healing Burn will not be removed by Purify skills.",
    "Active Skill 2": "Heated Strike",
    "Active Skill 2 Description": "100% damage to 1 enemy, 400% damage if the user is burning, 600% damage if there are at least 4 units with the burn status effect. The user is granted Healing Burn for 300TU and 1 Charge after damage is dealt.\n\nCertain skills are affected by and may consume charges. A unit can store a maximum of 3 charges, and all charges are removed from a unit that leaves the battlefield.",
    "Active Skill 3": "Royal Crimsonsting",
    "Active Skill 3 Description": "300% damage to all enemies, plus 100% for each each charge stored by the user (600% max). This attack does not consume charges and ignores the Stealth status effect. The user is granted 1 Charge after damage is dealt. Usable if the user has the Burn status effect or if the user is alone on the battlefield.",
    "Active Skill 4": "Burning Blood",
    "Active Skill 4 Description": "The user is granted the Mega Healing Burn status effect for 100TU, and is healed for 100% of max HP. Usable only if the user has stored 3 Charges. Consumes all Charges on the user.\n\nA unit with Mega Healing Burn will heal after each turn at 20 times the rate as Healing Burn. Mega Healing Burn will overwrite other status effects including Healing Burn on the user, cannot be overwritten by Burn, Poison or Sleep status effects, and cannot be Purified. Any unit that deals damage to or is dealt damage by a unit with Mega Healing Burn will gain the Burn status effect. A unit with Mega Healing Burn will be granted Healing Burn for 300TU when Mega Healing Burn expires.",
    "Passive Skill 1": "Ashes to Ashes",
    "Passive Skill 1 Description": "If this unit would be defeated, it instead survives with 1 HP and then cannot be defeated until its next turn. This effect can trigger once each time this unit enters the battlefield. Whenever this unit uses Burning Blood, this Hold Ground+ effect is reset so it can trigger again.\n\nEach time this unit takes damage from an attack while burning and survives until after the end of the turn with more than 1 HP, this unit will immediately get the turn by having its TU reduced to 0. This extra turn may be interrupted by other effects that influence the turn order (e.g. other stuns targeting the lowest TU target). This is not considered a Counter Skin type effect.",
    "Passive Skill 2": "Blood Reaping",
    "Passive Skill 2 Description": "This unit is not affected by stun effects.\n\nWhenever a non-conjured unit on the battlefield is defeated or sacrificed by any source, this unit heals 100% of its max HP, becomes Enraged, gains 1 charge and the Healing Burn status effect.\n\nThis will overwrite other Status Effects and the effects of other Enrage skills on this unit. Enraged units have their Attack increased to 1.5x until the end of their next turn.",
    "Passive Skill 3": "HP Up Lv3",
    "Passive Skill 3 Description": "Adds 1200 to this unit's max HP.",
    "Passive Skill 4": "Attack Up Lv3",
    "Passive Skill 4 Description Description": "Adds 300 to this unit's Attack.",
    "Passive Skill 5": "Earth Resist Lv3",
    "Passive Skill 5 Description": "10% less damage from attacks by Earth units.",
    "Passive Skill 6 Description": "Greatsword Mastery",
    "Passive Skill 6": "Can use weapon skills of Greatswords in addition to their original preferred weapon type.",
    "Leader Skill": "Light ATK & HP Up",
    "Leader Skill Description": "Allied Light element units have their Attack increased by 10% and max HP increased by 7%."
  },
  {
    "quickview-portrait-image src": "https://evertaletoolbox2.runasp.net/files/images/monsters/small/PercivalRegular02_2.png",
    "Name": "Percival",
    "Title": "Forsaken Round Table Knight",
    "icon36 src (2)": "https://evertaletoolbox2.runasp.net/files/ui/elements/Light.png",
    "Attack": "1,119",
    "HP": "8,825",
    "SPD": "554",
    "icon36 src (3)": "https://evertaletoolbox2.runasp.net/files/ui/weapons/GreatSword.png",
    "Active Skill 1": "Blastwave",
    "Active Skill 1 Description": "100% damage to all enemies. 250% damage instead and stuns each enemy for 100TU if they are dealt damage every second time this skill is activated while on the battlefield. Heals the user for 100% of total damage dealt. This attack ignores the Counter Stance Status Effect, and the effects of Skin passive skills.",
    "Active Skill 2": "Royal Blightburst",
    "Active Skill 2 Description": "The user becomes Enraged, and is granted either a Stun Ward or Sleep Ward at random. Heals all allies for 400% of the user's Attack and Weakens all enemies. This skill becomes locked for 100TU after use.\n\nEnraged units have their Attack increased to 1.5x until the end of their next turn. Weakened units have their Attack reduced to 0.75x until the end of their next turn. These effects will overwrite any existing Weak or Enrage effects on affected units. The effect of Weakening may be diminished if the affected unit's Attack is increased by other effects and it can be overwritten by Enrage effects.",
    "Active Skill 3": "Royal Void",
    "Active Skill 3 Description": "Targets 1 enemy. 500% damage to targets that have defeated 1+ units with attacks while on the battlefield, or to any target if the user has defeated 2+ units with attacks while on the battlefield. This attack ignores the Counter Stance Status Effect, the effects of Skin passive skills and will ignore any effects of non-boss enemies that would prevent the target from being defeated.",
    "Active Skill 4": "Elemental Eruption",
    "Active Skill 4 Description": "500% damage to 2 enemies, and heals the user for 100% of max HP if damage is dealt. This attack ignores damage reduction effects.\n\nEnemies damaged by this attack will be granted one of the following effects:\n- Sleep for 200TU, even if they have already slept while on the battlefield if they are a Fire or Light unit.\n- Mega Poison for 200TU if they are a Storm or Earth unit.\n- Stun for 200TU if they are a Water or Dark unit.\n\nLocked for 200TU after the user has entered the battlefield, and locks again after each use. After the first use, unlocks each time the user damages an enemy with a different attack. Sleep and Mega Poison will overwrite other status effects on that enemy. Mega Poison deals 20 times the damage of normal Poison and cannot be overwritten by normal Poison or Super Poison. This is not considered a Combo Burst type active skill.",
    "Passive Skill 1": "Forsaken Knight",
    "Passive Skill 1 Description": "This unit is not affected by stun effects until its first turn since entering the battlefield.\nHeals all allies on the battlefield for 800% of this unit's attack when this unit is defeated by an enemy.\n\nWhen another non-conjured ally on the battlefield is defeated or sacrificed by any source, this unit gains 50% damage reduction from attacks for 150TU, is healed to max HP and becomes Enraged. Then all other allies gain the Armor status effect and become Enraged. This will overwrite other status effects on those allies. Armor grants 50% damage reduction from the next attack, then Armor is removed. This may not trigger if this unit is defeated or sacrificed at the same time.",
    "Passive Skill 2": "Unyielding Warrior",
    "Passive Skill 2 Description": "This unit cannot be sent to the reinforcements from the battlefield, and cannot be defeated by damage from Poison or Burn status effects.\n\nIf this unit would be defeated by an enemy attack or other status effect while having more than 1 HP, it instead survives with 1 HP.\n\nWhen this unit defeats an enemy with an attack, if they are:\n- Fire or Light, 2 random enemies gain the Sleep status effect for 200TU, even if they have already slept while on the battlefield.\n- Storm or Earth, 2 random enemies that are not sleeping gain the Mega Poison status effect for 200TU.\n- Water or Dark, 2 random enemies are stunned for 200TU.",
    "Passive Skill 3": "Attack Up Lv3",
    "Passive Skill 3 Description": "Adds 300 to this unit's Attack.",
    "Passive Skill 4": "HP Up Lv3",
    "Passive Skill 4 Description Description": "Adds 1200 to this unit's max HP.",
    "Passive Skill 5": "Water Resist Lv3",
    "Passive Skill 5 Description": "10% less damage from attacks by Water units.",
    "Passive Skill 6 Description": "Greataxe Mastery",
    "Passive Skill 6": "Can use weapon skills of Greataxes in addition to their original preferred weapon type.",
    "Leader Skill": "Light Attack Up",
    "Leader Skill Description": "Allied Light element units have their Attack increased by 15%."
  },
  {
    "quickview-portrait-image src": "https://evertaletoolbox2.runasp.net/files/images/monsters/small/LudmillaYukata02_2.png",
    "Name": "Ludmilla",
    "Title": "Red Dragon of the East",
    "icon36 src (2)": "https://evertaletoolbox2.runasp.net/files/ui/elements/Earth.png",
    "Attack": "699",
    "HP": "14,548",
    "SPD": "119",
    "icon36 src (3)": "https://evertaletoolbox2.runasp.net/files/ui/weapons/Hammer.png",
    "Active Skill 1": "Weakening Drain",
    "Active Skill 1 Description": "100% damage to 2 enemies. 600% damage instead if the user has survived for 200TU on the battlefield. Heals the user for 100% of total damage dealt. All enemies hit by this attack will become Weakened, this will overwrite any existing Weak or Enrage effects on those units.\n\nWeakened units have their Attack reduced to 0.75x until the end of their next turn. The effect of Weakening may be diminished if the affected unit's Attack is increased by other effects and it can be overwritten by Enrage effects.",
    "Active Skill 2": "Friendly Evasion",
    "Active Skill 2 Description": "Grants the Stealth status effect with a Stealth Shield to 1 other ally. Stealth will overwrite other Status effects on that ally. Stealthed units ignore the next enemy attack that would damage more than 1 target. Any damage will remove stealth. Stealth Shields prevent the next other status effect a unit would gain while Stealthed from applying.",
    "Active Skill 3": "Dawn of Spring",
    "Active Skill 3 Description": "Immediately give all other allies that are at max HP the next turns by reducing their current TU. Active skills that grant turns cannot be used by any affected units until after they have had the turn.\n\nThen heals all allies other than the user for 100% of their max HP, Purifies them (removes negative status effects like sleep, burn or poison), and grants them Recovery Mist for 200TU. A unit with Recovery Mist will heal for 5% of their max HP and have a 30% chance to be Purified after every turn. Recovery Mist effects do not stack. Usable once per battle.",
    "Active Skill 4": "Flower Shower",
    "Active Skill 4 Description": "Randomly grants each non-burning ally either a Stun Ward, Sleep Ward, or Poison Ward and Purifies them.\n\nIf the user's current HP is at 50% or less, exchanges the user's current HP with the amount of HP the user has currently lost.\n\nWeakens all enemies.\n\nEach Ward prevents their named effect from being applied once, then is removed. Identical Wards cannot stack. This skill becomes locked for 100TU after use.",
    "Passive Skill 1": "Evasive Guard",
    "Passive Skill 1 Description": "This unit has a 20% chance to ignore attacks that would damage exactly 2 targets, plus 20% per Awakening (up to 100% chance if this unit has 4 Awakenings). Attacks that target All allies will not be ignored. If this unit gains the Stealth status effect, it will not be lost when ignoring attacks in this way.\n\nThis unit is a Guardian. For any enemy attack that would hit 1 or 2 other allies, this unit has a 100% chance to redirect 1 hit to itself instead. This unit will not redirect skills that don't deal damage.\n\nThis unit cannot be sent to the reinforcements from the battlefield for 200TU after entering battle.",
    "Passive Skill 2": "Unrelenting Defense",
    "Passive Skill 2 Description": "The first time this unit takes damage from an attack and survives until after the end of the turn, this unit will enter Enduring Stance for 150TU. While in Enduring Stance, this unit cannot be defeated by damage unless it is burning, and cannot be granted Poison, Sleep, or Stuns.\nOnce Enduring Stance ends, this unit will enter Recovery Stance for 150TU. While in Recovery Stance, this unit has 65% damage reduction from attacks, and heals for 40% of max HP at the end of each turn. Whenever this unit is at max HP after this healing triggers, it will be Purified and will Endure the next damage that would defeat it with 1HP. Endure effects cannot stack. These stances can trigger once each time this unit is on the battlefield.\n\nWhen this unit enters battle all enemies will be granted Rage Wards. Rage Wards will prevent a unit from becoming Enraged once, then be removed. Rage Wards cannot stack.",
    "Passive Skill 3": "Dark Resist Lv3",
    "Passive Skill 3 Description": "10% less damage from attacks by Dark units.",
    "Passive Skill 4": "HP Up Lv3",
    "Passive Skill 4 Description Description": "Adds 1200 to this unit's max HP.",
    "Passive Skill 5": "Attack Up Lv3",
    "Passive Skill 5 Description": "Adds 300 to this unit's Attack.",
    "Passive Skill 6 Description": "Spear Mastery",
    "Passive Skill 6": "Can use weapon skills of Spears in addition to their original preferred weapon type.",
    "Leader Skill": "Earth ATK & HP Up",
    "Leader Skill Description": "Allied Earth element units have their Attack increased by 10% and max HP increased by 7%."
  }
]