[
  {
    "quickview-portrait-image src": "https://evertaletoolbox2.runasp.net/files/images/monsters/small/DruidLizard01_2.png",
    "Name": "Szi Pilgrim",
    "icon36h32 src": "https://evertaletoolbox2.runasp.net/files/ui/app/RarityIconN01.png",
    "icon10 src": "https://evertaletoolbox2.runasp.net/files/ui/rarity/IconBrownStarBronze01.png",
    "icon10 src (3)": "https://evertaletoolbox2.runasp.net/files/ui/rarity/IconBrownStarBronze01.png",
    "icon36 src": "https://evertaletoolbox2.runasp.net/files/ui/elements/Fire.png",
    "Cost": "16",
    "Attack": "346",
    "HP": "1,896",
    "SPD": "163",
    "icon36 src (2)": "https://evertaletoolbox2.runasp.net/files/ui/weapons/Staff.png",
    "Active Skill 1": "Attack",
    "Active Skill 1 Description": "Damage to 1 enemy and allies gain 2 Spirit.",
    "Active Skill 2": "Purify",
    "Active Skill 2 Description": "Removes negative status effects like sleep, burn or poison from 1 ally.",
    "Active Skill 3": "Quicken Ally",
    "Active Skill 3 Description": "1 ally's TU costs for all of their skills are reduced by 20%. This will overwrite the effect of previous Quicken skills.",
    "Active Skill 4": "Auto Guard",
    "Active Skill 4 Description": "This unit is a Guardian. For any enemy attack that would hit 1 or 2 other allies, this unit has a 60% chance to redirect 1 hit to itself instead. This unit will not redirect skills that don't deal damage."
  },
  {
    "quickview-portrait-image src": "https://evertaletoolbox2.runasp.net/files/images/monsters/small/CactusBeetle01_2.png",
    "Name": "Needlepest",
    "icon36h32 src": "https://evertaletoolbox2.runasp.net/files/ui/app/RarityIconN01.png",
    "icon10 src": "https://evertaletoolbox2.runasp.net/files/ui/rarity/IconBrownStarBronze01.png",
    "icon36 src": "https://evertaletoolbox2.runasp.net/files/ui/elements/Fire.png",
    "Cost": "12",
    "Attack": "272",
    "HP": "1,672",
    "SPD": "104",
    "icon36 src (2)": "https://evertaletoolbox2.runasp.net/files/ui/weapons/GreatSword.png",
    "Active Skill 1": "Poison",
    "Active Skill 1 Description": "Grants the Poison status effect to 2 enemies. Allies gain 1 Spirit. This will overwrite other status effects on those units.",
    "Active Skill 2": "Push Back",
    "Active Skill 2 Description": "Pushes 1 enemy away from the battlefield to be next in line of the enemy reinforcements. This skill can only be used if there are 1 or more enemy reinforcements left.",
    "Active Skill 3": "Auto Guard",
    "Active Skill 3 Description": "This unit is a Guardian. For any enemy attack that would hit 1 or 2 other allies, this unit has a 60% chance to redirect 1 hit to itself instead. This unit will not redirect skills that don't deal damage."
  },
  {
    "quickview-portrait-image src": "https://evertaletoolbox2.runasp.net/files/images/monsters/small/DeathMushroom01_2.png",
    "Name": "Hauntshroom",
    "icon36h32 src": "https://evertaletoolbox2.runasp.net/files/ui/app/RarityIconN01.png",
    "icon10 src": "https://evertaletoolbox2.runasp.net/files/ui/rarity/IconBrownStarBronze01.png",
    "icon36 src": "https://evertaletoolbox2.runasp.net/files/ui/elements/Earth.png",
    "Cost": "12",
    "Attack": "269",
    "HP": "1,684",
    "SPD": "108",
    "icon36 src (2)": "https://evertaletoolbox2.runasp.net/files/ui/weapons/Staff.png",
    "Active Skill 1": "Poison",
    "Active Skill 1 Description": "Grants the Poison status effect to 2 enemies. Allies gain 1 Spirit. This will overwrite other status effects on those units.",
    "Active Skill 2": "Push Back",
    "Active Skill 2 Description": "Pushes 1 enemy away from the battlefield to be next in line of the enemy reinforcements. This skill can only be used if there are 1 or more enemy reinforcements left.",
    "Active Skill 3": "Auto Guard",
    "Active Skill 3 Description": "This unit is a Guardian. For any enemy attack that would hit 1 or 2 other allies, this unit has a 60% chance to redirect 1 hit to itself instead. This unit will not redirect skills that don't deal damage."
  },
  {
    "quickview-portrait-image src": "https://evertaletoolbox2.runasp.net/files/images/monsters/small/AirGenie01_2.png",
    "Name": "Jynn",
    "icon36h32 src": "https://evertaletoolbox2.runasp.net/files/ui/app/RarityIconN01.png",
    "icon10 src": "https://evertaletoolbox2.runasp.net/files/ui/rarity/IconBrownStarBronze01.png",
    "icon10 src (3)": "https://evertaletoolbox2.runasp.net/files/ui/rarity/IconBrownStarBronze01.png",
    "icon36 src": "https://evertaletoolbox2.runasp.net/files/ui/elements/Storm.png",
    "Cost": "16",
    "Attack": "422",
    "HP": "1,592",
    "SPD": "167",
    "icon36 src (2)": "https://evertaletoolbox2.runasp.net/files/ui/weapons/Staff.png",
    "Active Skill 1": "Brash Strike",
    "Active Skill 1 Description": "150% damage to 1 enemy and allies gain 1 Spirit. Reflects 30% of the damage to the user.",
    "Active Skill 2": "Blood Shot",
    "Active Skill 2 Description": "Sacrifices the last unit in the allied reinforcements for 400% damage to 1 enemy. Usable only if there are 1 or more allied reinforcements left.",
    "Active Skill 3": "Attack All",
    "Active Skill 3 Description": "Damage to all enemies."
  },
  {
    "quickview-portrait-image src": "https://evertaletoolbox2.runasp.net/files/images/monsters/small/AirSpider02_2.png",
    "Name": "Levinwidow",
    "icon36h32 src": "https://evertaletoolbox2.runasp.net/files/ui/app/RarityIconN01.png",
    "icon10 src": "https://evertaletoolbox2.runasp.net/files/ui/rarity/IconBrownStarBronze01.png",
    "icon10 src (3)": "https://evertaletoolbox2.runasp.net/files/ui/rarity/IconBrownStarBronze01.png",
    "icon36 src": "https://evertaletoolbox2.runasp.net/files/ui/elements/Storm.png",
    "Cost": "16",
    "Attack": "393",
    "HP": "1,708",
    "SPD": "365",
    "icon36 src (2)": "https://evertaletoolbox2.runasp.net/files/ui/weapons/GreatSword.png",
    "Active Skill 1": "Attack",
    "Active Skill 1 Description": "Damage to 1 enemy and allies gain 2 Spirit.",
    "Active Skill 2": "Stealth Strike",
    "Active Skill 2 Description": "400% damage to 1 enemy. Usable if the user has the Stealth status effect. This attack ignores any enemy status effects, damage reduction effects, revenge passive skills, and skin passive skills.",
    "Active Skill 3": "Gain Stealth",
    "Active Skill 3 Description": "Grants the Stealth status effect to the user. This will overwrite other status effects on that unit. Stealthed units ignore the next enemy attack that would damage more than 1 target. Any damage will remove stealth.",
    "Active Skill 4": "Stun Revenge",
    "Active Skill 4 Description": "When this unit is defeated by an enemy, that enemy is stunned for 200TU."
  },
  {
    "quickview-portrait-image src": "https://evertaletoolbox2.runasp.net/files/images/monsters/small/IceWolf01_2.png",
    "Name": "Frostfenris",
    "icon36h32 src": "https://evertaletoolbox2.runasp.net/files/ui/app/RarityIconN01.png",
    "icon10 src": "https://evertaletoolbox2.runasp.net/files/ui/rarity/IconBrownStarBronze01.png",
    "icon10 src (3)": "https://evertaletoolbox2.runasp.net/files/ui/rarity/IconBrownStarBronze01.png",
    "icon36 src": "https://evertaletoolbox2.runasp.net/files/ui/elements/Water.png",
    "Cost": "16",
    "Attack": "419",
    "HP": "1,604",
    "SPD": "261",
    "icon36 src (2)": "https://evertaletoolbox2.runasp.net/files/ui/weapons/GreatAxe.png",
    "Active Skill 1": "Attack",
    "Active Skill 1 Description": "Damage to 1 enemy and allies gain 1 Spirit.",
    "Active Skill 2": "Vigor Impact",
    "Active Skill 2 Description": "250% damage to 1 enemy. Usable only if the user's HP is at 75%+.",
    "Active Skill 3": "Grant Stealth",
    "Active Skill 3 Description": "Grants the Stealth status effect to 1 ally. This will overwrite other status effects on that unit. Stealthed units ignore the next enemy attack that would damage more than 1 target. Any damage will remove stealth."
  },
  {
    "quickview-portrait-image src": "https://evertaletoolbox2.runasp.net/files/images/monsters/small/AirGolem01_2.png",
    "Name": "Voltstruct",
    "icon10 src": "https://evertaletoolbox2.runasp.net/files/ui/rarity/IconGreyStarSilver01.png",
    "icon10 src (3)": "https://evertaletoolbox2.runasp.net/files/ui/rarity/IconGreyStarSilver01.png",
    "icon36 src": "https://evertaletoolbox2.runasp.net/files/ui/elements/Storm.png",
    "Cost": "20",
    "Attack": "429",
    "HP": "3,184",
    "SPD": "176",
    "icon36 src (2)": "https://evertaletoolbox2.runasp.net/files/ui/weapons/Hammer.png",
    "Active Skill 1": "Attack",
    "Active Skill 1 Description": "Damage to 1 enemy and allies gain 2 Spirit.",
    "Active Skill 2": "Attack All",
    "Active Skill 2 Description": "Damage to all enemies.",
    "Active Skill 3": "Quicken Ally",
    "Active Skill 3 Description": "1 ally's TU costs for all of their skills are reduced by 20%. This will overwrite the effect of previous Quicken skills.",
    "Active Skill 4": "Pain Spirit",
    "Active Skill 4 Description": "Reduces the user's current HP by 30% of max and allies are granted 3 Spirit."
  },
  {
    "quickview-portrait-image src": "https://evertaletoolbox2.runasp.net/files/images/monsters/small/TigerApe01_2.png",
    "Name": "Demonkey",
    "icon36h32 src": "https://evertaletoolbox2.runasp.net/files/ui/app/RarityIconN01.png",
    "icon10 src": "https://evertaletoolbox2.runasp.net/files/ui/rarity/IconBrownStarBronze01.png",
    "icon10 src (3)": "https://evertaletoolbox2.runasp.net/files/ui/rarity/IconBrownStarBronze01.png",
    "icon36 src": "https://evertaletoolbox2.runasp.net/files/ui/elements/Earth.png",
    "Cost": "16",
    "Attack": "399",
    "HP": "1,684",
    "SPD": "460",
    "icon36 src (2)": "https://evertaletoolbox2.runasp.net/files/ui/weapons/Hammer.png",
    "Active Skill 1": "Attack",
    "Active Skill 1 Description": "Damage to 1 enemy and allies gain 2 Spirit.",
    "Active Skill 2": "Final Strike",
    "Active Skill 2 Description": "400% damage to 2 enemies. Usable only if the user has no allies on the battlefield.",
    "Active Skill 3": "Grant Stealth",
    "Active Skill 3 Description": "Grants the Stealth status effect to 1 ally. This will overwrite other status effects on that unit. Stealthed units ignore the next enemy attack that would damage more than 1 target. Any damage will remove stealth.",
    "Active Skill 4": "Sleep Revenge",
    "Active Skill 4 Description": "Whenever this unit is defeated by an enemy, that enemy gains the Sleep status effect for 200TU. This will overwrite other status effects on that unit. Sleep cannot be applied to a unit that Has Slept while on the battlefield."
  },
  {
    "quickview-portrait-image src": "https://evertaletoolbox2.runasp.net/files/images/monsters/small/Mandragora01_2.png",
    "Name": "Mandragora",
    "icon36h32 src": "https://evertaletoolbox2.runasp.net/files/ui/app/RarityIconN01.png",
    "icon10 src": "https://evertaletoolbox2.runasp.net/files/ui/rarity/IconBrownStarBronze01.png",
    "icon36 src": "https://evertaletoolbox2.runasp.net/files/ui/elements/Earth.png",
    "Cost": "12",
    "Attack": "302",
    "HP": "1,552",
    "SPD": "256",
    "icon36 src (2)": "https://evertaletoolbox2.runasp.net/files/ui/weapons/GreatSword.png",
    "Active Skill 1": "Attack",
    "Active Skill 1 Description": "Damage to 1 enemy and allies gain 1 Spirit.",
    "Active Skill 2": "Poison",
    "Active Skill 2 Description": "Grants the Poison status effect to 2 enemies. Allies gain 1 Spirit. This will overwrite other status effects on those units."
  },
  {
    "quickview-portrait-image src": "https://evertaletoolbox2.runasp.net/files/images/monsters/small/LifeEyeball01_2.png",
    "Name": "Holy Gaze",
    "icon36h32 src": "https://evertaletoolbox2.runasp.net/files/ui/app/RarityIconN01.png",
    "icon10 src": "https://evertaletoolbox2.runasp.net/files/ui/rarity/IconBrownStarBronze01.png",
    "icon36 src": "https://evertaletoolbox2.runasp.net/files/ui/elements/Light.png",
    "Cost": "12",
    "Attack": "307",
    "HP": "1,532",
    "SPD": "57",
    "icon36 src (2)": "https://evertaletoolbox2.runasp.net/files/ui/weapons/Staff.png",
    "Active Skill 1": "Attack",
    "Active Skill 1 Description": "Damage to 1 enemy and allies gain 1 Spirit.",
    "Active Skill 2": "Stun Spark",
    "Active Skill 2 Description": "Stuns 1 random enemy for 150TU."
  }
]