[
  {
    "quickview-portrait-image src": "https://evertaletoolbox2.runasp.net/files/images/monsters/small/CerberusRegular02_2.png",
    "Name": "Cerberus",
    "Title": "Guardian of the Underworld",
    "icon36 src (2)": "https://evertaletoolbox2.runasp.net/files/ui/elements/Fire.png",
    "Cost": "34",
    "Attack": "707",
    "HP": "14,508",
    "SPD": "259",
    "icon36 src (3)": "https://evertaletoolbox2.runasp.net/files/ui/weapons/Axe.png",
    "Leader Skill": "Fire HP Up",
    "Leader Skill Description": "Allied Fire element units have their max HP increased by 10%.",
    "Active Skill 1": "Scorching Spirit",
    "Active Skill 1 Description": "Damage to 1 Enemy. The user is then granted the Healing Burn status effect for 300TU. Allies gain Spirit equal to the number of burning units on the battlefield after this attack.\n\nA unit with Healing Burn will heal after each turn at the same rate as Burn would deal damage instead of taking damage from Burn. Healing Burn will overwrite other status effects on the user and can replace the Burn status effect, but cannot be replaced by Burn. Any unit that deals damage to or is dealt damage by a unit with Healing Burn will gain the Burn status effect. Healing Burn will not be removed by Purify skills.",
    "Active Skill 2": "Burning Claw",
    "Active Skill 2 Description": "400% damage to 1 enemy and Burns all other Allies. Burn will overwrite other status effects on those allies. Usable if the user has the Burn status effect.",
    "Active Skill 3": "Underworld Burn",
    "Active Skill 3 Description": "The user gains the Mega Healing Burn status effect for 100TU. Also heals each other ally that is either Fire element or has a Burn Blast or Burn Drive type active skill for 50% of their max HP.\n\nThis skill is unlocked either:\n- Each time the user defeats another unit with an attack.\n- When this unit enters battle, if 2 other allies are either Fire element or have a Burn Blast or Burn Drive type active skill.\n\nA unit with Mega Healing Burn will heal after each turn at 20 times the rate as Healing Burn. This will overwrite other status effects including Healing Burn on the user, cannot be overwritten by Burn, Poison or Sleep status effects, and cannot be Purified. Any unit that deals damage to or is dealt damage by a unit with Mega Healing Burn will gain the Burn status effect. A unit with Mega Healing Burn will be granted Healing Burn for 300TU when Mega Healing Burn expires.\n\nThis skill is locked again after each use or if the user leaves the battlefield.",
    "Active Skill 4": "Hellhound",
    "Active Skill 4 Description": "300% damage to all enemies, 500% if the user is below 50% of max HP.\n\nEach unit on the battlefield has a 50% chance of being stunned for 100TU. Usable if the user has the Burn status effect.",
    "Passive Skill 1": "Hell's Guard Dog",
    "Passive Skill 1 Description": "This unit has 65% damage reduction from attacks.\nThis unit is not affected by stun effects.\nBurns all units on the battlefield when this unit is defeated by an enemy, this will overwrite other status effects on those units.\n\nThis unit is a Guardian. For any enemy attack that would hit 1 or 2 other allies, this unit has a 100% chance to redirect 1 hit to itself instead. This unit will not redirect skills that don't deal damage.",
    "Passive Skill 2": "3 Headed Defense",
    "Passive Skill 2 Description": "This unit enters battle with the Healing Burn status effect for 300TU and will also Endure the next damage that would defeat it with 1HP.\n\nIf this unit takes damage from an attack and survives until after the end of the turn, this unit will:\n- Gain Endure if it didn't have Endure when it was attacked.\n- Gain Healing Burn if it does not have Healing Burn, or a Sleep status effect (excluding Cursed or Noxious).\n- Heal for 10% of max HP. This healing is increased to 50% of max HP for the first 3 times it triggers while this unit is on the battlefield.",
    "Passive Skill 3": "Attack Up Lv3",
    "Passive Skill 3 Description": "Adds 300 to this unit's Attack.",
    "Passive Skill 4": "HP Up Lv3",
    "Passive Skill 4 Description Description": "Adds 1200 to this unit's max HP.",
    "Passive Skill 5": "Sword Resist Lv3",
    "Passive Skill 5 Description": "10% less damage from attacks by units equipped with Swords.",
    "Passive Skill 6 Description": "Mace Mastery",
    "Passive Skill 6": "Can use weapon skills of Maces in addition to their original preferred weapon type."
  },
  {
    "quickview-portrait-image src": "https://evertaletoolbox2.runasp.net/files/images/monsters/small/CinderellaDark02_2.png",
    "Name": "Cinderella",
    "Title": "Black Rose of Fresalia",
    "icon36 src (2)": "https://evertaletoolbox2.runasp.net/files/ui/elements/Dark.png",
    "Cost": "34",
    "Attack": "1,432",
    "HP": "7,260",
    "SPD": "337",
    "icon36 src (3)": "https://evertaletoolbox2.runasp.net/files/ui/weapons/Sword.png",
    "Leader Skill": "Dark Attack Up",
    "Leader Skill Description": "Allied Dark element units have their Attack increased by 15%.",
    "Active Skill 1": "Shatter Blast",
    "Active Skill 1 Description": "50% damage to 1 enemy. 300% damage instead and the user gains a Power Charge every second time this skill is activated while on the battlefield.\n\nAfter damage is dealt the user becomes enraged, having their attack increased to 1.5x until the end of their next turn, and has a 50% chance to immediately get the next turn. This attack ignores the Counter Stance Status Effect and the effects of Skin passive skills.\n\nPower Charges cannot stack and will be removed when the user leaves the battlefield.",
    "Active Skill 2": "Demolition Raid",
    "Active Skill 2 Description": "Consumes a Power Charge for 600% damage to 2 enemies. This attack ignores enemy damage reduction effects. Usable only if the user has a Power Charge.",
    "Active Skill 3": "Spirit Crash",
    "Active Skill 3 Description": "The Enemy team loses all Spirit. If the user's current HP is at 50% or less, exchanges the user's current HP with the amount of HP the user has currently lost. This skill becomes locked for 150TU after use.",
    "Active Skill 4": "Savage Storm",
    "Active Skill 4 Description": "600% damage to 1 enemy and heals the user for 100% of max HP if damage is dealt. This attack ignores enemy damage reduction effects. The user will also gain a power charge and Endure the next damage that would defeat it with 1HP. Endure effects cannot stack.\n\nUsable if the user has defeated 1+ units with attacks while on the battlefield. This skill becomes locked after use until the user deals damage with another attack. This is not considered a Combo Burst type active skill.",
    "Passive Skill 1": "Oppressive Ground",
    "Passive Skill 1 Description": "If this unit would be defeated, it instead survives with 1 HP and then cannot be defeated until its next turn. This effect can be triggered once each time this unit enters the battlefield. Whenever this unit uses Spirit Crash, this Hold Ground+ effect is reset so it can trigger again.\n\nSteals 1 Spirit from the enemy team whenever this unit deals damage with an attack. Attacks that target multiple enemies will trigger this once for each enemy they damage.\n\nThis unit has 65% damage reduction from attacks unless this unit has defeated an enemy while on the battlefield.",
    "Passive Skill 2": "Berserker's Requiem",
    "Passive Skill 2 Description": "Every time an ally starts their turn with 10 Spirit, or an enemy starts theirs with 0 Spirit, this unit enters Berserker Form at the end of that turn.\n\nWhile in Berserker Form, this unit's active skill TU costs are reduced by 40%, and this unit's attacks will ignore any effects of non-boss enemies that would prevent the target from being defeated. Berserker Form ends when this unit defeats an enemy with an attack, and can then be triggered again.\n\nWhenever this unit is defeated by an enemy, steals Spirit from the enemy team until either ally Spirit reaches 10, or enemy Spirit reaches 0.",
    "Passive Skill 3": "HP Up Lv3",
    "Passive Skill 3 Description": "Adds 1200 to this unit's max HP.",
    "Passive Skill 4": "Sleep Resist Lv3",
    "Passive Skill 4 Description Description": "Reduces the duration of any enemy sleep effects on this unit by 20TU.",
    "Passive Skill 5": "Attack Up Lv3",
    "Passive Skill 5 Description": "Adds 300 to this unit's Attack.",
    "Passive Skill 6 Description": "Staff Mastery",
    "Passive Skill 6": "Can use weapon skills of Staffs in addition to their original preferred weapon type."
  },
  {
    "quickview-portrait-image src": "https://evertaletoolbox2.runasp.net/files/images/monsters/small/OtohimeRegular02_2.png",
    "Name": "Otohime",
    "Title": "Ruler of the Dragon Palace",
    "icon36 src (2)": "https://evertaletoolbox2.runasp.net/files/ui/elements/Water.png",
    "Cost": "34",
    "Attack": "1,142",
    "HP": "8,710",
    "SPD": "464",
    "icon36 src (3)": "https://evertaletoolbox2.runasp.net/files/ui/weapons/Staff.png",
    "Leader Skill": "Water HP Up",
    "Leader Skill Description": "Allied Water element units have their max HP increased by 10%.",
    "Active Skill 1": "Knockout Hit",
    "Active Skill 1 Description": "100% damage to 1 enemy. 400% damage instead if the user's Drowning Blossom active skill has reached its usage limit. If no enemies are sleeping, grants the target the Sleep status effect for 200TU, even if they have already slept while on the battlefield. This will overwrite other status effects on that unit. Damage from this attack does not wake up sleeping enemies.",
    "Active Skill 2": "Drowning Blossom",
    "Active Skill 2 Description": "400% damage to 1 enemy, this damage will not wake up the enemy. Usable if the user's party has 6 or more Spirit or if 2 or more enemies are sleeping. This attack ignores skin passive skills, and the Counter Stance status effect. Usable 3 times per battle.",
    "Active Skill 3": "Nightmare Dragon",
    "Active Skill 3 Description": "600% damage to 2 enemies if they are sleeping, this damage will not wake up sleeping enemies. Allies gain 3 Spirit for each sleeping target hit. This attack ignores enemy damage reduction effects.",
    "Active Skill 4": "With the Fishes",
    "Active Skill 4 Description": "Grants 2 enemies the Sleep status effect for 200TU, even if they have already slept while on the battlefield. This will overwrite other status effects on those units. Unlocked each time the user defeats another unit with an attack or if this unit is on the battlefield at the very start of the battle. This skill is locked again after each use or if the user leaves the battlefield.",
    "Passive Skill 1": "Turning Tides",
    "Passive Skill 1 Description": "Sleeps the non-sleeping enemy with the highest current TU for 200TU, then Sleeps the non-sleeping enemy with the lowest current TU for 200TU, even if those targets have already slept while on the battlefield. This unit will immediately get the next turn by having its TU reduced to 0. These effects are triggered when this unit enters the battlefield from the allied reinforcements.\n\nUntil this unit has defeated an enemy with an attack while on the battlefield, or if this unit is conjured:\n-This unit has 50% damage reduction from attacks.\n-When this unit gets a turn, it heals 30% of its max HP.\n\nThis unit cannot be sent to the reinforcements from the battlefield.",
    "Passive Skill 2": "Deadly Revival",
    "Passive Skill 2 Description": "If this unit has defeated an enemy with an attack while on the battlefield, revive this unit to the very front of allied reinforcements with full HP when this unit is defeated by an enemy attack. The revived unit will be considered a conjured unit and cannot be revived again. Use limits on active skills will be reset for the revived unit. This is not a Revenge passive skill.\n\nIf this unit is conjured, its attacks will ignore any effects of non-boss enemies that would prevent the target from being defeated, until it defeats an enemy that isn't a Mori or Imposter with an attack.\n\nThis unit will ignore attacks that would damage exactly 2 targets (attacks that target All allies will not be ignored). If this unit gains the Stealth status effect, it will not be lost when ignoring attacks in this way.",
    "Passive Skill 3": "HP Up Lv3",
    "Passive Skill 3 Description": "Adds 1200 to this unit's max HP.",
    "Passive Skill 4": "Attack Up Lv3",
    "Passive Skill 4 Description Description": "Adds 300 to this unit's Attack.",
    "Passive Skill 5": "Fire Resist Lv3",
    "Passive Skill 5 Description": "10% less damage from attacks by Fire units.",
    "Passive Skill 6 Description": "Sword Mastery",
    "Passive Skill 6": "Can use weapon skills of Swords in addition to their original preferred weapon type."
  },
  {
    "quickview-portrait-image src": "https://evertaletoolbox2.runasp.net/files/images/monsters/small/GokuDark02_2.png",
    "Name": "Dark Sun Wukong",
    "Title": "The Great Menace, Hell's Equal",
    "icon36 src (2)": "https://evertaletoolbox2.runasp.net/files/ui/elements/Dark.png",
    "Cost": "34",
    "Attack": "1,305",
    "HP": "7,895",
    "SPD": "525",
    "icon36 src (3)": "https://evertaletoolbox2.runasp.net/files/ui/weapons/Hammer.png",
    "Leader Skill": "Dark Attack Up",
    "Leader Skill Description": "Allied Dark element units have their Attack increased by 15%.",
    "Active Skill 1": "Combined Forces",
    "Active Skill 1 Description": "50% damage to 1 enemy. Damage doubles for each other \"Dark Sun Wukong, The Great Menace, Hell's Equal\" in the ally team, including reinforcements (800% max). Enrages each other ally \"Dark Sun Wukong, The Great Menace, Hell's Equal\" on the battlefield. This will overwrite the effects of previous Enrage skills. Enraged units have their Attack increased to 1.5x until the end of their next turn.",
    "Active Skill 2": "Prime Blow",
    "Active Skill 2 Description": "400% damage to 1 enemy. Usable only if the user's HP is at 75%+.",
    "Active Skill 3": "Lightning Kick",
    "Active Skill 3 Description": "800% damage to 1 enemy and then Mega Poisons them for 200TU. Heals the user fully. Mega Poison will overwrite other status effects on that enemy.\n\nLocked for 100TU after the user has entered the battlefield, and locks again for 100TU after each use.\n\nMega Poison deals 20 times the damage of normal poison and cannot be overwritten by normal Poison or Super Poison.",
    "Active Skill 4": "Doubling Arts",
    "Active Skill 4 Description": "Adds another Dark Sun Wukong to the next in line of allied reinforcements. This Dark Sun Wukong's Level, Limit Breaks, Awakenings, Boosts, Potential, Mastery, Weapon, and Accessory will match the user.\n\nThen if 4 allies are on the battlefield, the user exchanges themselves with the Dark Sun Wukong added to allied reinforcements. Usable only if the user doesn't have the Counter Stance status effect. This skill is locked if there are 4+ conjured copies of \"Dark Sun Wukong, The Great Menace, Hell's Equal\" among allies on the battlefield and allied reinforcements.",
    "Passive Skill 1": "Dark Gifts",
    "Passive Skill 1 Description": "Super Poisons all enemies. This unit will immediately get the next turn by having its TU reduced to 0, is granted the Counter Stance status effect, and is fully healed. These effects are triggered when this unit enters the battlefield from the allied reinforcements. Super Poison and Counter Stance overwrite other status effects on those units. Super Poison deals 4 times the damage of normal poison, and cannot be overwritten by normal Poison.\n\nWhenever this unit enters the battlefield, whether at the start of battle or from reinforcements, it will Endure the next damage that would defeat it with 1HP. Endure effects cannot stack.",
    "Passive Skill 2": "Thousand Thrusts",
    "Passive Skill 2 Description": "Each time this unit damages a poisoned enemy with an attack, this unit will get another turn and allies gain 1 Spirit for each other ally \"Dark Sun Wukong, The Great Menace, Hell's Equal\" on the battlefield or in allied reinforcements, up to 4 spirit gained max.\n\nThese effects cannot trigger again against the same target until TU advances.\n\nEffects that influence TU order may interrupt the extra turn (e.g. Stuns targeting the lowest TU target).",
    "Passive Skill 3": "HP Up Lv3",
    "Passive Skill 3 Description": "Adds 1200 to this unit's max HP.",
    "Passive Skill 4": "Sword Resist Lv3",
    "Passive Skill 4 Description Description": "10% less damage from attacks by units equipped with Swords.",
    "Passive Skill 5": "Attack Up Lv3",
    "Passive Skill 5 Description": "Adds 300 to this unit's Attack.",
    "Passive Skill 6 Description": "Spear Mastery",
    "Passive Skill 6": "Can use weapon skills of Spears in addition to their original preferred weapon type."
  },
  {
    "quickview-portrait-image src": "https://evertaletoolbox2.runasp.net/files/images/monsters/small/RizetteBride02_2.png",
    "Name": "Rizette",
    "Title": "Cerulean Bride",
    "icon36 src (2)": "https://evertaletoolbox2.runasp.net/files/ui/elements/Earth.png",
    "Cost": "34",
    "Attack": "1,400",
    "HP": "7,420",
    "SPD": "499",
    "icon36 src (3)": "https://evertaletoolbox2.runasp.net/files/ui/weapons/Axe.png",
    "Leader Skill": "Earth Attack Up",
    "Leader Skill Description": "Allied Earth element units have their Attack increased by 15%.",
    "Active Skill 1": "Dual Toxins",
    "Active Skill 1 Description": "The first time this skill is activated while on the battlefield, the user will get the next turn by having their TU reduced to 0.\n\nTargets 2 enemies. If they are not burning, poisoned, or sleeping, they are randomly granted either Noxious Sleep for 100TU or Mega Poison for 200TU.\n\nNoxious Sleep can be applied repeatedly to units that have already slept while on the battlefield, and will not end from damage. A unit with Noxious Sleep will be granted Mega Poison for 200TU when Noxious Sleep expires.\n\nMega Poison deals 20 times the damage of normal Poison and cannot be overwritten by normal Poison or Super Poison. These status effects will overwrite other status effects if applied.",
    "Active Skill 2": "Cerulean Bride",
    "Active Skill 2 Description": "600% damage to 2 enemies if they are sleeping. The user recovers HP to 100% of its own max if damage is dealt to a sleeping target.",
    "Active Skill 3": "Endless Bride",
    "Active Skill 3 Description": "600% damage to 2 enemies if they are poisoned. The user recovers HP to 100% of its own max if damage is dealt to a poisoned target.",
    "Active Skill 4": "Final Vows",
    "Active Skill 4 Description": "250% damage to 1 enemy, 400% if there is any poisoned or sleeping enemy on the battlefield, or 600% damage if there are both (even if the target is not poisoned or sleeping). If the targeted enemy is not burning, poisoned, or sleeping, they are randomly granted either Noxious Sleep for 100TU or Mega Poison for 200TU.\n\nThese status effects will overwrite other status effects if applied. This attack ignores enemy damage reduction effects, Skin passive skills and the Counter Stance status effect. This is considered a Dream Hunter type Active Skill. This skill becomes locked for 50TU after use.",
    "Passive Skill 1": "Noxious Aura",
    "Passive Skill 1 Description": "Each time an enemy damages this unit with an attack there is a 50% chance that they are immediately granted Noxious Sleep for 100TU unless they are burning or using an attack that will cause burn. This is not considered a skin effect.\n\nEach time this unit damages a poisoned enemy, that enemy will be granted Noxious Sleep for 100TU. Each time this unit damages a sleeping enemy (including Noxious Sleep), that enemy will be granted Mega Poison for 200TU.\n\nThis skill's status effects will not spread if this unit is burning.",
    "Passive Skill 2": "Undying Love",
    "Passive Skill 2 Description": "This unit gains 3 charges. Triggered both at the very start of the battle if this unit is on the battlefield, and when this unit enters the battlefield from reinforcements. If this unit would be defeated while it has any charges, this unit will consume 1 charge to survive with 1HP remaining instead. Whenever a poisoned or sleeping enemy gets the turn, this unit gains 1 charge after the end of the turn. A unit can store up to 3 charges.\n\nThis unit will have their TU costs reduced by 25% while there is a poisoned or sleeping enemy, or 50% instead if there are both. This unit cannot be quickened.",
    "Passive Skill 3": "HP Up Lv3",
    "Passive Skill 3 Description": "Adds 1200 to this unit's max HP.",
    "Passive Skill 4": "Storm Resist Lv3",
    "Passive Skill 4 Description Description": "10% less damage from attacks by Storm units.",
    "Passive Skill 5": "Attack Up Lv3",
    "Passive Skill 5 Description": "Adds 300 to this unit's Attack.",
    "Passive Skill 6 Description": "Mace Mastery",
    "Passive Skill 6": "Can use weapon skills of Maces in addition to their original preferred weapon type."
  },
  {
    "quickview-portrait-image src": "https://evertaletoolbox2.runasp.net/files/images/monsters/small/GilgameshRegular02_2.png",
    "Name": "Gilgamesh",
    "Title": "Lion Queen of the Desert",
    "icon36 src (2)": "https://evertaletoolbox2.runasp.net/files/ui/elements/Fire.png",
    "Cost": "34",
    "Attack": "1,572",
    "HP": "6,560",
    "SPD": "395",
    "icon36 src (3)": "https://evertaletoolbox2.runasp.net/files/ui/weapons/GreatSword.png",
    "Leader Skill": "Fire Attack Up",
    "Leader Skill Description": "Allied Fire element units have their Attack increased by 15%.",
    "Active Skill 1": "Royal Flame",
    "Active Skill 1 Description": "400% damage to 1 enemy if the user is burning. Otherwise, damage to 1 enemy and the user is then granted the Burn status effect. This will overwrite other status effects on the user. Any unit that deals damage to or is dealt damage by a unit with burn will also become burned.\n\nIf the user's current HP is at 50% or less, exchanges the user's current HP with the amount of HP the user has currently lost.",
    "Active Skill 2": "Burning Blaze",
    "Active Skill 2 Description": "500% damage to 2 enemies. This attack ignores the Stealth and Counter Stance Status Effects, the effects of Skin passive skills, and Revenge passive skills. Usable if the user has the Burn status effect.",
    "Active Skill 3": "Royal Ignition",
    "Active Skill 3 Description": "Burns all units on the battlefield, this will overwrite other status effects on those units. All allies are fully healed. Allies gain 1 Spirit for each other ally that is either Fire element or has a Burn Blast or Burn Drive type active skill. This skill becomes locked for 100TU after use.",
    "Active Skill 4": "Royal Judgment",
    "Active Skill 4 Description": "750% damage to 1 enemy. This attack ignores effects of non-boss enemies that would prevent the target from being defeated. Usable only if all units on the battlefield are burning. This is considered a Burn Drive type active skill.",
    "Passive Skill 1": "Majestic Focus",
    "Passive Skill 1 Description": "This unit is not affected by stun effects.\n\nIf this unit would be defeated while it has the Burn status effect, it will instead survive with 1HP. Then if this unit survives until after the end of the turn it will be healed fully and Burn will be removed from this unit.\n\nThis unit's Active Skill TU Costs are reduced by 50% while it has the Burn status effect. Quicken effects will not further reduce this unit's TU costs.",
    "Passive Skill 2": "Explosive Velocity",
    "Passive Skill 2 Description": "After this unit's first turn on the battlefield, all other units on the battlefield are stunned for 150TU. Ally Stun Absorbers do not redirect this stun, and allies will not be stunned by this effect if there is an enemy Stun Absorber on the battlefield.\n\nOther burning allies will have their TU costs reduced by 20% while this unit is on the battlefield. This effect can stack with Quicken effects and weapon skills with diminishing returns, but will not apply to allies that have other TU reduction passive skills.\n\nWhenever this unit defeats an enemy with an attack, all other allies that are either Fire element or have Burn Blast or Burn Drive type active skills will become Enraged, this will overwrite previous Enrage effects on those units. Enraged units have their Attack increased to 1.5x until the end of their next turn.\n\nThis unit cannot be sent to the reinforcements from the battlefield.",
    "Passive Skill 3": "Attack Up Lv3",
    "Passive Skill 3 Description": "Adds 300 to this unit's Attack.",
    "Passive Skill 4": "HP Up Lv3",
    "Passive Skill 4 Description Description": "Adds 1200 to this unit's max HP.",
    "Passive Skill 5": "Spear Hunter Lv3",
    "Passive Skill 5 Description": "10% bonus to attacks against units equipped with Spears.",
    "Passive Skill 6 Description": "Greataxe Mastery",
    "Passive Skill 6": "Can use weapon skills of Greataxes in addition to their original preferred weapon type."
  },
  {
    "quickview-portrait-image src": "https://evertaletoolbox2.runasp.net/files/images/monsters/small/CleopatraRegular02_2.png",
    "Name": "Cleopatra",
    "Title": "The Last Pharaoh",
    "icon36 src (2)": "https://evertaletoolbox2.runasp.net/files/ui/elements/Dark.png",
    "Cost": "34",
    "Attack": "1,528",
    "HP": "6,780",
    "SPD": "393",
    "icon36 src (3)": "https://evertaletoolbox2.runasp.net/files/ui/weapons/GreatAxe.png",
    "Leader Skill": "Dark Attack Up",
    "Leader Skill Description": "Allied Dark element units have their Attack increased by 15%.",
    "Active Skill 1": "Snake Bite",
    "Active Skill 1 Description": "50% damage to 1 enemy. 300% damage every second time this skill is activated while on the battlefield. The damaged enemy also becomes Poisoned, with a 25% chance of becoming Mega Poisoned for 200TU instead. Poisons will overwrite other status effects on that enemy. Mega Poison deals 20 times the damage of normal Poison and cannot be overwritten by normal Poison or Super Poison. This attack ignores the Counter Stance Status Effect and the effects of Skin passive skills.",
    "Active Skill 2": "Mirage Serpent",
    "Active Skill 2 Description": "Targets 1 enemy. If they are poisoned, deals 600% damage, and Mega Poisons them for 200TU. This will overwrite existing Poison on that enemy.",
    "Active Skill 3": "Checkmate",
    "Active Skill 3 Description": "600% damage to 1 enemy. Usable only if there is an Imposter among enemies on the battlefield.",
    "Active Skill 4": "Dusk Mirage",
    "Active Skill 4 Description": "Exchanges 1 enemy with an Imposter. The exchanged enemy will be sent to a random place in line of enemy reinforcements. If there are no enemy reinforcements, add enough Imposters to the enemy team to still send the targeted enemy to reinforcements (max 3). Usable only if there are at least 2 non-Imposter enemies on the battlefield and becomes locked for 200TU after use. This skill will have no effect if the targeted enemy is Immovable.",
    "Passive Skill 1": "Soul Substitute",
    "Passive Skill 1 Description": "While there is an Imposter among enemies on the battlefield:\n- This unit cannot be defeated by non-attack damage.\n- If this unit would be defeated by an attack while it does not have Endure, this unit will be Purified and healed for 100% of max HP, and then an enemy Imposter will be sacrificed.\n\nThis unit enters battle with a Poison Ward, Sleep Ward, Stun Ward, and Endure. Each Ward prevents their named effect from being applied once, then is removed. Identical Wards cannot stack.\n\nA unit with Endure will endure the next damage that would defeat it with 1HP. Endure effects cannot stack.",
    "Passive Skill 2": "Queen's Domain",
    "Passive Skill 2 Description": "The first damage this unit deals with an Attack while on the battlefield will ignore any effects of non-boss enemies that would prevent the target from being defeated.\n\nWhenever this unit defeats a non-conjured enemy with an attack, an Imposter is added to the next in line of enemy reinforcements.\n\nWhenever an enemy Imposter on the battlefield is defeated or sacrificed by any source (including Soul Substitute), all non-Imposter enemies on the battlefield that are not sleeping will become Mega Poisoned for 200TU and will be stunned for 50TU.",
    "Passive Skill 3": "Attack Up Lv3",
    "Passive Skill 3 Description": "Adds 300 to this unit's Attack.",
    "Passive Skill 4": "Sword Hunter Lv3",
    "Passive Skill 4 Description Description": "10% bonus to attacks against units equipped with Swords.",
    "Passive Skill 5": "HP Up Lv3",
    "Passive Skill 5 Description": "Adds 1200 to this unit's max HP.",
    "Passive Skill 6 Description": "Greatsword Mastery",
    "Passive Skill 6": "Can use weapon skills of Greatswords in addition to their original preferred weapon type."
  },
  {
    "quickview-portrait-image src": "https://evertaletoolbox2.runasp.net/files/images/monsters/small/MechaSisterBride02_2.png",
    "Name": "Anya",
    "Title": "Radiant Mecha Bride",
    "icon36 src (2)": "https://evertaletoolbox2.runasp.net/files/ui/elements/Water.png",
    "Cost": "34",
    "Attack": "1,133",
    "HP": "8,755",
    "SPD": "335",
    "icon36 src (3)": "https://evertaletoolbox2.runasp.net/files/ui/weapons/Staff.png",
    "Leader Skill": "Water Attack Up",
    "Leader Skill Description": "Allied Water element units have their Attack increased by 15%.",
    "Active Skill 1": "Dream Weaver",
    "Active Skill 1 Description": "500% damage to 1 enemy if there is a sleeping enemy (even if the target is not sleeping). If there are no sleeping enemies, 50% damage instead and allies gain an additional 2 Spirit. This attack ignores enemy damage reduction effects and is considered a Dream Hunter type Active Skill.",
    "Active Skill 2": "Lights Out",
    "Active Skill 2 Description": "Grants 2 enemies the Sleep status effect for 200TU, even if they have already slept while on the battlefield. This will overwrite other status effects on those units. For each targeted enemy that does not fall asleep (e.g. due to a Sleep Ward), allies gain 2 Spirit. Usable only if no enemies are sleeping.",
    "Active Skill 3": "Demolition Raid",
    "Active Skill 3 Description": "Consumes a Power Charge for 600% damage to 2 enemies. This attack ignores enemy damage reduction effects. Usable only if the user has a Power Charge.",
    "Active Skill 4": "Aegis Overload",
    "Active Skill 4 Description": "300% damage to all enemies and heals all allies for 800% of the user's Attack. All allies will become Enraged and all enemies hit by this attack will become Weakened, this will overwrite any existing Weak or Enrage effects on those units. This attack ignores Skin passive skills and the Counter Stance status effect.\n\nThe user will also have their Power Barrier passive skill reactivated and gain a Power Charge. Usable only if the user's Power Barrier passive skill is deactivated and becomes locked for 100TU after use.\n\n- Enraged units have their Attack increased to 1.5x until the end of their next turn.\n- Weakened units have their Attack reduced to 0.75x until the end of their next turn. The effect of Weakening may be diminished if the affected unit's Attack is increased by other effects and it can be overwritten by Enrage effects.\n- Power Charges cannot stack and will be removed when the user leaves the battlefield.",
    "Passive Skill 1": "Power Barrier",
    "Passive Skill 1 Description": "This Barrier will be activated whenever this unit enters battle.\n\nWhile this unit is on the battlefield and this Barrier is activated:\n- Allies gain 35% damage reduction from attacks. This effect can stack with other damage reduction effects such as Armor, but will not stack with itself or other ally Barrier type skills.\n- This unit cannot be defeated by non-attack damage.\n- If this unit takes damage from an attack and survives until after the end of the turn, this unit will heal for 25% of max HP.\n-If this unit would be defeated by an attack, this Barrier will be deactivated and this unit will be Purified and healed for 100% of max HP.\n\nIf this unit's Barrier is deactivated and it would be defeated by an enemy attack or a status effect while having more than 1 HP, it instead survives with 1 HP.",
    "Passive Skill 2": "Adaptive Circuit",
    "Passive Skill 2 Description": "This unit's attacks will not wake sleeping enemies.\n\nWhenever another non-conjured ally enters the battlefield from reinforcements, 20%+ chance for one of the following effects determined by that unit's Element to trigger.\n\nWATER: Grants 1 random non-sleeping enemy Sleep (Forced) for 200TU.\nFIRE: Grants Burn to all enemies.\nEARTH: Grants 1 random non-sleeping enemy Cursed Sleep for 200TU (blocked by Burn).\nSTORM: Stuns 1 random enemy for 150TU.\nDARK: Mega Poisons 1 random non-sleeping enemy for 200TU.\nLIGHT: Purifies all allies and heals them for 400% of this unit's Attack.\n\nThe chance of these effects triggering increases by 20% for each Awakening this unit has, up to 100% when fully awakened. Successfully applied Status Effects will overwrite existing status effects on affected units.",
    "Passive Skill 3": "Attack Up Lv3",
    "Passive Skill 3 Description": "Adds 300 to this unit's Attack.",
    "Passive Skill 4": "HP Up Lv3",
    "Passive Skill 4 Description Description": "Adds 1200 to this unit's max HP.",
    "Passive Skill 5": "G.sword Hunter Lv3",
    "Passive Skill 5 Description": "10% bonus to attacks against units equipped with Greatswords.",
    "Passive Skill 6 Description": "Axe Mastery",
    "Passive Skill 6": "Can use weapon skills of Axes in addition to their original preferred weapon type."
  },
  {
    "quickview-portrait-image src": "https://evertaletoolbox2.runasp.net/files/images/monsters/small/LokiRegular02_2.png",
    "Name": "Loki",
    "Title": "Goddess of Lies and Betrayal",
    "icon36 src (2)": "https://evertaletoolbox2.runasp.net/files/ui/elements/Dark.png",
    "Cost": "34",
    "Attack": "1,532",
    "HP": "6,760",
    "SPD": "391",
    "icon36 src (3)": "https://evertaletoolbox2.runasp.net/files/ui/weapons/GreatAxe.png",
    "Leader Skill": "Dark Attack Up",
    "Leader Skill Description": "Allied Dark element units have their Attack increased by 15%.",
    "Active Skill 1": "Dark Hypnosis",
    "Active Skill 1 Description": "Hypnotizes a random enemy (20%+ chance) and Mega Poisons them for 200TU (100% chance). A Hypnotized enemy will use its next turn to grant the turn to and Purify the hypnotizer (the turn will be lost as if it were sleeping), and then the hypnosis will end. The chance of Hypnosis applying increases by 20% for each awakening the user has, up to 100% max when fully awakened.\n\nHypnosis is not a status effect and cannot be removed by Purify skills, but will be canceled if the user is defeated or leaves the battlefield. Mega Poison will overwrite other status effects on that enemy. Mega Poison deals 20 times the damage of normal Poison and cannot be overwritten by normal Poison or Super Poison.\n\nThis skill becomes locked for 100TU after use and cannot be used if an enemy is already Hypnotized. Hypnosis will fail against Boss units.",
    "Active Skill 2": "Devil's Dance",
    "Active Skill 2 Description": "300% damage to all enemies, and each enemy hit has a 50% chance to be Mega Poisoned for 200TU. This attack ignores skin passive skills and the Counter Stance status effect.\n\nUsable only if there is an enemy Guardian on the battlefield.",
    "Active Skill 3": "Reaping Scythe",
    "Active Skill 3 Description": "Targets 2 enemies and deals 100% damage. 400% damage instead against poisoned targets and steals 1 Spirit from enemies for each poisoned enemy hit. This attack ignores enemy damage reduction effects, skin passive skills, and the Counter Stance status effect.",
    "Active Skill 4": "Survivor's Edict",
    "Active Skill 4 Description": "600% damage to 1 enemy then Mega Poisons them for 200TU, this will overwrite other status effects on that enemy. Heals the user for 100% of max HP if damage is dealt. This attack ignores enemy damage reduction effects. The user will also Endure the next damage that would defeat it with 1 HP. Endure effects cannot stack. Locked for 300TU after the user has entered the battlefield.",
    "Passive Skill 1": "Valshamr",
    "Passive Skill 1 Description": "This unit will ignore attacks that would damage exactly 2 targets unless Survivor's Edict is unlocked by this unit (attacks that target All allies will not be ignored). If this unit gains the Stealth status effect, it will not be lost when ignoring attacks in this way.",
    "Passive Skill 2": "Godly Endurance",
    "Passive Skill 2 Description": "When this unit enters battle (whether at the start of battle or from reinforcements) it will Endure the next damage that would defeat it with 1 HP.\n\nWhenever this unit takes damage and survives until after the end of the turn with below 50% of max HP, this unit will be healed fully, will gain Endure, and this effect will become locked for 100TU or until this unit defeats an enemy with an attack.\n\nWhenever this unit defeats an enemy with an attack, this unit will be healed fully and gain Endure. Endure effects cannot stack.",
    "Passive Skill 3": "Attack Up Lv3",
    "Passive Skill 3 Description": "Adds 300 to this unit's Attack.",
    "Passive Skill 4": "Stun Resist Lv3",
    "Passive Skill 4 Description Description": "Reduces the amount of any stun effects against this unit by 20TU.",
    "Passive Skill 5": "HP Up Lv3",
    "Passive Skill 5 Description": "Adds 1200 to this unit's max HP.",
    "Passive Skill 6 Description": "Spear Mastery",
    "Passive Skill 6": "Can use weapon skills of Spears in addition to their original preferred weapon type."
  },
  {
    "quickview-portrait-image src": "https://evertaletoolbox2.runasp.net/files/images/monsters/small/OdinRaven02_2.png",
    "Name": "Winged Shade",
    "Title": "Bringer of Bad Omens",
    "icon36 src (2)": "https://evertaletoolbox2.runasp.net/files/ui/elements/Storm.png",
    "Cost": "0",
    "Attack": "100",
    "HP": "300",
    "SPD": "700",
    "icon36 src (3)": "https://evertaletoolbox2.runasp.net/files/ui/weapons/Spear.png",
    "Active Skill 1": "Go for the Eyes!",
    "Active Skill 1 Description": "50% damage to 1 enemy and Weakens them (reduces their Attack to 0.75x until the end of their next turn). This attack cannot be redirected by enemy Guardians. This will overwrite any existing Weak or Enrage effects on the target and can be overwritten by Enrage effects. The effect of Weakening may be diminished if the affected unit's Attack is increased by other effects.",
    "Active Skill 2": "Stun Bolt",
    "Active Skill 2 Description": "Stuns 1 enemy for 100TU. Usable once per battle and only if there is an ally \"Odin, Goddess of All Laws\" on the battlefield.",
    "Active Skill 3": "Supreme Revival",
    "Active Skill 3 Description": "Sacrifices the user to revive the Odin that conjured the user to the battlefield with full HP. Usable if there is not already an ally \"Odin, Goddess of All Laws\" on the battlefield or in allied reinforcements. The revived Odin will be considered a conjured unit and will have use limits on active skills reset.",
    "Active Skill 4": "Ephemeral",
    "Active Skill 4 Description": "This unit is never considered to be defeated by attacks and does not trigger any skills of other units whenever it is defeated or sacrificed by any source while on the battlefield.\n\nThis unit will be fully healed after each turn if it takes damage but is not defeated. This unit will be defeated after any ally or enemy turn if this unit has any of the Burn, Super Poison, or Mega Poison status effects.\n\nDamage dealt to this unit is increased to 2.5 times the normal amount.",
    "Passive Skill 1": "Bad Omen",
    "Passive Skill 1 Description": "Steals 1 Spirit from the enemy team. Triggered when this unit enters the battlefield from reinforcements."
  }
]