[
  {
    "quickview-portrait-image src": "https://evertaletoolbox2.runasp.net/files/images/monsters/small/FireMinion01_2.png",
    "Name": "Himori",
    "icon36h32 src": "https://evertaletoolbox2.runasp.net/files/ui/app/RarityIconN01.png",
    "icon36 src": "https://evertaletoolbox2.runasp.net/files/ui/elements/Fire.png",
    "Cost": "0",
    "Attack": "208",
    "HP": "1,099",
    "SPD": "84",
    "icon36 src (2)": "https://evertaletoolbox2.runasp.net/files/ui/weapons/Sword.png",
    "Active Skill 1": "Attack",
    "Active Skill 1 Description": "Damage to 1 enemy and allies gain 1 Spirit.",
    "Active Skill 2": "Ignition",
    "Active Skill 2 Description": "The user gains the Burn status effect. This will overwrite other status effects on that unit. Any unit that deals damage to or is dealt damage by a unit with burn will also become burned.",
    "Active Skill 3": "Auto Guard",
    "Active Skill 3 Description": "This unit is a Guardian. For any enemy attack that would hit 1 or 2 other allies, this unit has a 60% chance to redirect 1 hit to itself instead. This unit will not redirect skills that don't deal damage."
  },
  {
    "quickview-portrait-image src": "https://evertaletoolbox2.runasp.net/files/images/monsters/small/EarthMinion01_2.png",
    "Name": "Chimori",
    "icon36h32 src": "https://evertaletoolbox2.runasp.net/files/ui/app/RarityIconN01.png",
    "icon36 src": "https://evertaletoolbox2.runasp.net/files/ui/elements/Earth.png",
    "Cost": "0",
    "Attack": "208",
    "HP": "1,099",
    "SPD": "84",
    "icon36 src (2)": "https://evertaletoolbox2.runasp.net/files/ui/weapons/Sword.png",
    "Active Skill 1": "Attack",
    "Active Skill 1 Description": "Damage to 1 enemy and allies gain 1 Spirit.",
    "Active Skill 2": "Auto Guard",
    "Active Skill 2 Description": "This unit is a Guardian. For any enemy attack that would hit 1 or 2 other allies, this unit has a 60% chance to redirect 1 hit to itself instead. This unit will not redirect skills that don't deal damage.",
    "Active Skill 3": "Spirit- Entry",
    "Active Skill 3 Description": "Reduces enemy Spirit by 1. Triggered when this unit enters the battlefield from the allied reinforcements."
  },
  {
    "quickview-portrait-image src": "https://evertaletoolbox2.runasp.net/files/images/monsters/small/DeathMinion01_2.png",
    "Name": "Kuromori",
    "icon36h32 src": "https://evertaletoolbox2.runasp.net/files/ui/app/RarityIconN01.png",
    "icon36 src": "https://evertaletoolbox2.runasp.net/files/ui/elements/Dark.png",
    "Cost": "0",
    "Attack": "208",
    "HP": "1,099",
    "SPD": "84",
    "icon36 src (2)": "https://evertaletoolbox2.runasp.net/files/ui/weapons/Sword.png",
    "Active Skill 1": "Poison",
    "Active Skill 1 Description": "Grants the Poison status effect to 1 enemy. Allies gain 1 Spirit. This will overwrite other status effects on that unit.",
    "Active Skill 2": "Auto Guard",
    "Active Skill 2 Description": "This unit is a Guardian. For any enemy attack that would hit 1 or 2 other allies, this unit has a 60% chance to redirect 1 hit to itself instead. This unit will not redirect skills that don't deal damage."
  },
  {
    "quickview-portrait-image src": "https://evertaletoolbox2.runasp.net/files/images/monsters/small/BoxJaw01_2.png",
    "Name": "Vile Mimic",
    "icon36h32 src": "https://evertaletoolbox2.runasp.net/files/ui/app/RarityIconN01.png",
    "icon36 src": "https://evertaletoolbox2.runasp.net/files/ui/elements/Dark.png",
    "Cost": "999",
    "Attack": "500",
    "HP": "250",
    "SPD": "50",
    "Active Skill 1": "Attack",
    "Active Skill 1 Description": "Damage to 1 enemy and allies gain 1 Spirit.",
    "Active Skill 2": "Bomb Surprise",
    "Active Skill 2 Description": "Sacrifices user for 700% damage to all enemies."
  },
  {
    "quickview-portrait-image src": "https://evertaletoolbox2.runasp.net/files/images/monsters/small/Oz01_2.png",
    "Name": "Oz",
    "icon36 src": "https://evertaletoolbox2.runasp.net/files/ui/elements/Storm.png",
    "Cost": "20",
    "Attack": "492",
    "HP": "2,932",
    "SPD": "96",
    "icon36 src (2)": "https://evertaletoolbox2.runasp.net/files/ui/weapons/GreatSword.png",
    "Active Skill 1": "Attack",
    "Active Skill 1 Description": "Damage to 1 enemy and allies gain 2 Spirit.",
    "Active Skill 2": "Counter Stance",
    "Active Skill 2 Description": "Grants the Counter Stance status effect to the user. This will overwrite other status effects on that unit. For 150TU, the next time the user takes damage from an enemy attack, it will become their turn. Cannot be used if the user already has the Counter Stance status effect or has gotten the current turn from Counter Stance.",
    "Active Skill 3": "Time Strike",
    "Active Skill 3 Description": "500% damage to 1 enemy if they have 130TU or more in the turn order. 600% damage if the target has 200TU or more.",
    "Title": "Oz",
    "icon36 src (3)": "https://evertaletoolbox2.runasp.net/files/ui/app/RarityIconR01.png",
    "icon10 src": "https://evertaletoolbox2.runasp.net/files/ui/rarity/IconGreyStarSilver01.png",
    "icon10 src (4)": "https://evertaletoolbox2.runasp.net/files/ui/rarity/IconGreyStarSilver01.png",
    "Leader Skill": "Storm ATK & HP Up",
    "Leader Skill Description": "Allied Storm element units have their Attack increased by 4% and max HP increased by 3%.",
    "Active Skill 4": "Desperate Strike",
    "Active Skill 4 Description": "400% damage to 1 enemy. Usable only if the user's HP is at 50% or less. 500% damage if the user's HP is at 25% or less.",
    "Passive Skill 1": "Hold Ground",
    "Passive Skill 1 Description": "If this unit would be defeated by an enemy attack or a status effect while having more than 1 HP, it instead survives with 1 HP.",
    "Passive Skill 2": "Attack Up Lv1",
    "Passive Skill 2 Description": "Adds 150 to this unit's Attack.",
    "Passive Skill 3": "Stun Resist Lv1",
    "Passive Skill 3 Description": "Reduces the amount of any stun effects against this unit by 10TU.",
    "Passive Skill 4": "HP Up Lv1",
    "Passive Skill 4 Description Description": "Adds 600 to this unit's max HP.",
    "Passive Skill 5": "Katana Mastery",
    "Passive Skill 5 Description": "Can use weapon skills of Katanas in addition to their original preferred weapon type."
  },
  {
    "quickview-portrait-image src": "https://evertaletoolbox2.runasp.net/files/images/monsters/small/Mysha01_2.png",
    "Name": "Mysha",
    "icon36h32 src": "https://evertaletoolbox2.runasp.net/files/ui/app/RarityIconN01.png",
    "icon36 src": "https://evertaletoolbox2.runasp.net/files/ui/elements/Earth.png",
    "Cost": "16",
    "Attack": "371",
    "HP": "1,796",
    "SPD": "368",
    "icon36 src (2)": "https://evertaletoolbox2.runasp.net/files/ui/weapons/Sword.png",
    "Active Skill 1": "Attack",
    "Active Skill 1 Description": "Damage to 1 enemy and allies gain 1 Spirit.",
    "Active Skill 2": "Survivor's Rage",
    "Active Skill 2 Description": "350% damage to 2 enemies. Locked for 300TU after the user has entered the battlefield.",
    "Active Skill 3": "Grant Stealth",
    "Active Skill 3 Description": "Grants the Stealth status effect to 1 ally. This will overwrite other status effects on that unit. Stealthed units ignore the next enemy attack that would damage more than 1 target. Any damage will remove stealth.",
    "Title": "Mysha",
    "icon10 src": "https://evertaletoolbox2.runasp.net/files/ui/rarity/IconBrownStarBronze01.png"
  },
  {
    "quickview-portrait-image src": "https://evertaletoolbox2.runasp.net/files/images/monsters/small/GaLuga01_2.png",
    "Name": "Ga'Luga",
    "icon36h32 src": "https://evertaletoolbox2.runasp.net/files/ui/app/RarityIconN01.png",
    "icon36 src": "https://evertaletoolbox2.runasp.net/files/ui/elements/Storm.png",
    "Cost": "16",
    "Attack": "414",
    "HP": "1,624",
    "SPD": "265",
    "icon36 src (2)": "https://evertaletoolbox2.runasp.net/files/ui/weapons/GreatAxe.png",
    "Active Skill 1": "Brash Strike",
    "Active Skill 1 Description": "150% damage to 1 enemy and allies gain 1 Spirit. Reflects 30% of the damage to the user.",
    "Active Skill 2": "Attack All",
    "Active Skill 2 Description": "Damage to all enemies.",
    "Active Skill 3": "Vengeance Claw",
    "Active Skill 3 Description": "300% damage to 1 enemy if they have defeated 1+ units with attacks while on the battlefield.",
    "Title": "Ga'Luga",
    "icon10 src": "https://evertaletoolbox2.runasp.net/files/ui/rarity/IconBrownStarBronze01.png"
  },
  {
    "quickview-portrait-image src": "https://evertaletoolbox2.runasp.net/files/images/monsters/small/Theo01_2.png",
    "Name": "Theo",
    "icon36h32 src": "https://evertaletoolbox2.runasp.net/files/ui/app/RarityIconN01.png",
    "icon36 src": "https://evertaletoolbox2.runasp.net/files/ui/elements/Earth.png",
    "Cost": "16",
    "Attack": "373",
    "HP": "1,788",
    "SPD": "15",
    "icon36 src (2)": "https://evertaletoolbox2.runasp.net/files/ui/weapons/Staff.png",
    "Active Skill 1": "Attack",
    "Active Skill 1 Description": "Damage to 1 enemy and allies gain 2 Spirit.",
    "Active Skill 2": "Heal",
    "Active Skill 2 Description": "Heals 1 ally for HP equal to 250% of the user's Attack.",
    "Active Skill 3": "Purify",
    "Active Skill 3 Description": "Removes negative status effects like sleep, burn or poison from 2 allies.",
    "Title": "Theo",
    "icon10 src": "https://evertaletoolbox2.runasp.net/files/ui/rarity/IconBrownStarBronze01.png"
  },
  {
    "quickview-portrait-image src": "https://evertaletoolbox2.runasp.net/files/images/monsters/small/Elmina01_2.png",
    "Name": "Elmina",
    "icon36h32 src": "https://evertaletoolbox2.runasp.net/files/ui/app/RarityIconN01.png",
    "icon36 src": "https://evertaletoolbox2.runasp.net/files/ui/elements/Dark.png",
    "Cost": "16",
    "Attack": "416",
    "HP": "1,616",
    "SPD": "262",
    "icon36 src (2)": "https://evertaletoolbox2.runasp.net/files/ui/weapons/Spear.png",
    "Active Skill 1": "Attack Two",
    "Active Skill 1 Description": "Damage to 2 enemies and allies gain 1 Spirit.",
    "Active Skill 2": "Gain Stealth",
    "Active Skill 2 Description": "Grants the Stealth status effect to the user. This will overwrite other status effects on that unit. Stealthed units ignore the next enemy attack that would damage more than 1 target. Any damage will remove stealth.",
    "Active Skill 3": "Stealth Strike",
    "Active Skill 3 Description": "400% damage to 1 enemy. Usable if the user has the Stealth status effect. This attack ignores any enemy status effects, damage reduction effects, revenge passive skills, and skin passive skills.",
    "Title": "Elmina",
    "icon10 src": "https://evertaletoolbox2.runasp.net/files/ui/rarity/IconBrownStarBronze01.png"
  },
  {
    "quickview-portrait-image src": "https://evertaletoolbox2.runasp.net/files/images/monsters/small/BlueSeaSerpent02_2.png",
    "Name": "Kaidaros",
    "icon36 src": "https://evertaletoolbox2.runasp.net/files/ui/elements/Water.png",
    "Cost": "34",
    "Attack": "1,217",
    "HP": "8,327",
    "SPD": "88",
    "icon36 src (2)": "https://evertaletoolbox2.runasp.net/files/ui/weapons/Hammer.png",
    "Active Skill 1": "Attack",
    "Active Skill 1 Description": "Damage to 1 enemy and allies gain 2 Spirit.",
    "Active Skill 2": "Over Drive",
    "Active Skill 2 Description": "350% damage to 2 enemies. Usable only if the user's party has 7 or more Spirit.",
    "Active Skill 3": "Pain Spirit",
    "Active Skill 3 Description": "Reduces the user's current HP by 30% of max and allies are granted 3 Spirit.",
    "Title": "Riptide Guardian",
    "icon36 src (3)": "https://evertaletoolbox2.runasp.net/files/ui/app/RarityIconSsr01.png",
    "icon10 src": "https://evertaletoolbox2.runasp.net/files/ui/rarity/IconRainbowStar01.png",
    "icon10 src (4)": "https://evertaletoolbox2.runasp.net/files/ui/rarity/IconRainbowStar01.png",
    "Leader Skill": "Water Attack Up",
    "Leader Skill Description": "Allied Water element units have their Attack increased by 15%.",
    "Active Skill 4": "Savage Force",
    "Active Skill 4 Description": "500% damage to 1 enemy. Usable if the user has defeated 1+ units with attacks while on the battlefield.",
    "Passive Skill 1": "Regeneration",
    "Passive Skill 1 Description": "When this unit gets a turn, it heals 30% of its max HP.",
    "Passive Skill 2": "Poison Immunity",
    "Passive Skill 2 Description": "Poison cannot be applied to this unit.",
    "Passive Skill 3": "Storm Resist Lv3",
    "Passive Skill 3 Description": "10% less damage from attacks by Storm units.",
    "Passive Skill 4": "HP Up Lv3",
    "Passive Skill 4 Description Description": "Adds 1200 to this unit's max HP.",
    "Passive Skill 5": "Attack Up Lv3",
    "Passive Skill 5 Description": "Adds 300 to this unit's Attack."
  }
]