[
  {
    "quickview-portrait-image src": "https://evertaletoolbox2.runasp.net/files/images/monsters/small/GothGirl02_2.png",
    "Name": "Aria",
    "Title": "Petite Primordial",
    "icon36 src": "https://evertaletoolbox2.runasp.net/files/ui/app/RarityIconSsr01.png",
    "icon10 src": "https://evertaletoolbox2.runasp.net/files/ui/rarity/IconRainbowStar01.png",
    "icon10 src (6)": "https://evertaletoolbox2.runasp.net/files/ui/rarity/IconRainbowStar01.png",
    "icon36 src (2)": "https://evertaletoolbox2.runasp.net/files/ui/elements/Dark.png",
    "Cost": "34",
    "Attack": "1,404",
    "HP": "7,394",
    "SPD": "451",
    "icon36 src (3)": "https://evertaletoolbox2.runasp.net/files/ui/weapons/GreatAxe.png",
    "Leader Skill": "Dark ATK & HP Up",
    "Leader Skill Description": "Allied Dark element units have their Attack increased by 10% and max HP increased by 7%.",
    "Active Skill 1": "Swift Stealth",
    "Active Skill 1 Description": "75% damage to 1 enemy. The user is also granted the Stealth status effect. This will overwrite other status effects on the user. Stealthed units ignore the next enemy attack that would damage more than 1 target. Any damage will remove stealth.",
    "Active Skill 2": "Call Minion x2",
    "Active Skill 2 Description": "Adds 2 Kuromoris to the very end of the allied reinforcements. This skill becomes locked for 200TU after use.",
    "Active Skill 3": "Blood Reaper",
    "Active Skill 3 Description": "Sacrifices the last unit in the allied reinforcements for 400% damage to 1 enemy, then adds 1 Kuromori to the very back of allied reinforcements. Usable only if there are 1 or more allied reinforcements left.",
    "Active Skill 4": "Blood Heal",
    "Active Skill 4 Description": "Sacrifices the last unit in the allied reinforcements to heal 1 ally for HP equal to 450% of the user's Attack. Cannot be used if there are no allied reinforcements left.",
    "Passive Skill 1": "Minion Revenge",
    "Passive Skill 1 Description": "When this unit is defeated by an enemy, add 2 Kuromoris to the very end of the allied reinforcements.",
    "Passive Skill 2": "Auto Minions",
    "Passive Skill 2 Description": "Adds 1 Kuromori to the very end of the allied reinforcements whenever another ally on the battlefield that was not conjured during battle is defeated or sacrificed by any source, so long as this unit is not defeated or sacrificed at the same time.",
    "Passive Skill 3": "Attack Up Lv3",
    "Passive Skill 3 Description": "Adds 300 to this unit's Attack.",
    "Passive Skill 4": "HP Up Lv3",
    "Passive Skill 4 Description Description": "Adds 1200 to this unit's max HP.",
    "Passive Skill 5": "Light Resist Lv3",
    "Passive Skill 5 Description": "10% less damage from attacks by Light units.",
    "Passive Skill 6 Description": "Hammer Mastery",
    "Passive Skill 6": "Can use weapon skills of Hammers in addition to their original preferred weapon type."
  },
  {
    "quickview-portrait-image src": "https://evertaletoolbox2.runasp.net/files/images/monsters/small/EyepatchGuard02_2.png",
    "Name": "Olive",
    "Title": "Reclusive Witchling",
    "icon36 src": "https://evertaletoolbox2.runasp.net/files/ui/app/RarityIconSr01.png",
    "icon10 src": "https://evertaletoolbox2.runasp.net/files/ui/rarity/IconBlackStarGold01.png",
    "icon36 src (2)": "https://evertaletoolbox2.runasp.net/files/ui/elements/Dark.png",
    "Cost": "28",
    "Attack": "770",
    "HP": "4,947",
    "SPD": "91",
    "icon36 src (3)": "https://evertaletoolbox2.runasp.net/files/ui/weapons/Spear.png",
    "Leader Skill": "Dark HP Up",
    "Leader Skill Description": "Allied Dark element units have their max HP increased by 7%.",
    "Active Skill 1": "Brash Strike",
    "Active Skill 1 Description": "150% damage to 1 enemy and allies gain 1 Spirit. Reflects 30% of the damage to the user.",
    "Active Skill 2": "Blood Turn",
    "Active Skill 2 Description": "Sacrifices the last unit in the allied reinforcements to immediately give 1 other ally the next turn by reducing their current TU to 0. Allies then gain 1 Spirit. Usable only if there are 1 or more allied reinforcements left. Active skills that grant turns cannot be used on turns given by this skill.",
    "Active Skill 3": "Desperate Strike",
    "Active Skill 3 Description": "400% damage to 1 enemy. Usable only if the user's HP is at 50% or less. 500% damage if the user's HP is at 25% or less.",
    "Active Skill 4": "Life Flip Ally",
    "Active Skill 4 Description": "Exchanges 1 ally's current HP with the amount of HP they have currently lost. Usable once per battle.",
    "Passive Skill 1": "Auto Guard",
    "Passive Skill 1 Description": "This unit is a Guardian. For any enemy attack that would hit 1 or 2 other allies, this unit has a 60% chance to redirect 1 hit to itself instead. This unit will not redirect skills that don't deal damage.",
    "Passive Skill 2": "Hold Ground",
    "Passive Skill 2 Description": "If this unit would be defeated by an enemy attack or a status effect while having more than 1 HP, it instead survives with 1 HP.",
    "Passive Skill 3": "Dark Resist Lv2",
    "Passive Skill 3 Description": "7% less damage from attacks by Dark units.",
    "Passive Skill 4": "Attack Up Lv2",
    "Passive Skill 4 Description Description": "Adds 200 to this unit's Attack.",
    "Passive Skill 5": "HP Up Lv2",
    "Passive Skill 5 Description": "Adds 800 to this unit's max HP.",
    "Passive Skill 6 Description": "Hammer Mastery",
    "Passive Skill 6": "Can use weapon skills of Hammers in addition to their original preferred weapon type."
  },
  {
    "quickview-portrait-image src": "https://evertaletoolbox2.runasp.net/files/images/monsters/small/CallenDragon02_2.png",
    "Name": "Callen",
    "Title": "Magical Dragon Girl",
    "icon36 src": "https://evertaletoolbox2.runasp.net/files/ui/app/RarityIconSsr01.png",
    "icon10 src": "https://evertaletoolbox2.runasp.net/files/ui/rarity/IconRainbowStar01.png",
    "icon10 src (6)": "https://evertaletoolbox2.runasp.net/files/ui/rarity/IconRainbowStar01.png",
    "icon36 src (2)": "https://evertaletoolbox2.runasp.net/files/ui/elements/Fire.png",
    "Cost": "34",
    "Attack": "1,432",
    "HP": "7,255",
    "SPD": "378",
    "icon36 src (3)": "https://evertaletoolbox2.runasp.net/files/ui/weapons/Hammer.png",
    "Leader Skill": "Quicken Fire",
    "Leader Skill Description": "Fire allies have the TU costs for all of their skills reduced by 20% when they enter the battlefield at the start of battle or from reinforcements. This will overwrite the effect of previous Quicken skills.",
    "Active Skill 1": "Brash Strike",
    "Active Skill 1 Description": "135% damage to 1 enemy and allies gain 1 Spirit. Reflects 30% of the damage to the user.",
    "Active Skill 2": "Purify Heal",
    "Active Skill 2 Description": "Removes negative status effects like sleep, burn or poison from 1 ally, and heals them for 25% of their max HP.",
    "Active Skill 3": "Crisis Blast",
    "Active Skill 3 Description": "250% damage to 2 enemies. Usable only if the user's party has 1 or less Spirit.",
    "Active Skill 4": "Survivor's Fury",
    "Active Skill 4 Description": "500% damage to 2 enemies. Locked for 300TU after the user has entered the battlefield.",
    "Passive Skill 1": "Survival Armor",
    "Passive Skill 1 Description": "65% damage reduction from attacks unless Survivor's Fury is unlocked by this unit.",
    "Passive Skill 2": "Crisis Power",
    "Passive Skill 2 Description": "This unit's Attack is increased to 1.3x while allies have 1 or less Spirit. This effect does not stack with Enrage skills.",
    "Passive Skill 3": "Attack Up Lv3",
    "Passive Skill 3 Description": "Adds 300 to this unit's Attack.",
    "Passive Skill 4": "HP Up Lv3",
    "Passive Skill 4 Description Description": "Adds 1200 to this unit's max HP.",
    "Passive Skill 5": "Spear Resist Lv3",
    "Passive Skill 5 Description": "10% less damage from attacks by units equipped with Spears.",
    "Passive Skill 6 Description": "Greatsword Mastery",
    "Passive Skill 6": "Can use weapon skills of Greatswords in addition to their original preferred weapon type."
  },
  {
    "quickview-portrait-image src": "https://evertaletoolbox2.runasp.net/files/images/monsters/small/AntaresSwimsuit02_2.png",
    "Name": "Antares",
    "Title": "Fiery Island Flower",
    "icon36 src": "https://evertaletoolbox2.runasp.net/files/ui/app/RarityIconSr01.png",
    "icon10 src": "https://evertaletoolbox2.runasp.net/files/ui/rarity/IconBlackStarGold01.png",
    "icon36 src (2)": "https://evertaletoolbox2.runasp.net/files/ui/elements/Water.png",
    "Cost": "28",
    "Attack": "908",
    "HP": "4,258",
    "SPD": "175",
    "icon36 src (3)": "https://evertaletoolbox2.runasp.net/files/ui/weapons/GreatSword.png",
    "Leader Skill": "Water Attack Up",
    "Leader Skill Description": "Allied Water element units have their Attack increased by 10%.",
    "Active Skill 1": "Swift Stealth",
    "Active Skill 1 Description": "75% damage to 1 enemy. The user is also granted the Stealth status effect. This will overwrite other status effects on the user. Stealthed units ignore the next enemy attack that would damage more than 1 target. Any damage will remove stealth.",
    "Active Skill 2": "Grant Stealth",
    "Active Skill 2 Description": "Grants the Stealth status effect to 2 allies. Usable if there is at least 1 other Water ally. Stealth will overwrite other status effects on target units. Stealthed units ignore the next enemy attack that would damage more than 1 target. Any damage will remove stealth.",
    "Active Skill 3": "Stealth Fury",
    "Active Skill 3 Description": "400% damage to 1 enemy. Usable if the user has the Stealth status effect. This attack ignores any enemy status effects, damage reduction effects, revenge passive skills, and skin passive skills.",
    "Active Skill 4": "Quicken Ally",
    "Active Skill 4 Description": "1 ally's TU costs for all of their skills are reduced by 20%. This will overwrite the effect of previous Quicken skills.",
    "Passive Skill 1": "Spirit+ Revenge",
    "Passive Skill 1 Description": "Whenever this unit is defeated by an enemy, allies gain 2 Spirit.",
    "Passive Skill 2": "Evade Poison",
    "Passive Skill 2 Description": "Poison cannot be applied to this unit while it has the Stealth status effect.",
    "Passive Skill 3": "Sword Hunter Lv2",
    "Passive Skill 3 Description": "7% bonus to attacks against units equipped with Swords.",
    "Passive Skill 4": "HP Up Lv2",
    "Passive Skill 4 Description Description": "Adds 800 to this unit's max HP.",
    "Passive Skill 5": "Attack Up Lv2",
    "Passive Skill 5 Description": "Adds 200 to this unit's Attack.",
    "Passive Skill 6 Description": "Hammer Mastery",
    "Passive Skill 6": "Can use weapon skills of Hammers in addition to their original preferred weapon type."
  },
  {
    "quickview-portrait-image src": "https://evertaletoolbox2.runasp.net/files/images/monsters/small/DancingAssassinSwimsuit02_2.png",
    "Name": "Alira",
    "Title": "Sweet Beach Temptation",
    "icon36 src": "https://evertaletoolbox2.runasp.net/files/ui/app/RarityIconSsr01.png",
    "icon10 src": "https://evertaletoolbox2.runasp.net/files/ui/rarity/IconRainbowStar01.png",
    "icon10 src (6)": "https://evertaletoolbox2.runasp.net/files/ui/rarity/IconRainbowStar01.png",
    "icon36 src (2)": "https://evertaletoolbox2.runasp.net/files/ui/elements/Earth.png",
    "Cost": "34",
    "Attack": "965",
    "HP": "13,198",
    "SPD": "372",
    "icon36 src (3)": "https://evertaletoolbox2.runasp.net/files/ui/weapons/Hammer.png",
    "Leader Skill": "Earth HP Up",
    "Leader Skill Description": "Allied Earth element units have their max HP increased by 10%.",
    "Active Skill 1": "Attack & Counter",
    "Active Skill 1 Description": "Damage to 1 enemy. The user is also granted the Counter Stance status effect. This will overwrite other status effects on the user. For 150TU, the next time the unit with counter stance takes damage from an enemy attack, it will become their turn. Counter stance cannot be gained if the user already has the Counter Stance status effect or has gotten the current turn from Counter Stance.",
    "Active Skill 2": "Purify",
    "Active Skill 2 Description": "Removes negative status effects like sleep, burn or poison from 1 ally.",
    "Active Skill 3": "Desperate Drain",
    "Active Skill 3 Description": "400% damage to 2 enemies, and the user recovers their HP by 50% of its own max if damage is dealt. This skill can only be used if the user's HP is at 25% or less.",
    "Active Skill 4": "Sleep Bomb",
    "Active Skill 4 Description": "Sacrifices the user to grant 2 enemies the Sleep status effect for 200TU. Locked for 200TU after user enters the battlefield. This will overwrite other status effects on these units. Sleep cannot be applied to a unit that Has Slept while on the battlefield.",
    "Passive Skill 1": "Auto Guard",
    "Passive Skill 1 Description": "This unit is a Guardian. For any enemy attack that would hit 1 or 2 other allies, this unit has a 60% chance to redirect 1 hit to itself instead. This unit will not redirect skills that don't deal damage.",
    "Passive Skill 2": "Minion Revenge",
    "Passive Skill 2 Description": "When this unit is defeated by an enemy, add 2 Chimori's to the very end of the allied reinforcements.",
    "Passive Skill 3": "HP Up Lv3",
    "Passive Skill 3 Description": "Adds 1200 to this unit's max HP.",
    "Passive Skill 4": "Katana Resist Lv3",
    "Passive Skill 4 Description Description": "10% less damage from attacks by units equipped with Katanas.",
    "Passive Skill 5": "Attack Up Lv3",
    "Passive Skill 5 Description": "Adds 300 to this unit's Attack.",
    "Passive Skill 6 Description": "Spear Mastery",
    "Passive Skill 6": "Can use weapon skills of Spears in addition to their original preferred weapon type."
  },
  {
    "quickview-portrait-image src": "https://evertaletoolbox2.runasp.net/files/images/monsters/small/ElminaSwimsuit02_2.png",
    "Name": "Elmina",
    "Title": "Sunkissed Mirage",
    "icon36 src": "https://evertaletoolbox2.runasp.net/files/ui/app/RarityIconSsr01.png",
    "icon10 src": "https://evertaletoolbox2.runasp.net/files/ui/rarity/IconRainbowStar01.png",
    "icon10 src (6)": "https://evertaletoolbox2.runasp.net/files/ui/rarity/IconRainbowStar01.png",
    "icon36 src (2)": "https://evertaletoolbox2.runasp.net/files/ui/elements/Water.png",
    "Cost": "34",
    "Attack": "1,372",
    "HP": "7,552",
    "SPD": "420",
    "icon36 src (3)": "https://evertaletoolbox2.runasp.net/files/ui/weapons/Axe.png",
    "Leader Skill": "Water ATK & HP Up",
    "Leader Skill Description": "Allied Water element units have their Attack increased by 10% and max HP increased by 7%.",
    "Active Skill 1": "Swift Stealth",
    "Active Skill 1 Description": "75% damage to 1 enemy. The user is also granted the Stealth status effect. This will overwrite other status effects on the user. Stealthed units ignore the next enemy attack that would damage more than 1 target. Any damage will remove stealth.",
    "Active Skill 2": "Over Drain",
    "Active Skill 2 Description": "500% damage to 1 enemy and heals the user for 50% of max HP if damage is dealt. Usable only if the user's party has 7 or more Spirit.",
    "Active Skill 3": "Stealth Fury",
    "Active Skill 3 Description": "400% damage to 1 enemy. Usable if the user has the Stealth status effect. This attack ignores any enemy status effects, damage reduction effects, revenge passive skills, and skin passive skills.",
    "Active Skill 4": "Super Spirit",
    "Active Skill 4 Description": "Allies gain 3 Spirit. This skill becomes locked for 200TU after use.",
    "Passive Skill 1": "Stealthy Dawn",
    "Passive Skill 1 Description": "This unit gains the Stealth status effect. Triggered at the very start of the battle if this unit is on the battlefield. Stealthed units ignore the next enemy attack that would damage more than 1 target. Any damage will remove stealth.",
    "Passive Skill 2": "Evade Poison",
    "Passive Skill 2 Description": "Poison cannot be applied to this unit while it has the Stealth status effect.",
    "Passive Skill 3": "Attack Up Lv3",
    "Passive Skill 3 Description": "Adds 300 to this unit's Attack.",
    "Passive Skill 4": "Mace Hunter Lv3",
    "Passive Skill 4 Description Description": "10% bonus to attacks against units equipped with Maces.",
    "Passive Skill 5": "HP Up Lv3",
    "Passive Skill 5 Description": "Adds 1200 to this unit's max HP.",
    "Passive Skill 6 Description": "Staff Mastery",
    "Passive Skill 6": "Can use weapon skills of Staffs in addition to their original preferred weapon type."
  },
  {
    "quickview-portrait-image src": "https://evertaletoolbox2.runasp.net/files/images/monsters/small/RolotiaSwimsuit02_2.png",
    "Name": "Rolotia",
    "Title": "Lady of Eternal Summer",
    "icon36 src": "https://evertaletoolbox2.runasp.net/files/ui/app/RarityIconSsr01.png",
    "icon10 src": "https://evertaletoolbox2.runasp.net/files/ui/rarity/IconRainbowStar01.png",
    "icon10 src (6)": "https://evertaletoolbox2.runasp.net/files/ui/rarity/IconRainbowStar01.png",
    "icon36 src (2)": "https://evertaletoolbox2.runasp.net/files/ui/elements/Water.png",
    "Cost": "34",
    "Attack": "1,496",
    "HP": "6,934",
    "SPD": "203",
    "icon36 src (3)": "https://evertaletoolbox2.runasp.net/files/ui/weapons/GreatAxe.png",
    "Leader Skill": "Water Attack Up",
    "Leader Skill Description": "Allied Water element units have their Attack increased by 15%.",
    "Active Skill 1": "Swift Strike",
    "Active Skill 1 Description": "75% damage to 1 enemy and allies gain 1 Spirit.",
    "Active Skill 2": "Dream Hunter",
    "Active Skill 2 Description": "600% damage to 1 enemy if they are sleeping. Allies gain 4 Spirit if the target is asleep.",
    "Active Skill 3": "Vigor Impact",
    "Active Skill 3 Description": "250% damage to 1 enemy. Usable only if the user's HP is at 75%+.",
    "Active Skill 4": "Guard Destroyer",
    "Active Skill 4 Description": "500% damage to 1 enemy if they are a Guardian.",
    "Passive Skill 1": "Sleep Skin",
    "Passive Skill 1 Description": "Enemy units that deal damage to this unit with an attack are granted the Sleep status effect for 200TU. This will overwrite other status effects on the attacker. Sleep cannot be applied to a unit that Has Slept while on the battlefield.",
    "Passive Skill 2": "Sleep Regeneration",
    "Passive Skill 2 Description": "When there is at least 1 enemy with the Sleep status effect and this unit gets the turn, this unit heals 30% of its max HP.",
    "Passive Skill 3": "Attack Up Lv3",
    "Passive Skill 3 Description": "Adds 300 to this unit's Attack.",
    "Passive Skill 4": "Water Resist Lv3",
    "Passive Skill 4 Description Description": "10% less damage from attacks by Water units.",
    "Passive Skill 5": "HP Up Lv3",
    "Passive Skill 5 Description": "Adds 1200 to this unit's max HP.",
    "Passive Skill 6 Description": "Greatsword Mastery",
    "Passive Skill 6": "Can use weapon skills of Greatswords in addition to their original preferred weapon type."
  },
  {
    "quickview-portrait-image src": "https://evertaletoolbox2.runasp.net/files/images/monsters/small/AxeAngel02_2.png",
    "Name": "Eveline",
    "Title": "Pious Acolyte",
    "icon36 src": "https://evertaletoolbox2.runasp.net/files/ui/app/RarityIconSr01.png",
    "icon10 src": "https://evertaletoolbox2.runasp.net/files/ui/rarity/IconBlackStarGold01.png",
    "icon36 src (2)": "https://evertaletoolbox2.runasp.net/files/ui/elements/Light.png",
    "Cost": "28",
    "Attack": "873",
    "HP": "4,433",
    "SPD": "75",
    "icon36 src (3)": "https://evertaletoolbox2.runasp.net/files/ui/weapons/GreatAxe.png",
    "Leader Skill": "Light Attack Up",
    "Leader Skill Description": "Allied Light element units have their Attack increased by 10%.",
    "Active Skill 1": "Attack",
    "Active Skill 1 Description": "Damage to 1 enemy and allies gain 2 Spirit.",
    "Active Skill 2": "Sleep",
    "Active Skill 2 Description": "Grants 1 enemy the Sleep status effect for 200TU. This will overwrite other status effects on that unit. Sleep cannot be applied to a unit that Has Slept while on the battlefield.",
    "Active Skill 3": "Dream Hunter",
    "Active Skill 3 Description": "600% damage to 1 enemy if they are sleeping. Allies gain 4 Spirit if the target is asleep.",
    "Active Skill 4": "Over Drive",
    "Active Skill 4 Description": "500% damage to 1 enemy. Usable only if the user's party has 7 or more Spirit.",
    "Passive Skill 1": "Spirit Armor",
    "Passive Skill 1 Description": "50% damage reduction from attacks while allies have 7 or more spirit.",
    "Passive Skill 2": "Elixir Revenge",
    "Passive Skill 2 Description": "Whenever this unit is defeated by an enemy, all allies on the battlefield are healed for 30% of their own max HP and any negative status effects like sleep, burn or poison are removed from them once TU next advances. The timing of these effects in relation to any other effects or skills triggering or expiring at any time between turns is not guaranteed, and they will only apply to units that have been on the battlefield since this unit was defeated.",
    "Passive Skill 3": "Attack Up Lv2",
    "Passive Skill 3 Description": "Adds 200 to this unit's Attack.",
    "Passive Skill 4": "Staff Hunter Lv2",
    "Passive Skill 4 Description Description": "7% bonus to attacks against units equipped with Staffs.",
    "Passive Skill 5": "HP Up Lv2",
    "Passive Skill 5 Description": "Adds 800 to this unit's max HP.",
    "Passive Skill 6 Description": "Spear Mastery",
    "Passive Skill 6": "Can use weapon skills of Spears in addition to their original preferred weapon type."
  },
  {
    "quickview-portrait-image src": "https://evertaletoolbox2.runasp.net/files/images/monsters/small/JeanneAngel02_2.png",
    "Name": "Mikaela",
    "icon36 src": "https://evertaletoolbox2.runasp.net/files/ui/app/RarityIconSsr01.png",
    "icon10 src": "https://evertaletoolbox2.runasp.net/files/ui/rarity/IconRainbowStar01.png",
    "icon10 src (6)": "https://evertaletoolbox2.runasp.net/files/ui/rarity/IconRainbowStar01.png",
    "icon36 src (2)": "https://evertaletoolbox2.runasp.net/files/ui/elements/Light.png",
    "Cost": "0",
    "Attack": "1,074",
    "HP": "9,042",
    "SPD": "700",
    "icon36 src (3)": "https://evertaletoolbox2.runasp.net/files/ui/weapons/Spear.png",
    "Active Skill 1": "Brash Strike",
    "Active Skill 1 Description": "135% damage to 1 enemy and allies gain 2 Spirit. Reflects 25% of the damage to the user.",
    "Active Skill 2": "Over Blast",
    "Active Skill 2 Description": "300% damage to 1 enemy. Usable only if the user's party has 7 or more Spirit.",
    "Active Skill 3": "Purify",
    "Active Skill 3 Description": "Removes negative status effects like sleep, burn or poison from 1 ally.",
    "Active Skill 4": "Banish",
    "Active Skill 4 Description": "Sends 1 enemy to the very back of the enemy reinforcements. Usable once per battle, and only if there are 1 or more enemy reinforcements left.",
    "Passive Skill 1": "Auto Guard",
    "Passive Skill 1 Description": "This unit is a Guardian. For any enemy attack that would hit 1 or 2 other allies, this unit has a 60% chance to redirect 1 hit to itself instead. This unit will not redirect skills that don't deal damage.",
    "Passive Skill 2": "Twin Regeneration",
    "Passive Skill 2 Description": "When this unit gets the turn, this unit and Light allies named Jeanne d'Arc are healed for 30% of their max HP.",
    "Passive Skill 3": "HP Up Lv3",
    "Passive Skill 3 Description": "Adds 1200 to this unit's max HP.",
    "Passive Skill 4": "Dark Resist Lv3",
    "Passive Skill 4 Description Description": "10% less damage from attacks by Dark units.",
    "Passive Skill 5": "Attack Up Lv3",
    "Passive Skill 5 Description": "Adds 300 to this unit's Attack.",
    "Passive Skill 6 Description": "Hammer Mastery",
    "Passive Skill 6": "Can use weapon skills of Hammers in addition to their original preferred weapon type."
  },
  {
    "quickview-portrait-image src": "https://evertaletoolbox2.runasp.net/files/images/monsters/small/Jeanne02_2.png",
    "Name": "Jeanne d'Arc",
    "Title": "Maiden of Radiance",
    "icon36 src": "https://evertaletoolbox2.runasp.net/files/ui/app/RarityIconSsr01.png",
    "icon10 src": "https://evertaletoolbox2.runasp.net/files/ui/rarity/IconRainbowStar01.png",
    "icon10 src (6)": "https://evertaletoolbox2.runasp.net/files/ui/rarity/IconRainbowStar01.png",
    "icon36 src (2)": "https://evertaletoolbox2.runasp.net/files/ui/elements/Light.png",
    "Cost": "34",
    "Attack": "1,304",
    "HP": "7,891",
    "SPD": "125",
    "icon36 src (3)": "https://evertaletoolbox2.runasp.net/files/ui/weapons/Spear.png",
    "Leader Skill": "Brave Damage Down",
    "Leader Skill Description": "Allied units have 15% damage reduction from attacks if there are no allied reinforcements.",
    "Active Skill 1": "Attack",
    "Active Skill 1 Description": "Damage to 1 enemy and allies gain 2 Spirit.",
    "Active Skill 2": "Holy Protection",
    "Active Skill 2 Description": "Grants the Armor status effect and Poison Ward to the user and allied Light units named Mikaela. Armor will overwrite other status effects on those units. Armor grants 50% damage reduction from the next attack, then the effect is removed. Poison Ward prevents Poison from being applied once, then is removed. Poison Wards cannot stack.",
    "Active Skill 3": "Guardian Angel",
    "Active Skill 3 Description": "Exchanges 1 other ally with Mikaela. The exchanged ally will be sent to the very back of allied reinforcements. Mikaela's Level, Limit Breaks, Awakenings, Boosts, Potential, Mastery, Weapon and Accessory will match the user. Usable once per battle, and will fail if the target is Immovable. Cannot be used if there are 3 or fewer allies left.",
    "Active Skill 4": "Survivor's Fury",
    "Active Skill 4 Description": "500% damage to 1 enemy. Locked for 300TU after the user has entered the battlefield.",
    "Passive Skill 1": "Hold Ground",
    "Passive Skill 1 Description": "If this unit would be defeated by an enemy attack or a status effect while having more than 1 HP, it instead survives with 1 HP.",
    "Passive Skill 2": "Immovable",
    "Passive Skill 2 Description": "This unit cannot be sent to the reinforcements from the battlefield.",
    "Passive Skill 3": "Attack Up Lv3",
    "Passive Skill 3 Description": "Adds 300 to this unit's Attack.",
    "Passive Skill 4": "Dark Resist Lv3",
    "Passive Skill 4 Description Description": "10% less damage from attacks by Dark units.",
    "Passive Skill 5": "HP Up Lv3",
    "Passive Skill 5 Description": "Adds 1200 to this unit's max HP.",
    "Passive Skill 6 Description": "Greatsword Mastery",
    "Passive Skill 6": "Can use weapon skills of Greatswords in addition to their original preferred weapon type."
  }
]