[
  {
    "quickview-portrait-image src": "https://evertaletoolbox2.runasp.net/files/images/monsters/small/ElminaModern02_2.png",
    "Name": "Elmina",
    "Title": "Moonveiled Agent",
    "icon36 src": "https://evertaletoolbox2.runasp.net/files/ui/app/RarityIconSsr01.png",
    "icon10 src": "https://evertaletoolbox2.runasp.net/files/ui/rarity/IconRainbowStar01.png",
    "icon36 src (2)": "https://evertaletoolbox2.runasp.net/files/ui/elements/Light.png",
    "Cost": "34",
    "Attack": "1,412",
    "HP": "7,360",
    "SPD": "498",
    "icon36 src (3)": "https://evertaletoolbox2.runasp.net/files/ui/weapons/Hammer.png",
    "Leader Skill": "Light ATK & HP Up",
    "Leader Skill Description": "Allied Light element units have their Attack increased by 10% and max HP increased by 7%.",
    "Active Skill 1": "Photon Splitter",
    "Active Skill 1 Description": "200% damage to 2 enemies, plus 150% for each Charge stored on the user (max of 650% total damage). This attack ignores any enemy status effects (including Stealth), damage reduction effects, and skin passive skills. Heals the user for 100% of total damage dealt. Damage from this attack does not wake up sleeping enemies.",
    "Active Skill 2": "Limiter Release",
    "Active Skill 2 Description": "The user will Overclock for 150TU. If the user is conjured, the user will Overclock for 75TU instead. While Overclocked, this unit heals for 25% of max HP at the end of each turn, cannot fall asleep, and has its Attack increased to 1.5x. This attack increase does not stack with Enrage effects. This skill can only be used once each time this unit is on the battlefield.",
    "Active Skill 3": "CODE: DELETE",
    "Active Skill 3 Description": "300% damage to 1 enemy, plus 150% for each Charge stored on the user (max of 750% total damage). This attack ignores enemy damage reduction effects and any effects of non-boss enemies that would prevent the target from being defeated.",
    "Active Skill 4": "Phase Out",
    "Active Skill 4 Description": "Exchanges 1 random enemy with an Imposter. The exchanged enemy will be sent to the front of the enemy reinforcements. This exchange will fail if the target is Immovable or if there are less than 4 enemies on the battlefield (no imposter will be added).\n\nThen pulls the user away from the battlefield to the front of your reinforcements. If there are no ally reinforcements, adds enough Elmina's (max 3) to the ally team to still pull the user away to reinforcements.\n\nUsable if the user has defeated 1+ units with attacks while on the battlefield, and there are 2 non-conjured allies on the battlefield.",
    "Passive Skill 1": "Cyber Doubles",
    "Passive Skill 1 Description": "This unit is not affected by stun effects.\n\nWhen this unit enters battle:\n- If this unit is not conjured, it will have Hold Ground (If this unit would be defeated by an enemy attack or a status effect while having more than 1 HP, it instead survives with 1 HP).\n- If this unit is not conjured and if there are 4 allies on the battlefield, an Elmina will be added to the front of allied reinforcements.\n- If this unit is conjured, this unit will Endure the next damage that would defeat it with 1HP. Endure effects cannot stack.\n\nThis unit will gain a Charge each time it attacks and does not defeat any non-conjured enemies.\n\nWhenever this unit defeats any number of non-conjured enemies with an attack:\n- An Elmina will be added to the front of allied reinforcements. This effect cannot trigger if there are 8 or more \"Elmina, Moonveiled Agent\" in the ally team.\n- Then all charges are removed from this unit.\n\nCertain skills are affected by and may consume charges. A unit can store up to 3 charges and all charges are removed from a unit that leaves the battlefield. All Elmina's created by this unit will have matching Levels, Limit Breaks, Awakenings, Boosts, Potential, Mastery, Weapons, and Accessories.",
    "Passive Skill 2": "Hyper Drive",
    "Passive Skill 2 Description": "If this unit entered from reinforcements, the following effects are triggered when this unit activates Limiter Release, and the first time this unit takes damage from an attack and survives until after the end of the turn:\n- All allies will be Purified (any negative status effects like sleep, burn or poison are removed), and heal for 100% of max HP.\n- Then all other ally units will be given the next turns by having their TU reduced. Active skills that grant turns cannot be used by those allies until after they have had the turn.\n\nEach time this unit damages at least one enemy with an attack and leaves them on or below 25% of max HP (even if they are defeated by the attack), this unit will get another turn. Damaged targets cannot trigger this effect again until TU advances.\n\nEffects that influence TU order may interrupt extra turns (e.g. Stuns targeting the lowest TU target).",
    "Passive Skill 3": "HP Up Lv3",
    "Passive Skill 3 Description": "Adds 1200 to this unit's max HP.",
    "Passive Skill 4": "Attack Up Lv3",
    "Passive Skill 4 Description Description": "Adds 300 to this unit's Attack.",
    "Passive Skill 5": "G.axe Resist Lv3",
    "Passive Skill 5 Description": "10% less damage from attacks by units equipped with Greataxes.",
    "Passive Skill 6 Description": "Spear Mastery",
    "Passive Skill 6": "Can use weapon skills of Spears in addition to their original preferred weapon type."
  },
  {
    "quickview-portrait-image src": "https://evertaletoolbox2.runasp.net/files/images/monsters/small/OniSchoolDark02_2.png",
    "Name": "Hibiki",
    "Title": "Cursed Demon Princess",
    "icon36 src": "https://evertaletoolbox2.runasp.net/files/ui/app/RarityIconSsr01.png",
    "icon10 src": "https://evertaletoolbox2.runasp.net/files/ui/rarity/IconRainbowStar01.png",
    "icon36 src (2)": "https://evertaletoolbox2.runasp.net/files/ui/elements/Dark.png",
    "Cost": "34",
    "Attack": "1,378",
    "HP": "7,530",
    "SPD": "422",
    "icon36 src (3)": "https://evertaletoolbox2.runasp.net/files/ui/weapons/GreatSword.png",
    "Leader Skill": "Dark ATK & HP Up",
    "Leader Skill Description": "Allied Dark element units have their Attack increased by 10% and max HP increased by 7%.",
    "Active Skill 1": "Demonic Defiance",
    "Active Skill 1 Description": "Heals all allies for 800% of the user's attack. Then grants all allies Stealth, a Stealth Shield, Poison Ward, Stun Ward and Burn Ward. Unlocks at random either Toxic Reign or Demon Blast. This skill becomes locked after use until the user uses the Toxic Finale skill or leaves the battlefield.\n\nEach Ward prevents their named effect from being applied once, then is removed. Identical Wards cannot stack. Stealth will overwrite other Status effects on affected units. Stealth Shields prevent the next other status effect a unit would gain while Stealthed from applying. Stealthed units ignore the next enemy attack that would damage more than 1 target. Any damage will remove stealth.",
    "Active Skill 2": "Toxic Reign",
    "Active Skill 2 Description": "Removes Burn (including Mega Healing Burn) and Stealth Shields from all enemy units on the battlefield. Then all enemies are granted Mega Poison for 200TU, and Burn Wards. Then 1 random enemy is granted Lethal Poison for 999TU. This skill is locked until it becomes unlocked by Demonic Defiance, and unlocks Toxic Finale upon use. This skill is locked again after each use or if the user leaves the battlefield.\n\nMega Poison will overwrite other status effects on those enemies. Mega Poison deals 20 times the damage of normal Poison and cannot be overwritten by normal Poison or Super Poison. Lethal Poison will overwrite other status effects on the affected enemy, cannot be overwritten by status effects other than Burn or Stealth, and cannot be Purified. Lethal Poison deals 2 times the damage of normal Poison and ignores passive skills or effects of active skills that would prevent the target from being defeated, other than those which specifically prevent defeat from Poison or non-attack damage. Lethal Poison cannot apply to Burning units or Boss units.",
    "Active Skill 3": "Demon Blast",
    "Active Skill 3 Description": "300% damage to 2 enemies. This attack ignores damage reduction effects, any effects of non-boss enemies that would prevent the target from being defeated, skin passive skills and the Counter Stance status effect. This skill is locked until it becomes unlocked by Demonic Defiance, and unlocks Toxic Finale upon use. This skill is locked again after each use or if the user leaves the battlefield.",
    "Active Skill 4": "Toxic Finale",
    "Active Skill 4 Description": "350% damage to 2 enemies. 700% damage instead to targets that are poisoned. All non-poisoned enemies hit are then granted Lethal Poison for 999TU. This attack ignores enemy damage reduction effects. This skill is locked until it becomes unlocked by Toxic Reign or Demon Blast. This skill is locked again after each use or if the user leaves the battlefield. This skill unlocks Demonic Defiance after use.",
    "Passive Skill 1": "Dark Divinity",
    "Passive Skill 1 Description": "If this unit would be defeated by an enemy attack or a status effect while having more than 1 HP, it instead survives with 1 HP.\n\nWhile there is a poisoned enemy on the battlefield, this unit is not affected by stun effects.\n\nThis unit enters battle with a Poison Ward, Sleep Ward, and Stun Ward.\n\nAt the end of each of this unit's turns:\n- A random ally on the battlefield is healed for 30% of max HP.\n- A random ally on the battlefield is Enraged. This will overwrite any existing Weak or Enrage effects.\n- A random ally on the battlefield will have its TU costs for all of its skills reduced by 20%. This will overwrite the effect of previous quicken skills.\n\nEnraged units have their Attack increased to 1.5x until the end of their next turn.",
    "Passive Skill 2": "Divine Darkness",
    "Passive Skill 2 Description": "This unit has 35% damage reduction from attacks, plus 10% for each poisoned enemy on the battlefield (up to 75% max).\n\nWhen this unit takes damage from an attack:\n- If this unit survives until after the end of the turn, this unit will heal for 30% of max HP and be granted Stealth.\n- If at the start of the turn there were no poisoned enemies and this unit had another ally on the battlefield, this unit will have its TU reduced to 0.\n\nAt the end of each of this unit's turns:\n- A random enemy on the battlefield is granted Super Poison.\n- A random enemy on the battlefield is Weakened.\n- This unit steals up to 1 Spirit from the enemy team.\n\nWeakened units have their Attack reduced to 0.75x until the end of their next turn. This effect will overwrite any existing Weak or Enrage effects on affected units. The effect of Weakening may be diminished if the affected unit's Attack is increased by other effects and it can be overwritten by Enrage effects. Super Poison will overwrite other status effects on affected enemies. Super Poison deals 4 times the damage of normal poison, and cannot be overwritten by normal poison.",
    "Passive Skill 3": "Attack Up Lv3",
    "Passive Skill 3 Description": "Adds 300 to this unit's Attack.",
    "Passive Skill 4": "HP Up Lv3",
    "Passive Skill 4 Description Description": "Adds 1200 to this unit's max HP.",
    "Passive Skill 5": "Storm Resist Lv3",
    "Passive Skill 5 Description": "10% less damage from attacks by Storm units.",
    "Passive Skill 6 Description": "Greataxe Mastery",
    "Passive Skill 6": "Can use weapon skills of Greataxes in addition to their original preferred weapon type."
  },
  {
    "quickview-portrait-image src": "https://evertaletoolbox2.runasp.net/files/images/monsters/small/PerryRegular02_2.png",
    "Name": "Perry",
    "Title": "Admiral of Debt",
    "icon36 src": "https://evertaletoolbox2.runasp.net/files/ui/app/RarityIconSsr01.png",
    "icon10 src": "https://evertaletoolbox2.runasp.net/files/ui/rarity/IconRainbowStar01.png",
    "icon36 src (2)": "https://evertaletoolbox2.runasp.net/files/ui/elements/Water.png",
    "Cost": "34",
    "Attack": "1,121",
    "HP": "8,815",
    "SPD": "635",
    "icon36 src (3)": "https://evertaletoolbox2.runasp.net/files/ui/weapons/Hammer.png",
    "Leader Skill": "Water HP Up",
    "Leader Skill Description": "Allied Water element units have their max HP increased by 10%.",
    "Active Skill 1": "Water Barrage",
    "Active Skill 1 Description": "200% damage to 2 enemies. If an enemy on the battlefield is sleeping, deals 400% damage instead to both targets. This attack ignores damage reduction effects, skin passive skills and the Counter Stance status effect. Heals the user for 100% of total damage dealt.",
    "Active Skill 2": "Sleep Torrent",
    "Active Skill 2 Description": "Removes all Sleep wards and Burn status effects (including Mega Healing Burn) from enemy units on the battlefield.\n\nThen grants 1 random enemy a burn ward, and the Sleep status effect for 200TU, even if they have already slept while on the battlefield. This will overwrite other status effects on that unit. This effect triggers 4 times.\n\nIf no enemies were sleeping at the start of the turn, the user will immediately get the next turn. Usable if less than 2 enemies on the battlefield are sleeping. Usable 10 times per battle.",
    "Active Skill 3": "Concussive Blow",
    "Active Skill 3 Description": "300% damage to 1 enemy, and then grants that enemy the Deep Sleep status effect for 100TU, even if they have already slept while on the battlefield, and heals all allies for 800% of the user's attack. This attack ignores enemy damage reduction effects. This skill becomes locked for 50TU after use.\n\nDeep Sleep will overwrite other status effects, cannot be overwritten by Burn or Sleep status effects, and cannot be Purified.",
    "Active Skill 4": "Crashing Anchor",
    "Active Skill 4 Description": "200% damage to all enemies. 500% damage instead to sleeping targets. This attack ignores damage reduction effects, skin passive skills and the Counter Stance status effect. Unlocked each time the user damages an enemy with another attack. This skill is locked again after each use or if the user leaves the battlefield.",
    "Passive Skill 1": "Tides of Fortune",
    "Passive Skill 1 Description": "This unit cannot be burned. This unit's attacks will not wake sleeping enemies.\n\nThis unit has 40% damage reduction from attacks, plus 10% for each burning or sleeping enemy on the battlefield (up to 80% max).\n\nWhen this unit takes damage from an attack, if there are 2 or more enemies that are burning or sleeping on the battlefield, this unit has a 20% chance plus 20% per Awakening (up to 100% chance if this unit has 4 Awakenings) to be immediately Purified (any negative status effects like sleep, burn or poison are removed, new status effects may still apply following this effect), and get the next turn.\n\nWhen this unit enters the battlefield and at the end of each turn, if there are 2 or more enemies on the battlefield that are Fire element or have a Burn Blast or Burn Drive type active skill, this unit will become a Stun Absorber (Whenever any ally would be affected by stun, this unit takes the stun instead). At the end of each turn, if there are less than 2 enemies on the battlefield that are Fire element or have a Burn Blast or Burn Drive type active skill, this unit will stop being a Stun Absorber.",
    "Passive Skill 2": "Captain's Orders",
    "Passive Skill 2 Description": "If this unit would be defeated by an enemy attack or a status effect while having more than 1 HP, it instead survives with 1 HP.\n\nEach time an ally (including this unit) gets the turn, they will heal for 20% of their max HP. If that ally is Water and survives until after the end of the turn, Allies gain 1 Spirit.\n\nWhen this unit's attacks hit a sleeping, non-boss, non-Ephemeral target and that target has 1HP remaining after damage, that target is immediately defeated (this unit is considered to have defeated that enemy with an attack). This effect ignores Revenge passive skills, Revival passive skills, and any passive skills or effects of active skills that would prevent the enemy from being defeated.\n\nWhen this unit enters battle all allies will be granted Sleep Wards. After the end of this unit's first turn on the battlefield, all allies will have Burn removed and be granted Burn wards. Each Ward prevents their named effect from being applied once, then is removed. Identical Wards cannot stack.",
    "Passive Skill 3": "HP Up Lv3",
    "Passive Skill 3 Description": "Adds 1200 to this unit's max HP.",
    "Passive Skill 4": "Attack Up Lv3",
    "Passive Skill 4 Description Description": "Adds 300 to this unit's Attack.",
    "Passive Skill 5": "Fire Resist Lv3",
    "Passive Skill 5 Description": "10% less damage from attacks by Fire units.",
    "Passive Skill 6 Description": "Spear Mastery",
    "Passive Skill 6": "Can use weapon skills of Spears in addition to their original preferred weapon type."
  },
  {
    "quickview-portrait-image src": "https://evertaletoolbox2.runasp.net/files/images/monsters/small/RyomaRegular02_2.png",
    "Name": "Ryoma",
    "Title": "Blade of Tomorrow",
    "icon36 src": "https://evertaletoolbox2.runasp.net/files/ui/app/RarityIconSsr01.png",
    "icon10 src": "https://evertaletoolbox2.runasp.net/files/ui/rarity/IconRainbowStar01.png",
    "icon36 src (2)": "https://evertaletoolbox2.runasp.net/files/ui/elements/Earth.png",
    "Cost": "34",
    "Attack": "1,255",
    "HP": "8,145",
    "SPD": "452",
    "icon36 src (3)": "https://evertaletoolbox2.runasp.net/files/ui/weapons/GreatAxe.png",
    "Leader Skill": "Earth HP Up",
    "Leader Skill Description": "Allied Earth element units have their max HP increased by 10%.",
    "Active Skill 1": "Rising Blade",
    "Active Skill 1 Description": "300% damage to 1 enemy, plus 100% for each time this skill has already been used while on the battlefield (max of 600% total damage). If not burning, the user will be granted Sleep Thorns. This attack ignores enemy damage reduction effects and any effects of non-boss enemies that would prevent the target from being defeated.\n\nWhen a unit with Sleep Thorns is dealt damage by an attack, that unit's Sleep Thorns will be consumed to immediately grant the Cursed Sleep status effect for 200TU to the attacker. Burn or attacks that grant Burn will remove Sleep Thorns and prevent Cursed Sleep from applying. Cursed Sleep will overwrite status effects other than Burn, cannot be overwritten by Poison, can be applied repeatedly to units that have already slept while on the battlefield, and will not end from damage caused by Dream Hunter type active skills.",
    "Active Skill 2": "One Thousand Cuts",
    "Active Skill 2 Description": "300% damage to 2 enemies. 500% damage instead to targets that do not have the Burn status effect. This attack ignores damage reduction effects, skin passive skills and the Counter Stance status effect. Unlocked each time the user damages an enemy with another attack. This skill is locked again after each use or if the user leaves the battlefield.",
    "Active Skill 3": "Dancing Leaves",
    "Active Skill 3 Description": "Removes Poison (including Lethal Poison) and Sleep from all allies on the battlefield. For each status effect removed in this way, Allies steal up to 1 Spirit from the enemy team, and a random enemy is granted Cursed Sleep for 200TU.\n\nThen all allies on the battlefield:\n- Heal for 800% of the user's attack.\n- Gain Stealth, a Stealth Shield, Poison Ward and Sleep Ward.\n- Are granted Stun Resist Lv5 for 50TU (Reduce the amount of any stun effects against the unit by 50TU).\n\nThis skill becomes locked for 100TU after use. Each Ward prevents their named effect from being applied once, then is removed. Identical Wards cannot stack. Stealth will overwrite other Status effects on affected units. Stealth Shields prevent the next other status effect a unit would gain while Stealthed from applying. Stealthed units ignore the next enemy attack that would damage more than 1 target. Any damage will remove stealth.",
    "Active Skill 4": "Autumn's End",
    "Active Skill 4 Description": "20% chance to immediately defeat 1 non-boss enemy, plus 20% per Awakening (up to 100% chance if this unit has 4 Awakenings). The user is considered to have defeated the target with an attack if successful. This effect ignores Revenge passive skills, Revival passive skills, any passive skills or effects of active skills that would prevent the target from being defeated, and cannot be redirected by Guardians.\n\nThe user can no longer be sent to the reinforcements from the battlefield. Then immediately give all other allies the next turns by reducing their current TU, and Purify them (removes negative status effects like sleep, burn or poison). Active skills that grant turns cannot be used by any affected units until after they have had the turn.\n\nLocked for 250TU after the user has entered the battlefield. This lock is ignored while all enemies on the battlefield have the Cursed Sleep status effect. Usable once per battle.",
    "Passive Skill 1": "Pacifying Blade",
    "Passive Skill 1 Description": "This unit enters battle with Sleep Thorns. Unless this unit is burning, this unit is immune to Stun effects.\n\nEach time this unit takes damage from an attack while it has Sleep Thorns and survives until after the end of the turn, this unit will heal for 100% of its max HP, and will have its TU reduced to 0.\n\nThis unit's attacks:\n- will not wake sleeping enemies.\n- heal this unit fully when they deal damage to a target with Cursed Sleep.\n- grant the Cursed Sleep status effect to non-burning units hit after damage is dealt. This effect cannot trigger if Ryoma has no other allies on the battlefield.",
    "Passive Skill 2": "Unbroken Vow",
    "Passive Skill 2 Description": "If this unit would be defeated by an enemy attack or a status effect while having more than 1 HP, it instead survives with 1 HP. This unit has 50% damage reduction from attacks. While there is another Earth ally on the battlefield, this unit has 75% damage reduction instead.\n\nWhen another non-conjured unit on the battlefield is defeated or sacrificed by any source, this unit heals for 100% of max HP and if not burning is granted Sleep Thorns.\n\nThis unit has burn removed and is granted Burn Immunity for 100TU whenever:\n- This unit enters battle, and there is a Water ally on the battlefield.\n- A Water ally enters the battlefield from reinforcements.",
    "Passive Skill 3": "Attack Up Lv3",
    "Passive Skill 3 Description": "Adds 300 to this unit's Attack.",
    "Passive Skill 4": "HP Up Lv3",
    "Passive Skill 4 Description Description": "Adds 1200 to this unit's max HP.",
    "Passive Skill 5": "Light Resist Lv3",
    "Passive Skill 5 Description": "10% less damage from attacks by Light units.",
    "Passive Skill 6 Description": "Greatsword Mastery",
    "Passive Skill 6": "Can use weapon skills of Greatswords in addition to their original preferred weapon type."
  },
  {
    "quickview-portrait-image src": "https://evertaletoolbox2.runasp.net/files/images/monsters/small/MasamuneRegular02_2.png",
    "Name": "Masamune",
    "Title": "The One-Eyed Swordsman",
    "icon36 src": "https://evertaletoolbox2.runasp.net/files/ui/app/RarityIconSsr01.png",
    "icon10 src": "https://evertaletoolbox2.runasp.net/files/ui/rarity/IconRainbowStar01.png",
    "icon36 src (2)": "https://evertaletoolbox2.runasp.net/files/ui/elements/Storm.png",
    "Cost": "34",
    "Attack": "1,539",
    "HP": "6,725",
    "SPD": "504",
    "icon36 src (3)": "https://evertaletoolbox2.runasp.net/files/ui/weapons/Katana.png",
    "Leader Skill": "Storm Attack Up",
    "Leader Skill Description": "Allied Storm units have their Attack increased by 15%.",
    "Active Skill 1": "Lightning Strike",
    "Active Skill 1 Description": "200% damage to 1 enemy. 300% damage instead if the target has 100TU or more. 400% damage instead if the target has 150TU or more. 500% damage instead if the target has 200TU or more. 600% damage instead if the target has 250TU or more. This attack ignores damage reduction effects, skin passive skills and the Counter Stance status effect.\n\nThen if the target is a non-boss, non-Ephemeral enemy and had 500TU or more at the start of the turn, they will be immediately defeated (the user is considered to have defeated that enemy with an attack). This secondary effect can only trigger 3 times per battle, and will ignore Revenge passive skills, Revival passive skills, and any passive skills or effects of active skills that would prevent the enemy from being defeated.",
    "Active Skill 2": "Storm Relay",
    "Active Skill 2 Description": "Immediately give 1 other random ally the next turn by reducing their current TU, heal them for 50% of their max HP and Purify them (remove negative status effects like sleep, burn or poison). Increase the number of targets by 1 for each enemy with 100+TU (up to 3 targets). Active skills that grant turns cannot be used by any affected units until after they have had the turn.\n\nUnlocked each time an ally on the battlefield is defeated or sacrificed by any source. This skill is locked again after each use or if the user leaves the battlefield. This skill cannot be used if the user is alone on the battlefield.",
    "Active Skill 3": "Thunderclap",
    "Active Skill 3 Description": "Triggers 2 times: Stun all enemies for 25TU. If the user has another Storm ally on the battlefield, stun them for 50TU instead. This skill becomes locked for 100TU after use.",
    "Active Skill 4": "Skybreaker",
    "Active Skill 4 Description": "500% damage to all enemies. This attack ignores enemy damage reduction effects, the Counter Stance Status Effect, and the effects of Skin passive skills. Locked for 150TU after the user has entered the battlefield.",
    "Passive Skill 1": "Lightning Wielder",
    "Passive Skill 1 Description": "Enemy units that deal damage to this unit get stunned for 100TU, this is a Skin effect.\n\nThis unit's attacks heal this unit for 100% of total damage dealt. This unit is not affected by stun effects and cannot be sent to the reinforcements from the battlefield.\n\nGrants all enemies 3 Discharge Counters. Triggered both at the very start of the battle if this unit is on the battlefield, and when this unit enters the battlefield from reinforcements. Whenever an enemy enters the battlefield from reinforcements they will be granted 3 Discharge Counters. A unit can store a maximum of 3 Discharge Counters, and all are removed from a unit that leaves the battlefield.\n\nWhen this unit hits an enemy with any Discharge Counters with an attack, they will be stunned for:\n- 300TU if they have 3 Discharge Counters\n- 200TU if they have 2 Discharge Counters\n- 100TU if they have 1 Discharge Counter\nThen, the hit enemy will have 1 Discharge Counter removed.",
    "Passive Skill 2": "Undying Storm",
    "Passive Skill 2 Description": "If this unit would be defeated by an enemy attack or a status effect while having more than 1 HP, it instead survives with 1 HP.\n\nThis unit gains 20% damage reduction from attacks for each ally on the battlefield (up to 80% max). Each time this unit takes damage from an attack and survives until after the end of the turn, this unit will heal for 50% of its max HP.\n\nWhenever this unit defeats any number of enemies with an attack, a random enemy will be stunned for 100TU.\n\nIf this unit has survived on the battlefield for 300TU or more, this unit's attacks will ignore any effects of non-boss enemies that would prevent the target from being defeated.",
    "Passive Skill 3": "HP Up Lv3",
    "Passive Skill 3 Description": "Adds 1200 to this unit's max HP.",
    "Passive Skill 4": "Attack Up Lv3",
    "Passive Skill 4 Description Description": "Adds 300 to this unit's Attack.",
    "Passive Skill 5": "Axe Resist Lv3",
    "Passive Skill 5 Description": "10% less damage from attacks by units equipped with Axes.",
    "Passive Skill 6 Description": "Greataxe Mastery",
    "Passive Skill 6": "Can use weapon skills of Greataxes in addition to their original preferred weapon type."
  },
  {
    "quickview-portrait-image src": "https://evertaletoolbox2.runasp.net/files/images/monsters/small/PinocchioRegular02_2.png",
    "Name": "Pinocchio",
    "Title": "Automaton of Memories",
    "icon36 src": "https://evertaletoolbox2.runasp.net/files/ui/app/RarityIconSsr01.png",
    "icon10 src": "https://evertaletoolbox2.runasp.net/files/ui/rarity/IconRainbowStar01.png",
    "icon36 src (2)": "https://evertaletoolbox2.runasp.net/files/ui/elements/Earth.png",
    "Cost": "34",
    "Attack": "1,199",
    "HP": "8,425",
    "SPD": "463",
    "icon36 src (3)": "https://evertaletoolbox2.runasp.net/files/ui/weapons/Hammer.png",
    "Leader Skill": "Earth ATK & HP Up",
    "Leader Skill Description": "Allied Earth element units have their Attack increased by 10% and max HP increased by 7%.",
    "Active Skill 1": "Lock Breaker",
    "Active Skill 1 Description": "200% damage to 1 enemy. 500% damage instead if the target does not have the Burn status effect. Grants the user Stealth, and a Stealth Shield. Randomly grants either Stun Wards, Sleep Wards, or Poison Wards to all allies. This attack ignores enemy damage reduction effects, the Counter Stance Status Effect, and the effects of Skin passive skills. Damage from this attack does not wake up sleeping enemies.\n\nStealth will overwrite other Status effects on the user. Stealth Shields prevent the next other status effect a unit would gain while Stealthed from applying. Stealthed units ignore the next enemy attack that would damage more than 1 target. Any damage will remove stealth. Each Ward prevents their named effect from being applied once, then is removed. Identical Wards cannot stack.",
    "Active Skill 2": "Cursed Roots",
    "Active Skill 2 Description": "Steals up to 1 Spirit from the enemy team for each non-burning enemy on the battlefield, and all non-burning allies are granted Sleep Thorns. Then heals all allies for 500% of the user's attack, and Purifies them (removes negative status effects like sleep, burn or poison). This skill locks after use, and unlocks each time a non-conjured enemy on the battlefield is defeated or sacrificed by any source.\n\nWhen a unit with Sleep Thorns is dealt damage by an attack, that unit's Sleep Thorns will be consumed to immediately grant the Cursed Sleep status effect for 200TU to the attacker. Burn or attacks that grant Burn will remove Sleep Thorns and prevent Cursed Sleep from applying. Cursed Sleep will overwrite status effects other than Burn, cannot be overwritten by Poison, can be applied repeatedly to units that have already slept while on the battlefield, and will not end from damage caused by Dream Hunter type active skills.",
    "Active Skill 3": "Poison Memories",
    "Active Skill 3 Description": "Removes all Poison wards and Stealth Shields from enemy units on the battlefield. Then all non-sleeping enemies have a 50% chance each to be granted Lethal Poison for 999TU. Then all non-sleeping enemies are granted Mega Poison for 200TU. This skill becomes locked for 100TU after use.\n\nMega Poison will overwrite other status effects on those enemies. Mega Poison deals 20 times the damage of normal Poison and cannot be overwritten by normal Poison or Super Poison. Lethal Poison will overwrite other status effects on those enemies, cannot be overwritten by status effects other than Burn or Stealth, and cannot be Purified. Lethal Poison deals 2 times the damage of normal Poison and ignores passive skills or effects of active skills that would prevent the target from being defeated, other than those which specifically prevent defeat from Poison or non-attack damage. Lethal Poison cannot apply to Burning units or Boss units.",
    "Active Skill 4": "Memory Collapse",
    "Active Skill 4 Description": "200% damage to all enemies. 400% damage instead to targets that are poisoned. 600% damage instead to targets that have the Mega Poison status effect. 800% damage instead to targets that have the Lethal Poison status effect. All non-sleeping enemies hit are then granted Mega Poison for 200TU. This attack ignores enemy damage reduction effects, the Counter Stance Status Effect, and the effects of Skin passive skills. Damage from this attack does not wake up sleeping enemies.",
    "Passive Skill 1": "Cursed Automata",
    "Passive Skill 1 Description": "This unit is immune to Poison status effects, and reduces the amount of any stun effects against this unit by 50TU.\n\nThis unit's attacks heal this unit for 100% of total damage dealt.\n\nWhenever another ally enters the battlefield from reinforcements, they are granted Sleep Thorns.\n\nWhenever a non-conjured enemy enters the battlefield from reinforcements, they are granted Super Poison. Super Poison will overwrite other status effects on those enemies. Super Poison deals 4 times the damage of normal poison, and cannot be overwritten by normal poison.",
    "Passive Skill 2": "Imprinted Ego",
    "Passive Skill 2 Description": "Each time a Poisoned or Sleeping unit gets the turn, this unit will be healed for 30% of its max HP.\n\nWhile a unit on the battlefield is Poisoned, this unit has:\n- A 100% chance to survive any attack that would defeat this unit with 1HP.\n- 50% damage reduction from attacks.\n- Active Skill TU Costs reduced by 40%. Quicken effects will not further reduce this unit's TU costs.",
    "Passive Skill 3": "Attack Up Lv3",
    "Passive Skill 3 Description": "Adds 300 to this unit's Attack.",
    "Passive Skill 4": "HP Up Lv3",
    "Passive Skill 4 Description Description": "Adds 1200 to this unit's max HP.",
    "Passive Skill 5": "Storm Resist Lv3",
    "Passive Skill 5 Description": "10% less damage from attacks by Storm units.",
    "Passive Skill 6 Description": "Greatsword Mastery",
    "Passive Skill 6": "Can use weapon skills of Greatswords in addition to their original preferred weapon type."
  },
  {
    "quickview-portrait-image src": "https://evertaletoolbox2.runasp.net/files/images/monsters/small/KongmingRegular02_2.png",
    "Name": "Zhuge Liang",
    "Title": "Raging Dragon",
    "icon36 src": "https://evertaletoolbox2.runasp.net/files/ui/app/RarityIconSsr01.png",
    "icon10 src": "https://evertaletoolbox2.runasp.net/files/ui/rarity/IconRainbowStar01.png",
    "icon36 src (2)": "https://evertaletoolbox2.runasp.net/files/ui/elements/Fire.png",
    "Cost": "34",
    "Attack": "1,376",
    "HP": "7,540",
    "SPD": "510",
    "icon36 src (3)": "https://evertaletoolbox2.runasp.net/files/ui/weapons/Axe.png",
    "Leader Skill": "Fire HP Up",
    "Leader Skill Description": "Allied Fire element units have their max HP increased by 10%.",
    "Active Skill 1": "Rings of Fire",
    "Active Skill 1 Description": "200% damage to all enemies, plus 100% for each Charge stored on the user (max of 500% damage). The user is then granted the Burn status effect. Heals the user for 100% of total damage dealt. This attack ignores enemy damage reduction effects, the Counter Stance Status Effect, and the effects of Skin passive skills.\n\nBurn will overwrite other status effects on the user. Any unit that deals damage to or is dealt damage by a unit with burn will also become burned.",
    "Active Skill 2": "Heat Paralysis",
    "Active Skill 2 Description": "All non-water units on the battlefield are stunned for 150TU. Ally Stun Absorbers do not redirect this stun, and allies will not be stunned by this effect if there is an enemy Stun Absorber on the battlefield. This skill becomes locked for 150TU after use.",
    "Active Skill 3": "Piercing Heat",
    "Active Skill 3 Description": "Targets 2 other random allies. Those allies are healed for 100% of max HP, are granted the Burn status effect, and Piercing. This skill locks after use, and unlocks when this unit damages an enemy with an attack. Cannot be used if the user is alone on the battlefield.\n\nA unit with Piercing will have their Attacks ignore enemy damage reduction effects until the end of their next turn.",
    "Active Skill 4": "Dragon Slam",
    "Active Skill 4 Description": "500% damage to 1 enemy, and exchanges the user's current HP with the amount of HP the user has currently lost. 600% damage instead if the user has 3 Charges. Allies gain Spirit equal to the number of units that were Burning at the start of the turn. This attack ignores enemy damage reduction effects and any effects of non-boss enemies that would prevent the target from being defeated. Usable only if the user's HP is at 50% or less.",
    "Passive Skill 1": "Burning Passion",
    "Passive Skill 1 Description": "This unit cannot be defeated by damage from Burn status effects, and cannot be Stunned. This unit enters battle with the Mega Healing Burn status effect for 100TU.\n\nThis unit gains 20% damage reduction from attacks for each burning ally on the battlefield (up to 80% max).\n\nWhen another non-conjured unit (ally or enemy) on the battlefield is defeated or sacrificed by any source, this unit gains a Charge. Certain skills are affected by charges. A unit can store a maximum of 3 charges, and all charges are removed from a unit that leaves the battlefield.\n\nA unit with Mega Healing Burn will heal after each turn at 20 times the rate as Healing Burn. This will overwrite other status effects on the unit, cannot be overwritten by Burn, Poison or Sleep status effects, and cannot be Purified. Any unit that deals damage to or is dealt damage by a unit with Mega Healing Burn will gain the Burn status effect. A unit with Mega Healing Burn will be granted Healing Burn for 300TU when Mega Healing Burn expires.",
    "Passive Skill 2": "Blazing Vengeance",
    "Passive Skill 2 Description": "If this unit would be defeated by an enemy attack or a status effect while having more than 1 HP, it instead survives with 1 HP.\n\nWhen another non-conjured ally on the battlefield is defeated or sacrificed by any source, immediately give 1 other random burning ally the next turn by reducing their current TU to 0. This will not trigger if this unit is defeated or sacrificed at the same time. Active skills that grant turns cannot be used on turns given by this skill.\n\nEach time this unit takes damage from an attack and survives until after the end of the turn with more than 1 HP, this unit will:\n- Grant a random non-burning ally and non-burning enemy the Burn status effect. This is not a Skin passive skill.\n- Then heal for 10% of max HP (up to 80% max) for each burning unit on the battlefield.",
    "Passive Skill 3": "HP Up Lv3",
    "Passive Skill 3 Description": "Adds 1200 to this unit's max HP.",
    "Passive Skill 4": "Attack Up Lv3",
    "Passive Skill 4 Description Description": "Adds 300 to this unit's Attack.",
    "Passive Skill 5": "Fire Resist Lv3",
    "Passive Skill 5 Description": "10% less damage from attacks by Fire units.",
    "Passive Skill 6 Description": "Sword Mastery",
    "Passive Skill 6": "Can use weapon skills of Swords in addition to their original preferred weapon type."
  },
  {
    "quickview-portrait-image src": "https://evertaletoolbox2.runasp.net/files/images/monsters/small/RizKouhaiRegular02_2.png",
    "Name": "Clare",
    "Title": "Knight of Silver",
    "icon36 src": "https://evertaletoolbox2.runasp.net/files/ui/app/RarityIconSsr01.png",
    "icon10 src": "https://evertaletoolbox2.runasp.net/files/ui/rarity/IconRainbowStar01.png",
    "icon36 src (2)": "https://evertaletoolbox2.runasp.net/files/ui/elements/Fire.png",
    "Cost": "34",
    "Attack": "1,554",
    "HP": "6,650",
    "SPD": "486",
    "icon36 src (3)": "https://evertaletoolbox2.runasp.net/files/ui/weapons/Sword.png",
    "Leader Skill": "Fire Attack Up",
    "Leader Skill Description": "Allied Fire element units have their Attack increased by 15%.",
    "Active Skill 1": "Heating Up",
    "Active Skill 1 Description": "200% damage to 1 enemy. 400% damage instead if the user has survived for 150TU on the battlefield. 600% damage instead if the user has survived for 300TU on the battlefield. 800% damage instead if the user has survived for 450TU on the battlefield. The user is then granted the Burn status effect. This attack ignores enemy damage reduction effects.\n\nBurn will overwrite other status effects on the user. Any unit that deals damage to or is dealt damage by a unit with burn will also become burned.",
    "Active Skill 2": "Blaze Onward",
    "Active Skill 2 Description": "Heals all allies for 800% of the user's attack. Then immediately give 2 other random burning allies the next turns by reducing their current TU. Active skills that grant turns cannot be used on turns given by this skill. This skill locks after use, and unlocks each time a non-conjured unit on the battlefield is defeated or sacrificed by any source.",
    "Active Skill 3": "Deadly Burn Blast",
    "Active Skill 3 Description": "300% damage to 2 enemies. This attack ignores enemy damage reduction effects and any effects of non-boss enemies that would prevent the target from being defeated. Usable if the user has the Burn status effect.",
    "Active Skill 4": "Silver Sky Slash",
    "Active Skill 4 Description": "500% damage to all enemies. This attack ignores any effects of non-boss enemies that would prevent the targets from being defeated, the Counter Stance Status Effect, and the effects of Skin passive skills. Locked for 100TU after the user has entered the battlefield, and becomes locked for 100TU after use.",
    "Passive Skill 1": "Burning Bond",
    "Passive Skill 1 Description": "This unit cannot be defeated by damage from Burn status effects. This unit is not affected by stun effects and cannot be sent to the reinforcements from the battlefield.\n\nWhenever there are 3 or more burning allies on the battlefield, this unit will survive any attack that would defeat this unit with 1HP.\n\nEach time this unit gets the turn, all allies will heal for 30% of their max HP.\n\nAt the end of each of this unit's turns:\n- If this unit has a Power Charge, all allies will become Enraged, then the Power Charge is removed from this unit.\n- Otherwise, this unit will gain a Power Charge.\n\nAn Enraged unit's attack is increased to 1.5x until the end of their next turn. Enrage will overwrite any existing Weak or Enrage effects on affected units. Power Charges cannot stack and will be removed when the user leaves the battlefield.",
    "Passive Skill 2": "Explosive Drive",
    "Passive Skill 2 Description": "This unit has 10% bonus to attacks for each burning unit on the battlefield (up to 80% max).\n\nTriggered when this unit enters the battlefield from the allied reinforcements:\n- This unit and another random ally are granted Instant Death Wards.\n- All units on the battlefield are granted the Burn status effect. This effect triggers 2 times.\n- Then all burning units on the battlefield are Stunned for 50TU. This effect triggers 2 times.\n\nAn Instant Death Ward prevents a unit from being immediately defeated without damage by a non-boss enemy once, then is removed. Instant Death Wards cannot be ignored and cannot stack.",
    "Passive Skill 3": "Attack Up Lv3",
    "Passive Skill 3 Description": "Adds 300 to this unit's Attack.",
    "Passive Skill 4": "HP Up Lv3",
    "Passive Skill 4 Description Description": "Adds 1200 to this unit's max HP.",
    "Passive Skill 5": "Axe Resist Lv3",
    "Passive Skill 5 Description": "10% less damage from attacks by units equipped with Axes.",
    "Passive Skill 6 Description": "Axe Mastery",
    "Passive Skill 6": "Can use weapon skills of Axes in addition to their original preferred weapon type."
  },
  {
    "quickview-portrait-image src": "https://evertaletoolbox2.runasp.net/files/images/monsters/small/SuperEarthMinion01_2.png",
    "Name": "Super Chimori",
    "icon36 src (2)": "https://evertaletoolbox2.runasp.net/files/ui/elements/Earth.png",
    "Cost": "0",
    "Attack": "208",
    "HP": "1,099",
    "SPD": "84",
    "icon36 src (3)": "https://evertaletoolbox2.runasp.net/files/ui/weapons/Sword.png",
    "Active Skill 1": "Attack",
    "Active Skill 1 Description": "Damage to 1 enemy and allies gain 1 Spirit.",
    "Active Skill 2": "Toxic Bomb",
    "Active Skill 2 Description": "Sacrifices the user to grant 1 enemy either the Cursed Sleep status effect for 200TU or the Lethal Poison status effect for 999TU.\n\nCursed Sleep will overwrite status effects other than Burn, cannot be overwritten by Poison, can be applied repeatedly to units that have already slept while on the battlefield, and will not end from damage caused by Dream Hunter type active skills. Lethal Poison will overwrite other status effects on that enemy, cannot be overwritten by status effects other than Burn or Stealth, and cannot be Purified. Lethal Poison deals 2 times the damage of normal Poison and ignores passive skills or effects of active skills that would prevent the target from being defeated, other than those which specifically prevent defeat from Poison or non-attack damage. Lethal Poison cannot apply to Burning units or Boss units.",
    "Active Skill 3": "Auto Guard+",
    "Active Skill 3 Description": "This unit is a Guardian. For any enemy attack that would hit 1 or 2 other allies, this unit has a 100% chance to redirect 1 hit to itself instead. This unit will not redirect skills that don't deal damage.",
    "Active Skill 4": "Ephemeral",
    "Active Skill 4 Description": "This unit is never considered to be defeated by attacks and does not trigger any skills of other units whenever it is defeated or sacrificed by any source while on the battlefield.\n\nThis unit will be fully healed after each turn if it takes damage but is not defeated. This unit will be defeated after any ally or enemy turn if this unit has any of the Burn, Super Poison, or Mega Poison status effects.\n\nDamage dealt to this unit is increased to 2.5 times the normal amount."
  },
  {
    "quickview-portrait-image src": "https://evertaletoolbox2.runasp.net/files/images/monsters/small/RolotiaDark02_2.png",
    "Name": "Dark Rolotia",
    "Title": "Corrupted Sorceress of Time",
    "icon36 src": "https://evertaletoolbox2.runasp.net/files/ui/app/RarityIconSsr01.png",
    "icon10 src": "https://evertaletoolbox2.runasp.net/files/ui/rarity/IconRainbowStar01.png",
    "icon36 src (2)": "https://evertaletoolbox2.runasp.net/files/ui/elements/Earth.png",
    "Cost": "34",
    "Attack": "1,104",
    "HP": "8,900",
    "SPD": "5",
    "icon36 src (3)": "https://evertaletoolbox2.runasp.net/files/ui/weapons/Spear.png",
    "Leader Skill": "Earth Attack Up",
    "Leader Skill Description": "Allied Earth element units have their Attack increased by 15%.",
    "Active Skill 1": "Magical Barrage",
    "Active Skill 1 Description": "200% damage to all enemies. If an enemy is poisoned or sleeping, deals 400% damage instead. Allies gain 1 Spirit for each poisoned and sleeping enemy hit. If no enemies are poisoned or sleeping already, each enemy hit is randomly granted either the Cursed Sleep status effect for 200TU or the Lethal Poison status effect for 999TU. This attack ignores any effects of non-boss enemies that would prevent the targets from being defeated, the Counter Stance Status Effect, and the effects of Skin passive skills.\n\nCursed Sleep will overwrite status effects other than Burn, cannot be overwritten by Poison, can be applied repeatedly to units that have already slept while on the battlefield, and will not end from damage caused by Dream Hunter type active skills. Lethal Poison will overwrite other status effects, cannot be overwritten by status effects other than Burn or Stealth, and cannot be Purified. Lethal Poison deals 2 times the damage of normal Poison and ignores passive skills or effects of active skills that would prevent the target from being defeated, other than those which specifically prevent defeat from Poison or non-attack damage. Lethal Poison cannot apply to Burning units or Boss units.",
    "Active Skill 2": "Dark Shroud",
    "Active Skill 2 Description": "All non-burning allies will have the TU costs for all of their skills reduced by 20%. This will overwrite the effects of other Quicken skills on affected units. Then grants all allies Stealth, a Stealth Shield, a random ward (either Poison, Stun, or Sleep), and heals them for 500% of the user's attack. This skill becomes locked for 50TU after use.\n\nStealth will overwrite other Status effects on affected units. Stealth Shields prevent the next other status effect a unit would gain while Stealthed from applying. Stealthed units ignore the next enemy attack that would damage more than 1 target. Any damage will remove stealth.",
    "Active Skill 3": "Rewind Time",
    "Active Skill 3 Description": "Removes all Poison and Sleep wards from enemy units on the battlefield. Then pulls the user away from the battlefield to be next in line of your reinforcements. If there are no ally reinforcements, adds enough Super Chimori's to the ally team to still pull the user away to reinforcements (max 4 if the user is alone on the battlefield). Usable if the user has defeated 1+ units with attacks while on the battlefield.",
    "Active Skill 4": "Magical Ruin",
    "Active Skill 4 Description": "600% damage to 2 enemies if they are sleeping or poisoned. 800% damage instead to targets that have the Cursed Sleep or Lethal Poison status effects. This attack ignores enemy damage reduction effects, and heals the user for 100% of total damage dealt. All non-burning, non-poisoned, non-sleeping enemies hit are then randomly granted either Cursed Sleep for 200TU or Lethal Poison for 999TU.",
    "Passive Skill 1": "Dark Timeline",
    "Passive Skill 1 Description": "This unit's attacks will not wake sleeping enemies. Each time this unit takes damage from an attack and survives until after the end of the turn, this unit will heal for 30% of its max HP.\n\nUntil the end of this unit's third turn while on the battlefield:\n- This unit is immune to Poison and Sleep status effects.\n- This unit is immune to Stun effects unless it is burning.\n- Unless it is burning, this unit has 80% damage reduction and has a 60% chance, plus 10% chance per Awakening (up to 100% if this unit has 4 Awakenings) to survive any damage that would defeat it with 1HP.\n\nUntil the end of this unit's second turn while on the battlefield, each time this unit takes damage from an attack, a random non-burning enemy is immediately granted Cursed Sleep for 200TU, then a random non-burning enemy immediately becomes Lethal Poisoned for 999TU. This is not a Skin passive skill.",
    "Passive Skill 2": "Time Warp",
    "Passive Skill 2 Description": "Triggered when this unit enters the battlefield from the allied reinforcements:\n- Until the end of this unit's first turn while on the battlefield, this unit will become a Guardian.\n- All allies are Purified (any negative status effects like sleep, burn or poison are removed).\n- All other allies that are at max HP have their TUs reduced to 0. This has no effect on allies that are either Fire element or have Burn Blast or Burn Drive type active skills. These extra turns may be interrupted by other effects that influence the turn order (e.g. stuns targeting the lowest TU target). Active skills that grant turns cannot be used by any affected units until after they have had the turn.\n\nAfter each enemy turn, a random sleeping or poisoned ally will have their Sleep or Poison (including Lethal Poison) removed and be granted a ward for the effect removed (a Poison Ward or Sleep Ward).\n\nEach Ward prevents their named effect from being applied once, then is removed. Identical Wards cannot stack. While this unit is a Guardian, for any enemy attack that would hit 1 or 2 other allies, this unit has a 100% chance to redirect 1 hit to itself instead. This unit will not redirect skills that don't deal damage.",
    "Passive Skill 3": "HP Up Lv3",
    "Passive Skill 3 Description": "Adds 1200 to this unit's max HP.",
    "Passive Skill 4": "Attack Up Lv3",
    "Passive Skill 4 Description Description": "Adds 300 to this unit's Attack.",
    "Passive Skill 5": "G.sword Resist Lv3",
    "Passive Skill 5 Description": "10% less damage from attacks by units equipped with Greatswords.",
    "Passive Skill 6 Description": "Greataxe Mastery",
    "Passive Skill 6": "Can use weapon skills of Greataxes in addition to their original preferred weapon type."
  }
]