[
  {
    "quickview-portrait-image src": "https://evertaletoolbox2.runasp.net/files/images/monsters/small/Kirin02_2.png",
    "Name": "Kirin",
    "Title": "Mythweaver",
    "icon36 src": "https://evertaletoolbox2.runasp.net/files/ui/app/RarityIconSsr01.png",
    "icon10 src": "https://evertaletoolbox2.runasp.net/files/ui/rarity/IconRainbowStar01.png",
    "icon10 src (6)": "https://evertaletoolbox2.runasp.net/files/ui/rarity/IconRainbowStar01.png",
    "icon36 src (2)": "https://evertaletoolbox2.runasp.net/files/ui/elements/Light.png",
    "Cost": "34",
    "Attack": "1,165",
    "HP": "7,861",
    "SPD": "209",
    "icon36 src (3)": "https://evertaletoolbox2.runasp.net/files/ui/weapons/GreatAxe.png",
    "Leader Skill": "Light Attack Up",
    "Leader Skill Description": "Allied Light element units have their Attack increased by 15%.",
    "Active Skill 1": "Attack",
    "Active Skill 1 Description": "Damage to 1 enemy and allies gain 2 Spirit.",
    "Active Skill 2": "Attack All",
    "Active Skill 2 Description": "Damage to all enemies.",
    "Active Skill 3": "Vigor Impact",
    "Active Skill 3 Description": "250% damage to 1 enemy. Usable only if the user's HP is at 75%+.",
    "Active Skill 4": "Survivor's Fury",
    "Active Skill 4 Description": "500% damage to 1 enemy. Locked for 300TU after the user has entered the battlefield.",
    "Passive Skill 1": "Vigor Armor",
    "Passive Skill 1 Description": "50% less attack damage taken by the user while at max HP.",
    "Passive Skill 2": "Regeneration",
    "Passive Skill 2 Description": "When there is at least 1 other Light ally and this unit gets the turn, this unit heals 30% of its max HP.",
    "Passive Skill 3": "Spear Hunter Lv3",
    "Passive Skill 3 Description": "10% bonus to attacks against units equipped with Spears.",
    "Passive Skill 4": "HP Up Lv3",
    "Passive Skill 4 Description Description": "Adds 1200 to this unit's max HP.",
    "Passive Skill 5": "Attack Up Lv3",
    "Passive Skill 5 Description": "Adds 300 to this unit's Attack.",
    "Passive Skill 6 Description": "Spear Mastery",
    "Passive Skill 6": "Can use weapon skills of Spears in addition to their original preferred weapon type."
  },
  {
    "quickview-portrait-image src": "https://evertaletoolbox2.runasp.net/files/images/monsters/small/DemonElfBoy02_2.png",
    "Name": "Vonn",
    "Title": "Bearer of the Demon Maul",
    "icon36 src": "https://evertaletoolbox2.runasp.net/files/ui/app/RarityIconSsr01.png",
    "icon10 src": "https://evertaletoolbox2.runasp.net/files/ui/rarity/IconRainbowStar01.png",
    "icon10 src (6)": "https://evertaletoolbox2.runasp.net/files/ui/rarity/IconRainbowStar01.png",
    "icon36 src (2)": "https://evertaletoolbox2.runasp.net/files/ui/elements/Dark.png",
    "Cost": "34",
    "Attack": "1,455",
    "HP": "7,140",
    "SPD": "182",
    "icon36 src (3)": "https://evertaletoolbox2.runasp.net/files/ui/weapons/Hammer.png",
    "Leader Skill": "Dark ATK & HP Up",
    "Leader Skill Description": "Allied Dark element units have their Attack increased by 10% and max HP increased by 7%.",
    "Active Skill 1": "Poison",
    "Active Skill 1 Description": "Damage to all enemies.",
    "Active Skill 2": "Attack All",
    "Active Skill 2 Description": "Sacrifices the last unit in the allied reinforcements for 250% damage to 2 enemies. Usable only if there are 1 or more allied reinforcements left.",
    "Active Skill 3": "Blood Nova",
    "Active Skill 3 Description": "400% damage to 1 enemy if they are poisoned.",
    "Active Skill 4": "Poison Devour",
    "Active Skill 4 Description": "Adds 2 Kuromoris to the very end of this unit's team. Triggered when this unit enters the battlefield from the allied reinforcements.",
    "Passive Skill 1": "Summon Entry",
    "Passive Skill 1 Description": "10% less damage from attacks by units equipped with Katanas.",
    "Passive Skill 2": "Katana Resist Lv3",
    "Passive Skill 2 Description": "Adds 1200 to this unit's max HP.",
    "Passive Skill 3": "HP Up Lv3",
    "Passive Skill 3 Description": "Adds 300 to this unit's Attack.",
    "Passive Skill 4": "Attack Up Lv3",
    "Passive Skill 4 Description Description": "Can use weapon skills of Greatswords in addition to their original preferred weapon type.",
    "Passive Skill 5": "Greatsword Mastery"
  },
  {
    "quickview-portrait-image src": "https://evertaletoolbox2.runasp.net/files/images/monsters/small/Taotie02_2.png",
    "Name": "Grenzor",
    "Title": "Scourge of the Hinterlands",
    "icon36 src": "https://evertaletoolbox2.runasp.net/files/ui/app/RarityIconSsr01.png",
    "icon10 src": "https://evertaletoolbox2.runasp.net/files/ui/rarity/IconRainbowStar01.png",
    "icon10 src (6)": "https://evertaletoolbox2.runasp.net/files/ui/rarity/IconRainbowStar01.png",
    "icon36 src (2)": "https://evertaletoolbox2.runasp.net/files/ui/elements/Water.png",
    "Cost": "34",
    "Attack": "1,403",
    "HP": "7,400",
    "SPD": "302",
    "icon36 src (3)": "https://evertaletoolbox2.runasp.net/files/ui/weapons/Axe.png",
    "Leader Skill": "Water ATK & HP Up",
    "Leader Skill Description": "Allied Water element units have their Attack increased by 10% and max HP increased by 7%.",
    "Active Skill 1": "Attack",
    "Active Skill 1 Description": "Damage to 1 enemy and allies gain 2 Spirit.",
    "Active Skill 2": "Attack All",
    "Active Skill 2 Description": "Damage to all enemies.",
    "Active Skill 3": "Over Drive",
    "Active Skill 3 Description": "500% damage to 1 enemy. Usable only if the user's party has 7 or more Spirit.",
    "Active Skill 4": "Vengeance Strike",
    "Active Skill 4 Description": "300% damage to 1 enemy if they have defeated 1+ units with attacks while on the battlefield.",
    "Passive Skill 1": "Spirit+ Entry",
    "Passive Skill 1 Description": "Grants allies 3 Spirit. Triggered when this unit enters the battlefield from reinforcements.",
    "Passive Skill 2": "Staff Hunter Lv3",
    "Passive Skill 2 Description": "10% bonus to attacks against units equipped with Staffs.",
    "Passive Skill 3": "HP Up Lv3",
    "Passive Skill 3 Description": "Adds 1200 to this unit's max HP.",
    "Passive Skill 4": "Attack Up Lv3",
    "Passive Skill 4 Description Description": "Adds 300 to this unit's Attack.",
    "Passive Skill 5": "Sword Mastery",
    "Passive Skill 5 Description": "Can use weapon skills of Swords in addition to their original preferred weapon type."
  },
  {
    "quickview-portrait-image src": "https://evertaletoolbox2.runasp.net/files/images/monsters/small/FoxMutant02_2.png",
    "Name": "Vesh",
    "Title": "Will of the Soil",
    "icon36 src": "https://evertaletoolbox2.runasp.net/files/ui/app/RarityIconSsr01.png",
    "icon10 src": "https://evertaletoolbox2.runasp.net/files/ui/rarity/IconRainbowStar01.png",
    "icon10 src (6)": "https://evertaletoolbox2.runasp.net/files/ui/rarity/IconRainbowStar01.png",
    "icon36 src (2)": "https://evertaletoolbox2.runasp.net/files/ui/elements/Earth.png",
    "Cost": "34",
    "Attack": "1,237",
    "HP": "7,503",
    "SPD": "412",
    "icon36 src (3)": "https://evertaletoolbox2.runasp.net/files/ui/weapons/Spear.png",
    "Leader Skill": "Earth ATK & HP Up",
    "Leader Skill Description": "Allied Earth element units have their Attack increased by 10% and max HP increased by 7%.",
    "Active Skill 1": "Attack",
    "Active Skill 1 Description": "Damage to 1 enemy and allies gain 2 Spirit.",
    "Active Skill 2": "Attack All",
    "Active Skill 2 Description": "Damage to all enemies.",
    "Active Skill 3": "Survivor's Fury",
    "Active Skill 3 Description": "500% damage to 2 enemies. Locked for 300TU after the user has entered the battlefield.",
    "Active Skill 4": "Desperate Drain",
    "Active Skill 4 Description": "500% damage to 1 enemy, and the user recovers HP by 50% of its own max if damage is dealt. Usable only if the user's HP is at 25% or less.",
    "Passive Skill 1": "Hold Ground",
    "Passive Skill 1 Description": "If this unit would be defeated by an enemy attack or a status effect while having more than 1 HP, it instead survives with 1 HP.",
    "Passive Skill 2": "G.sword Hunter Lv3",
    "Passive Skill 2 Description": "10% bonus to attacks against units equipped with Greatswords.",
    "Passive Skill 3": "HP Up Lv3",
    "Passive Skill 3 Description": "Adds 1200 to this unit's max HP.",
    "Passive Skill 4": "Attack Up Lv3",
    "Passive Skill 4 Description Description": "Adds 300 to this unit's Attack.",
    "Passive Skill 5": "Greataxe Mastery",
    "Passive Skill 5 Description": "Can use weapon skills of Greataxes in addition to their original preferred weapon type."
  },
  {
    "quickview-portrait-image src": "https://evertaletoolbox2.runasp.net/files/images/monsters/small/SilverHairBerserker02_2.png",
    "Name": "Imran",
    "Title": "The Walking Storm",
    "icon36 src": "https://evertaletoolbox2.runasp.net/files/ui/app/RarityIconSsr01.png",
    "icon10 src": "https://evertaletoolbox2.runasp.net/files/ui/rarity/IconRainbowStar01.png",
    "icon10 src (6)": "https://evertaletoolbox2.runasp.net/files/ui/rarity/IconRainbowStar01.png",
    "icon36 src (2)": "https://evertaletoolbox2.runasp.net/files/ui/elements/Storm.png",
    "Cost": "34",
    "Attack": "1,182",
    "HP": "7,776",
    "SPD": "309",
    "icon36 src (3)": "https://evertaletoolbox2.runasp.net/files/ui/weapons/GreatSword.png",
    "Leader Skill": "Storm Attack Up",
    "Leader Skill Description": "Allied Storm units have their Attack increased by 15%.",
    "Active Skill 1": "Brash Strike",
    "Active Skill 1 Description": "135% damage to 1 enemy and allies gain 2 Spirit. Reflects 25% of the damage to the user.",
    "Active Skill 2": "Attack All",
    "Active Skill 2 Description": "Damage to all enemies.",
    "Active Skill 3": "Triumph Stun",
    "Active Skill 3 Description": "Stuns 1 enemy for 200TU. Unlocked each time the user defeats another unit with an attack. This skill is locked again after each use or if the user leaves the battlefield.",
    "Active Skill 4": "Time Strike",
    "Active Skill 4 Description": "500% damage to 1 enemy if they have 130TU or more in the turn order. 600% damage if the target has 200TU or more.",
    "Passive Skill 1": "Stun Skin",
    "Passive Skill 1 Description": "Enemy units that deal damage to this unit get stunned for 50TU.",
    "Passive Skill 2": "Hold Ground",
    "Passive Skill 2 Description": "If this unit would be defeated by an enemy attack or a status effect while having more than 1 HP, it instead survives with 1 HP.",
    "Passive Skill 3": "Mace Hunter Lv3",
    "Passive Skill 3 Description": "10% bonus to attacks against units equipped with Maces.",
    "Passive Skill 4": "HP Up Lv3",
    "Passive Skill 4 Description Description": "Adds 1200 to this unit's max HP.",
    "Passive Skill 5": "Attack Up Lv3",
    "Passive Skill 5 Description": "Adds 300 to this unit's Attack.",
    "Passive Skill 6 Description": "Spear Mastery",
    "Passive Skill 6": "Can use weapon skills of Spears in addition to their original preferred weapon type."
  },
  {
    "quickview-portrait-image src": "https://evertaletoolbox2.runasp.net/files/images/monsters/small/ElfFireSamurai02_2.png",
    "Name": "Akatsuki",
    "Title": "Elven Swordmaster Supreme",
    "icon36 src": "https://evertaletoolbox2.runasp.net/files/ui/app/RarityIconSsr01.png",
    "icon10 src": "https://evertaletoolbox2.runasp.net/files/ui/rarity/IconRainbowStar01.png",
    "icon10 src (6)": "https://evertaletoolbox2.runasp.net/files/ui/rarity/IconRainbowStar01.png",
    "icon36 src (2)": "https://evertaletoolbox2.runasp.net/files/ui/elements/Fire.png",
    "Cost": "34",
    "Attack": "1,469",
    "HP": "7,067",
    "SPD": "403",
    "icon36 src (3)": "https://evertaletoolbox2.runasp.net/files/ui/weapons/Katana.png",
    "Leader Skill": "Fire Attack Up",
    "Leader Skill Description": "Allied Fire element units have their Attack increased by 15%.",
    "Active Skill 1": "Ignition Attack",
    "Active Skill 1 Description": "Damage to 1 enemy. The user is then granted the Burn status effect. This will overwrite other status effects on the user. Any unit that deals damage to or is dealt damage by a unit with burn will also become burned.",
    "Active Skill 2": "Attack All",
    "Active Skill 2 Description": "Damage to all enemies.",
    "Active Skill 3": "Burn Blast",
    "Active Skill 3 Description": "300% damage to 1 enemy. Usable if the user has the Burn status effect.",
    "Active Skill 4": "Burn Drive",
    "Active Skill 4 Description": "400% damage to 2 enemies. Usable only if there are at least 4 units with the Burn status effect. 500% damage if there are at least 6 units with burn.",
    "Passive Skill 1": "Burning Entry",
    "Passive Skill 1 Description": "This unit gains the Burn status effect. Triggered when this unit enters the battlefield from the allied reinforcements. Any unit that deals damage to or is dealt damage by a unit with burn will also become burned.",
    "Passive Skill 2": "Burning Focus",
    "Passive Skill 2 Description": "This unit is not affected by stun effects while they have the Burn status effect.",
    "Passive Skill 3": "Hammer Hunter Lv3",
    "Passive Skill 3 Description": "10% bonus to attacks against units equipped with Hammers.",
    "Passive Skill 4": "HP Up Lv3",
    "Passive Skill 4 Description Description": "Adds 1200 to this unit's max HP.",
    "Passive Skill 5": "Attack Up Lv3",
    "Passive Skill 5 Description": "Adds 300 to this unit's Attack.",
    "Passive Skill 6 Description": "Greataxe Mastery",
    "Passive Skill 6": "Can use weapon skills of Greataxes in addition to their original preferred weapon type."
  },
  {
    "quickview-portrait-image src": "https://evertaletoolbox2.runasp.net/files/images/monsters/small/AnimalFamiliar02_2.png",
    "Name": "Beryx",
    "Title": "Jewel of the Forest",
    "icon36 src": "https://evertaletoolbox2.runasp.net/files/ui/app/RarityIconSr01.png",
    "icon10 src": "https://evertaletoolbox2.runasp.net/files/ui/rarity/IconBlackStarGold01.png",
    "icon36 src (2)": "https://evertaletoolbox2.runasp.net/files/ui/elements/Dark.png",
    "Cost": "28",
    "Attack": "888",
    "HP": "4,357",
    "SPD": "294",
    "icon36 src (3)": "https://evertaletoolbox2.runasp.net/files/ui/weapons/Axe.png",
    "Leader Skill": "Dark Attack Up",
    "Leader Skill Description": "Allied Dark element units have their Attack increased by 10%.",
    "Active Skill 1": "Brash Strike",
    "Active Skill 1 Description": "150% damage to 1 enemy and allies gain 1 Spirit. Reflects 30% of the damage to the user.",
    "Active Skill 2": "Attack All",
    "Active Skill 2 Description": "Damage to all enemies.",
    "Active Skill 3": "Desperate Strike",
    "Active Skill 3 Description": "400% damage to 1 enemy. Usable only if the user's HP is at 50% or less. 500% damage if the user's HP is at 25% or less.",
    "Active Skill 4": "Vengeance Strike",
    "Active Skill 4 Description": "300% damage to 2 enemies if they have defeated 1+ units with attacks while on the battlefield.",
    "Passive Skill 1": "Poison Revenge",
    "Passive Skill 1 Description": "Whenever this unit is defeated by an enemy, that enemy gains the Poison status effect. This will overwrite other status effects on that unit.",
    "Passive Skill 2": "Mace Resist Lv2",
    "Passive Skill 2 Description": "7% less damage from attacks by units equipped with Maces.",
    "Passive Skill 3": "HP Up Lv2",
    "Passive Skill 3 Description": "Adds 800 to this unit's max HP.",
    "Passive Skill 4": "Attack Up Lv2",
    "Passive Skill 4 Description Description": "Adds 200 to this unit's Attack.",
    "Passive Skill 5": "Staff Mastery",
    "Passive Skill 5 Description": "Can use weapon skills of Staffs in addition to their original preferred weapon type."
  },
  {
    "quickview-portrait-image src": "https://evertaletoolbox2.runasp.net/files/images/monsters/small/BugWarrior02_2.png",
    "Name": "Kemek",
    "Title": "Soul of Retribution",
    "icon36 src": "https://evertaletoolbox2.runasp.net/files/ui/app/RarityIconSr01.png",
    "icon10 src": "https://evertaletoolbox2.runasp.net/files/ui/rarity/IconBlackStarGold01.png",
    "icon36 src (2)": "https://evertaletoolbox2.runasp.net/files/ui/elements/Earth.png",
    "Cost": "28",
    "Attack": "899",
    "HP": "4,299",
    "SPD": "289",
    "icon36 src (3)": "https://evertaletoolbox2.runasp.net/files/ui/weapons/Sword.png",
    "Leader Skill": "Earth Attack Up",
    "Leader Skill Description": "Allied Earth element units have their Attack increased by 10%.",
    "Active Skill 1": "Poison Attack",
    "Active Skill 1 Description": "Damages 1 enemy and then poisons them.",
    "Active Skill 2": "Attack All",
    "Active Skill 2 Description": "Damage to all enemies.",
    "Active Skill 3": "Stealth Fury",
    "Active Skill 3 Description": "400% damage to 1 enemy. Usable if the user has the Stealth status effect. This attack ignores any enemy status effects, damage reduction effects, revenge passive skills, and skin passive skills.",
    "Active Skill 4": "Gain Stealth",
    "Active Skill 4 Description": "Grants the Stealth status effect to the user. This will overwrite other status effects on that unit. Stealthed units ignore the next enemy attack that would damage more than 1 target. Any damage will remove stealth.",
    "Passive Skill 1": "Poison Revenge",
    "Passive Skill 1 Description": "Whenever this unit is defeated by an enemy, that enemy gains the Poison status effect. This will overwrite other status effects on that unit.",
    "Passive Skill 2": "Stun Resist Lv2",
    "Passive Skill 2 Description": "Reduces the amount of any stun effects against this unit by 15TU.",
    "Passive Skill 3": "HP Up Lv2",
    "Passive Skill 3 Description": "Adds 800 to this unit's max HP.",
    "Passive Skill 4": "Attack Up Lv2",
    "Passive Skill 4 Description Description": "Adds 200 to this unit's Attack.",
    "Passive Skill 5": "Axe Mastery",
    "Passive Skill 5 Description": "Can use weapon skills of Axes in addition to their original preferred weapon type."
  },
  {
    "quickview-portrait-image src": "https://evertaletoolbox2.runasp.net/files/images/monsters/small/Inanna02_2.png",
    "Name": "Inanna",
    "Title": "Goddess of Plenty",
    "icon36 src": "https://evertaletoolbox2.runasp.net/files/ui/app/RarityIconSr01.png",
    "icon10 src": "https://evertaletoolbox2.runasp.net/files/ui/rarity/IconBlackStarGold01.png",
    "icon36 src (2)": "https://evertaletoolbox2.runasp.net/files/ui/elements/Earth.png",
    "Cost": "28",
    "Attack": "763",
    "HP": "4,982",
    "SPD": "51",
    "icon36 src (3)": "https://evertaletoolbox2.runasp.net/files/ui/weapons/Staff.png",
    "Leader Skill": "Earth HP Up",
    "Leader Skill Description": "Allied Earth element units have their max HP increased by 7%.",
    "Active Skill 1": "Poison",
    "Active Skill 1 Description": "Grants the Poison status effect to 1 enemy. Allies gain 1 Spirit. This will overwrite other status effects on that unit.",
    "Active Skill 2": "Poison Devour",
    "Active Skill 2 Description": "400% damage to 1 enemy if they are poisoned.",
    "Active Skill 3": "Pain Heal",
    "Active Skill 3 Description": "Heals 1 ally for HP equal to 400% of the user's Attack, then reduces the user's current HP by 40% of max.",
    "Active Skill 4": "Purify",
    "Active Skill 4 Description": "Removes negative status effects like sleep, burn or poison from 2 allies.",
    "Passive Skill 1": "Spirit- Revenge",
    "Passive Skill 1 Description": "Whenever this unit is defeated by an enemy, the enemy party loses 2 Spirit.",
    "Passive Skill 2": "Attack Up Lv2",
    "Passive Skill 2 Description": "Adds 200 to this unit's Attack.",
    "Passive Skill 3": "Storm Resist Lv2",
    "Passive Skill 3 Description": "7% less damage from attacks by Storm units.",
    "Passive Skill 4": "HP Up Lv2",
    "Passive Skill 4 Description Description": "Adds 800 to this unit's max HP.",
    "Passive Skill 5": "Mace Mastery",
    "Passive Skill 5 Description": "Can use weapon skills of Maces in addition to their original preferred weapon type."
  },
  {
    "quickview-portrait-image src": "https://evertaletoolbox2.runasp.net/files/images/monsters/small/HorseHead02_2.png",
    "Name": "Mezu",
    "Title": "Guardians of the Gate",
    "icon36 src": "https://evertaletoolbox2.runasp.net/files/ui/app/RarityIconSr01.png",
    "icon10 src": "https://evertaletoolbox2.runasp.net/files/ui/rarity/IconBlackStarGold01.png",
    "icon36 src (2)": "https://evertaletoolbox2.runasp.net/files/ui/elements/Dark.png",
    "Cost": "28",
    "Attack": "898",
    "HP": "4,304",
    "SPD": "199",
    "icon36 src (3)": "https://evertaletoolbox2.runasp.net/files/ui/weapons/GreatAxe.png",
    "Leader Skill": "Dark Attack Up",
    "Leader Skill Description": "Allied Dark element units have their Attack increased by 10%.",
    "Active Skill 1": "Attack Two",
    "Active Skill 1 Description": "Damage to 2 enemies and allies gain 1 Spirit.",
    "Active Skill 2": "Attack All",
    "Active Skill 2 Description": "Damage to all enemies.",
    "Active Skill 3": "Blood Nova",
    "Active Skill 3 Description": "Sacrifices the last unit in the allied reinforcements for 400% damage to 1 enemy. Usable only if there are 1 or more allied reinforcements left.",
    "Active Skill 4": "Vengeance Strike",
    "Active Skill 4 Description": "300% damage to 1 enemy if they have defeated 1+ units with attacks while on the battlefield.",
    "Passive Skill 1": "Poison Revenge",
    "Passive Skill 1 Description": "Whenever this unit is defeated by an enemy, that enemy gains the Poison status effect. This will overwrite other status effects on that unit.",
    "Passive Skill 2": "Summon Entry",
    "Passive Skill 2 Description": "Adds 1 Kuromori to the very end of this unit's team. Triggered when this unit enters the battlefield from the allied reinforcements.",
    "Passive Skill 3": "G.axe Hunter Lv2",
    "Passive Skill 3 Description": "7% bonus to attacks against units equipped with Greataxes.",
    "Passive Skill 4": "HP Up Lv2",
    "Passive Skill 4 Description Description": "Adds 800 to this unit's max HP.",
    "Passive Skill 5": "Attack Up Lv2",
    "Passive Skill 5 Description": "Adds 200 to this unit's Attack.",
    "Passive Skill 6 Description": "Katana Mastery",
    "Passive Skill 6": "Can use weapon skills of Katanas in addition to their original preferred weapon type."
  }
]