[
  {
    "quickview-portrait-image src": "https://evertaletoolbox2.runasp.net/files/images/monsters/small/Bahamut02_2.png",
    "Name": "Bahamut",
    "Title": "Doomsday Dragon God",
    "icon36 src": "https://evertaletoolbox2.runasp.net/files/ui/app/RarityIconSsr01.png",
    "icon10 src": "https://evertaletoolbox2.runasp.net/files/ui/rarity/IconRainbowStar01.png",
    "icon10 src (6)": "https://evertaletoolbox2.runasp.net/files/ui/rarity/IconRainbowStar01.png",
    "icon36 src (2)": "https://evertaletoolbox2.runasp.net/files/ui/elements/Earth.png",
    "Cost": "34",
    "Attack": "1,409",
    "HP": "7,370",
    "SPD": "137",
    "icon36 src (3)": "https://evertaletoolbox2.runasp.net/files/ui/weapons/Axe.png",
    "Leader Skill": "Earth ATK & HP Up",
    "Leader Skill Description": "Allied Earth element units have their Attack increased by 10% and max HP increased by 7%.",
    "Active Skill 1": "Poison Attack",
    "Active Skill 1 Description": "Damages 1 enemy and then poisons them.",
    "Active Skill 2": "Poison Random",
    "Active Skill 2 Description": "Grants the Poison status effect to 2 random enemies. This will overwrite other status effects on those units.",
    "Active Skill 3": "Poison Charge",
    "Active Skill 3 Description": "For each enemy with the Poison status effect, grants 1 Charge to the user and heals the user for 25% of max HP. Certain skills are affected by and may consume charges. A unit can store a maximum of 3 charges, and all charges are removed from a unit that leaves the battlefield.",
    "Active Skill 4": "Charge Flare",
    "Active Skill 4 Description": "Targets 2 enemies. 300% damage for 1 Charge. 450% damage for 2 charges. 600% damage for 3 charges. Usable only if the user has stored at least one charge. Consumes all charges on the user.",
    "Passive Skill 1": "Super Poison",
    "Passive Skill 1 Description": "Poison applied by this unit deals 4 times the normal damage, and cannot be overwritten by normal Poison.",
    "Passive Skill 2": "Hold Ground",
    "Passive Skill 2 Description": "If this unit would be defeated by an enemy attack or a status effect while having more than 1 HP, it instead survives with 1 HP.",
    "Passive Skill 3": "Attack Up Lv3",
    "Passive Skill 3 Description": "Adds 300 to this unit's Attack.",
    "Passive Skill 4": "HP Up Lv3",
    "Passive Skill 4 Description Description": "Adds 1200 to this unit's max HP.",
    "Passive Skill 5": "Storm Resist Lv3",
    "Passive Skill 5 Description": "10% less damage from attacks by Storm units.",
    "Passive Skill 6 Description": "Sword Mastery",
    "Passive Skill 6": "Can use weapon skills of Swords in addition to their original preferred weapon type."
  },
  {
    "quickview-portrait-image src": "https://evertaletoolbox2.runasp.net/files/images/monsters/small/TimeWitch02_2.png",
    "Name": "Gemina",
    "Title": "Devoted Timekeeper",
    "icon36 src": "https://evertaletoolbox2.runasp.net/files/ui/app/RarityIconSr01.png",
    "icon10 src": "https://evertaletoolbox2.runasp.net/files/ui/rarity/IconBlackStarGold01.png",
    "icon36 src (2)": "https://evertaletoolbox2.runasp.net/files/ui/elements/Storm.png",
    "Cost": "28",
    "Attack": "704",
    "HP": "5,402",
    "SPD": "382",
    "icon36 src (3)": "https://evertaletoolbox2.runasp.net/files/ui/weapons/Staff.png",
    "Leader Skill": "Storm HP Up",
    "Leader Skill Description": "Allied Storm element units have their max HP increased by 7%.",
    "Active Skill 1": "Attack",
    "Active Skill 1 Description": "Damage to 1 enemy and allies gain 2 Spirit.",
    "Active Skill 2": "Guard Allies",
    "Active Skill 2 Description": "The user becomes a Guardian. For any enemy attack that would hit 1 or 2 other allies, 1 of the hits is instead redirected to this unit. This unit will not redirect skills that don't deal damage. Usable only if this unit is not already a Guardian.",
    "Active Skill 3": "Time Drain",
    "Active Skill 3 Description": "500% damage to 1 enemy if they have 130+ TU. 600% damage if the target has 200TU or more. If damage is dealt and the target's TU is 130 or more, the user will heal 50% of max HP.",
    "Active Skill 4": "Quicken Ally",
    "Active Skill 4 Description": "1 ally's TU costs for all of their skills are reduced by 20%. This will overwrite the effect of previous Quicken skills.",
    "Passive Skill 1": "Hold Ground",
    "Passive Skill 1 Description": "If this unit would be defeated by an enemy attack or a status effect while having more than 1 HP, it instead survives with 1 HP.",
    "Passive Skill 2": "Stun Entry",
    "Passive Skill 2 Description": "Stuns 1 random enemy for 150TU. Triggered when entering the battlefield from reinforcements.",
    "Passive Skill 3": "Attack Up Lv2",
    "Passive Skill 3 Description": "Adds 200 to this unit's Attack.",
    "Passive Skill 4": "Axe Resist Lv2",
    "Passive Skill 4 Description Description": "7% less damage from attacks by units equipped with Axes.",
    "Passive Skill 5": "HP Up Lv2",
    "Passive Skill 5 Description": "Adds 800 to this unit's max HP.",
    "Passive Skill 6 Description": "Mace Mastery",
    "Passive Skill 6": "Can use weapon skills of Maces in addition to their original preferred weapon type."
  },
  {
    "quickview-portrait-image src": "https://evertaletoolbox2.runasp.net/files/images/monsters/small/RolotiaRegular02_2.png",
    "Name": "Rolotia",
    "Title": "Sorceress of Dawn",
    "icon36 src": "https://evertaletoolbox2.runasp.net/files/ui/app/RarityIconSsr01.png",
    "icon10 src": "https://evertaletoolbox2.runasp.net/files/ui/rarity/IconRainbowStar01.png",
    "icon10 src (6)": "https://evertaletoolbox2.runasp.net/files/ui/rarity/IconRainbowStar01.png",
    "icon36 src (2)": "https://evertaletoolbox2.runasp.net/files/ui/elements/Storm.png",
    "Cost": "34",
    "Attack": "1,274",
    "HP": "8,042",
    "SPD": "138",
    "icon36 src (3)": "https://evertaletoolbox2.runasp.net/files/ui/weapons/Staff.png",
    "Leader Skill": "Quickened Dawn",
    "Leader Skill Description": "At the very start of battle, allies on the battlefield have the TU costs for all of their skills reduced by 20%. This will overwrite the effect of previous Quicken skills.",
    "Active Skill 1": "Attack",
    "Active Skill 1 Description": "Damage to 1 enemy and allies gain 2 Spirit.",
    "Active Skill 2": "Chrono Stun",
    "Active Skill 2 Description": "Stuns 1 enemy for 200TU. This skill becomes locked for 200TU after use.",
    "Active Skill 3": "Time Strike",
    "Active Skill 3 Description": "500% damage to 1 enemy if they have 130TU or more in the turn order. 600% damage if the target has 200TU or more.",
    "Active Skill 4": "Step Back",
    "Active Skill 4 Description": "Pulls the user away from the battlefield to be next in line of your reinforcements. Usable once per battle, and only if there are 1 or more allied reinforcements left.",
    "Passive Skill 1": "Double Stun Entry",
    "Passive Skill 1 Description": "Stuns the enemy with the highest current TU for 100TU, then stuns the enemy with the lowest current TU for 100TU. Triggered when this unit enters the battlefield from reinforcements.",
    "Passive Skill 2": "Hold Ground",
    "Passive Skill 2 Description": "If this unit would be defeated by an enemy attack or a status effect while having more than 1 HP, it instead survives with 1 HP.",
    "Passive Skill 3": "Attack Up Lv3",
    "Passive Skill 3 Description": "Adds 300 to this unit's Attack.",
    "Passive Skill 4": "HP Up Lv3",
    "Passive Skill 4 Description Description": "Adds 1200 to this unit's max HP.",
    "Passive Skill 5": "Staff Resist Lv3",
    "Passive Skill 5 Description": "10% less damage from attacks by units equipped with Staffs.",
    "Passive Skill 6 Description": "Sword Mastery",
    "Passive Skill 6": "Can use weapon skills of Swords in addition to their original preferred weapon type."
  },
  {
    "quickview-portrait-image src": "https://evertaletoolbox2.runasp.net/files/images/monsters/small/Kisara02_2.png",
    "Name": "Kisara",
    "Title": "Blade of the Summer Sun",
    "icon36 src": "https://evertaletoolbox2.runasp.net/files/ui/app/RarityIconSsr01.png",
    "icon10 src": "https://evertaletoolbox2.runasp.net/files/ui/rarity/IconRainbowStar01.png",
    "icon10 src (6)": "https://evertaletoolbox2.runasp.net/files/ui/rarity/IconRainbowStar01.png",
    "icon36 src (2)": "https://evertaletoolbox2.runasp.net/files/ui/elements/Fire.png",
    "Cost": "34",
    "Attack": "1,366",
    "HP": "7,582",
    "SPD": "195",
    "icon36 src (3)": "https://evertaletoolbox2.runasp.net/files/ui/weapons/Katana.png",
    "Leader Skill": "Fire ATK & HP Up",
    "Leader Skill Description": "Allied Fire element units have their Attack increased by 10% and max HP increased by 7%.",
    "Active Skill 1": "Attack",
    "Active Skill 1 Description": "Damage to 1 enemy and allies gain 2 Spirit.",
    "Active Skill 2": "Vigor Impact",
    "Active Skill 2 Description": "250% damage to 2 enemies. Usable only if the user's HP is at 75%+.",
    "Active Skill 3": "Ignition Heal",
    "Active Skill 3 Description": "Heal 1 ally for HP equal to 200% of the user's Attack. The target also gains the Burn status effect. This will overwrite other status effects on that unit. Any unit that deals damage to or is dealt damage by a unit with burn will also become burned.",
    "Active Skill 4": "Survivor's Fury",
    "Active Skill 4 Description": "500% damage to 1 enemy. Locked for 300TU after the user has entered the battlefield.",
    "Passive Skill 1": "Burn Armor",
    "Passive Skill 1 Description": "50% damage reduction from attacks if this unit has the Burn status effect.",
    "Passive Skill 2": "Burning Focus",
    "Passive Skill 2 Description": "This unit is not affected by stun effects while they have the Burn status effect.",
    "Passive Skill 3": "Attack Up Lv3",
    "Passive Skill 3 Description": "Adds 300 to this unit's Attack.",
    "Passive Skill 4": "HP Up Lv3",
    "Passive Skill 4 Description Description": "Adds 1200 to this unit's max HP.",
    "Passive Skill 5": "Fire Resist Lv3",
    "Passive Skill 5 Description": "10% less damage from attacks by Fire units.",
    "Passive Skill 6 Description": "Spear Mastery",
    "Passive Skill 6": "Can use weapon skills of Spears in addition to their original preferred weapon type."
  },
  {
    "quickview-portrait-image src": "https://evertaletoolbox2.runasp.net/files/images/monsters/small/Crescent02_2.png",
    "Name": "Diabolos",
    "Title": "Dragon Lord of Shadow",
    "icon36 src": "https://evertaletoolbox2.runasp.net/files/ui/app/RarityIconSsr01.png",
    "icon10 src": "https://evertaletoolbox2.runasp.net/files/ui/rarity/IconRainbowStar01.png",
    "icon10 src (6)": "https://evertaletoolbox2.runasp.net/files/ui/rarity/IconRainbowStar01.png",
    "icon36 src (2)": "https://evertaletoolbox2.runasp.net/files/ui/elements/Dark.png",
    "Cost": "34",
    "Attack": "1,371",
    "HP": "7,558",
    "SPD": "228",
    "icon36 src (3)": "https://evertaletoolbox2.runasp.net/files/ui/weapons/Hammer.png",
    "Leader Skill": "Dark ATK & HP Up",
    "Leader Skill Description": "Allied Dark element units have their Attack increased by 10% and max HP increased by 7%.",
    "Active Skill 1": "Attack",
    "Active Skill 1 Description": "Damage to 1 enemy and allies gain 2 Spirit.",
    "Active Skill 2": "Enrage Ally",
    "Active Skill 2 Description": "1 ally's Attack is increased to 1.5x until the end of their next turn. If the target is not the user, their health is also reduced by 30% of their max. If this HP reduction would defeat an ally, they survive on 1 HP instead. This will overwrite the effect of previous Enrage skills.",
    "Active Skill 3": "Payback Strike",
    "Active Skill 3 Description": "350% damage to 2 enemies. Unlocked each time an ally on the battlefield is defeated or sacrificed by any source. This skill is locked again after each use or if the user leaves the battlefield.",
    "Active Skill 4": "Life Flip Ally",
    "Active Skill 4 Description": "Exchanges 1 ally's current HP with the amount of HP they have currently lost. Usable once per battle.",
    "Passive Skill 1": "Life Drain",
    "Passive Skill 1 Description": "When this unit deals damage to an enemy with an attack, this unit is healed for 100% of total damage dealt.",
    "Passive Skill 2": "Rage Revenge",
    "Passive Skill 2 Description": "Whenever this unit is defeated by an enemy, all allies have their Attack increased to 1.5x until the end of their next turn. This will overwrite the effect of previous Enrage skills.",
    "Passive Skill 3": "Attack Up Lv3",
    "Passive Skill 3 Description": "Adds 300 to this unit's Attack.",
    "Passive Skill 4": "Katana Hunter Lv3",
    "Passive Skill 4 Description Description": "10% bonus to attacks against units equipped with Katanas.",
    "Passive Skill 5": "HP Up Lv3",
    "Passive Skill 5 Description": "Adds 1200 to this unit's max HP.",
    "Passive Skill 6 Description": "Greatsword Mastery",
    "Passive Skill 6": "Can use weapon skills of Greatswords in addition to their original preferred weapon type."
  },
  {
    "quickview-portrait-image src": "https://evertaletoolbox2.runasp.net/files/images/monsters/small/SpearGirlWarrior02_2.png",
    "Name": "Lillian",
    "Title": "Spritely Spearmaster",
    "icon36 src": "https://evertaletoolbox2.runasp.net/files/ui/app/RarityIconSr01.png",
    "icon10 src": "https://evertaletoolbox2.runasp.net/files/ui/rarity/IconBlackStarGold01.png",
    "icon36 src (2)": "https://evertaletoolbox2.runasp.net/files/ui/elements/Fire.png",
    "Cost": "28",
    "Attack": "679",
    "HP": "5,402",
    "SPD": "382",
    "icon36 src (3)": "https://evertaletoolbox2.runasp.net/files/ui/weapons/Spear.png",
    "Leader Skill": "Fire HP Up",
    "Leader Skill Description": "Allied Fire element units have their max HP increased by 7%.",
    "Active Skill 1": "Attack Two",
    "Active Skill 1 Description": "Damage to 2 enemies and allies gain 1 Spirit.",
    "Active Skill 2": "Attack All",
    "Active Skill 2 Description": "Damage to all enemies.",
    "Active Skill 3": "Blood Burn",
    "Active Skill 3 Description": "Sacrifices the last unit in the allied reinforcements to grant the Burn status effect to the user and then heal its HP for 200% of its Attack. This will overwrite other status effects on this unit. Cannot be used if the user already has Burn or there are no allied reinforcements left.",
    "Active Skill 4": "Absorb Stun",
    "Active Skill 4 Description": "The user gains Stun Absorb. While the user has stun absorb, whenever any ally would be affected by stun, the user takes the stun instead. Cannot be used if the user already has Stun Absorb.",
    "Passive Skill 1": "Auto Guard",
    "Passive Skill 1 Description": "This unit is a Guardian. For any enemy attack that would hit 1 or 2 other allies, this unit has a 60% chance to redirect 1 hit to itself instead. This unit will not redirect skills that don't deal damage.",
    "Passive Skill 2": "Summon Entry",
    "Passive Skill 2 Description": "Adds 1 Himori to the very end of this unit's team. Triggered when this unit enters the battlefield from the allied reinforcements.",
    "Passive Skill 3": "Attack Up Lv2",
    "Passive Skill 3 Description": "Adds 200 to this unit's Attack.",
    "Passive Skill 4": "Water Resist Lv2",
    "Passive Skill 4 Description Description": "7% less damage from attacks by Water units.",
    "Passive Skill 5": "HP Up Lv2",
    "Passive Skill 5 Description": "Adds 800 to this unit's max HP.",
    "Passive Skill 6 Description": "Hammer Mastery",
    "Passive Skill 6": "Can use weapon skills of Hammers in addition to their original preferred weapon type."
  },
  {
    "quickview-portrait-image src": "https://evertaletoolbox2.runasp.net/files/images/monsters/small/Gloria02_2.png",
    "Name": "Gloria",
    "Title": "Gilded Heiress",
    "icon36 src": "https://evertaletoolbox2.runasp.net/files/ui/app/RarityIconSr01.png",
    "icon10 src": "https://evertaletoolbox2.runasp.net/files/ui/rarity/IconBlackStarGold01.png",
    "icon36 src (2)": "https://evertaletoolbox2.runasp.net/files/ui/elements/Earth.png",
    "Cost": "28",
    "Attack": "825",
    "HP": "4,672",
    "SPD": "175",
    "icon36 src (3)": "https://evertaletoolbox2.runasp.net/files/ui/weapons/Sword.png",
    "Leader Skill": "Earth ATK & HP Up",
    "Leader Skill Description": "Allied Earth element units have their Attack increased by 7% and max HP increased by 5%.",
    "Active Skill 1": "Brash Strike",
    "Active Skill 1 Description": "135% damage to 1 enemy and allies gain 2 Spirit. Reflects 25% of the damage to the user.",
    "Active Skill 2": "Push Back",
    "Active Skill 2 Description": "Pushes 1 enemy away from the battlefield to be next in line of the enemy reinforcements. This skill can only be used if there are 1 or more enemy reinforcements left.",
    "Active Skill 3": "Pain Heal",
    "Active Skill 3 Description": "Heals 1 ally for HP equal to 400% of the user's Attack, then reduces the user's current HP by 40% of max.",
    "Active Skill 4": "Desperate Drain",
    "Active Skill 4 Description": "500% damage to 1 enemy, and the user recovers HP by 50% of its own max if damage is dealt. Usable only if the user's HP is at 25% or less.",
    "Passive Skill 1": "Hold Ground",
    "Passive Skill 1 Description": "If this unit would be defeated by an enemy attack or a status effect while having more than 1 HP, it instead survives with 1 HP.",
    "Passive Skill 2": "G.sword Resist Lv2",
    "Passive Skill 2 Description": "7% less damage from attacks by units equipped with Greatswords.",
    "Passive Skill 3": "Attack Up Lv2",
    "Passive Skill 3 Description": "Adds 200 to this unit's Attack.",
    "Passive Skill 4": "HP Up Lv2",
    "Passive Skill 4 Description Description": "Adds 800 to this unit's max HP.",
    "Passive Skill 5": "Staff Mastery",
    "Passive Skill 5 Description": "Can use weapon skills of Staffs in addition to their original preferred weapon type."
  },
  {
    "quickview-portrait-image src": "https://evertaletoolbox2.runasp.net/files/images/monsters/small/RizetteNew02_2.png",
    "Name": "Rizette",
    "Title": "Lightbearing Leader",
    "icon36 src": "https://evertaletoolbox2.runasp.net/files/ui/app/RarityIconSsr01.png",
    "icon10 src": "https://evertaletoolbox2.runasp.net/files/ui/rarity/IconRainbowStar01.png",
    "icon10 src (6)": "https://evertaletoolbox2.runasp.net/files/ui/rarity/IconRainbowStar01.png",
    "icon36 src (2)": "https://evertaletoolbox2.runasp.net/files/ui/elements/Light.png",
    "Cost": "34",
    "Attack": "1,240",
    "HP": "8,212",
    "SPD": "168",
    "icon36 src (3)": "https://evertaletoolbox2.runasp.net/files/ui/weapons/Sword.png",
    "Leader Skill": "Spirit Up",
    "Leader Skill Description": "Allies begin battle with 2 more Spirit.",
    "Active Skill 1": "Drain Shock",
    "Active Skill 1 Description": "Damage to 2 enemies, and heals the user for 100% of total damage dealt. Enemies damaged by this attack are stunned for 50TU.",
    "Active Skill 2": "Counter Shock",
    "Active Skill 2 Description": "Damage to all enemies. Enemies damaged by this attack are stunned for 50TU. The user is also granted the Counter Stance status effect. This will overwrite other status effects on the user. For 150TU, the next time the unit with counter stance takes damage from an enemy attack, it will become their turn. Counter stance cannot be gained if the user already has the Counter Stance status effect or has gotten the current turn from Counter Stance. This skill becomes locked for 200TU after use.",
    "Active Skill 3": "Desperate Surge",
    "Active Skill 3 Description": "300% damage to 2 enemies. Usable only if the user's HP is at 50% or less. 400% damage if the user's HP is at 25% or less. Enemies damaged by this attack are stunned for 50TU.",
    "Active Skill 4": "Grant Armor",
    "Active Skill 4 Description": "Grants the Armor status effect to 2 allies. This will overwrite other status effects on these units. Armor grants 50% damage reduction from the next attack, then the effect is removed.",
    "Passive Skill 1": "Hold Ground",
    "Passive Skill 1 Description": "If this unit would be defeated by an enemy attack or a status effect while having more than 1 HP, it instead survives with 1 HP.",
    "Passive Skill 2": "Survivor's Power",
    "Passive Skill 2 Description": "This unit's Attack is increased to 1.25x if this unit has survived for 150TU on the battlefield. This increase becomes 1.5x if this unit has survived for 300TU on the battlefield. This effect does not stack with Enrage skills.",
    "Passive Skill 3": "HP Up Lv3",
    "Passive Skill 3 Description": "Adds 1200 to this unit's max HP.",
    "Passive Skill 4": "Stun Resist Lv3",
    "Passive Skill 4 Description Description": "Reduces the amount of any stun effects against this unit by 20TU.",
    "Passive Skill 5": "Attack Up Lv3",
    "Passive Skill 5 Description": "Adds 300 to this unit's Attack.",
    "Passive Skill 6 Description": "Mace Mastery",
    "Passive Skill 6": "Can use weapon skills of Maces in addition to their original preferred weapon type."
  },
  {
    "quickview-portrait-image src": "https://evertaletoolbox2.runasp.net/files/images/monsters/small/Cyrus02_2.png",
    "Name": "Cyrus",
    "Title": "Mercurial Mastermind",
    "icon36 src": "https://evertaletoolbox2.runasp.net/files/ui/app/RarityIconSsr01.png",
    "icon10 src": "https://evertaletoolbox2.runasp.net/files/ui/rarity/IconRainbowStar01.png",
    "icon10 src (6)": "https://evertaletoolbox2.runasp.net/files/ui/rarity/IconRainbowStar01.png",
    "icon36 src (2)": "https://evertaletoolbox2.runasp.net/files/ui/elements/Dark.png",
    "Cost": "34",
    "Attack": "1,326",
    "HP": "7,782",
    "SPD": "128",
    "icon36 src (3)": "https://evertaletoolbox2.runasp.net/files/ui/weapons/Mace.png",
    "Leader Skill": "Brave Attack Up",
    "Leader Skill Description": "Allied units have their Attack increased by 15% if there are no allied reinforcements.",
    "Active Skill 1": "Brave Strike",
    "Active Skill 1 Description": "150% damage to 1 enemy. 300% damage if there are no allied reinforcements. Reflects 15% of the damage to the user.",
    "Active Skill 2": "Deal Fate",
    "Active Skill 2 Description": "Randomly grants one of Poison, Burn, Sleep or Despair to 1 enemy. The random status effect will overwrite other status effects on that unit. Despaired units lose 3 Spirit at the end of their next turn.",
    "Active Skill 3": "Brave Avenger",
    "Active Skill 3 Description": "300% damage to 2 enemies if they have defeated 1+ units with attacks while on the battlefield, 600% damage if there are also no allied reinforcements.",
    "Active Skill 4": "Grant Guard",
    "Active Skill 4 Description": "Grants Guard Once to 1 ally. For the next enemy attack that would hit 1 or 2 other allies, 1 of the attacks is instead redirected to the ally with guard once. This will not redirect skills that don't deal damage. This effect will go away only if that ally redirects an attack, targeting the ally unit directly will not remove it. Units with guard once cannot have the Counter Stance status effect.",
    "Passive Skill 1": "Brave Armor",
    "Passive Skill 1 Description": "65% damage reduction from attacks while there are no allied reinforcements.",
    "Passive Skill 2": "Axe Hunter Lv3",
    "Passive Skill 2 Description": "10% bonus to attacks against units equipped with Axes.",
    "Passive Skill 3": "HP Up Lv3",
    "Passive Skill 3 Description": "Adds 1200 to this unit's max HP.",
    "Passive Skill 4": "Attack Up Lv3",
    "Passive Skill 4 Description Description": "Adds 300 to this unit's Attack.",
    "Passive Skill 5": "Sword Mastery",
    "Passive Skill 5 Description": "Can use weapon skills of Swords in addition to their original preferred weapon type."
  },
  {
    "quickview-portrait-image src": "https://evertaletoolbox2.runasp.net/files/images/monsters/small/DarkAstrid02_2.png",
    "Name": "Endless Astrid",
    "Title": "Voice of Defiance",
    "icon36 src": "https://evertaletoolbox2.runasp.net/files/ui/app/RarityIconSsr01.png",
    "icon10 src": "https://evertaletoolbox2.runasp.net/files/ui/rarity/IconRainbowStar01.png",
    "icon10 src (6)": "https://evertaletoolbox2.runasp.net/files/ui/rarity/IconRainbowStar01.png",
    "icon36 src (2)": "https://evertaletoolbox2.runasp.net/files/ui/elements/Earth.png",
    "Cost": "34",
    "Attack": "1,420",
    "HP": "7,316",
    "SPD": "260",
    "icon36 src (3)": "https://evertaletoolbox2.runasp.net/files/ui/weapons/GreatSword.png",
    "Leader Skill": "Earth Attack Up",
    "Leader Skill Description": "Allied Earth element units have their Attack increased by 15%.",
    "Active Skill 1": "Poison Attack",
    "Active Skill 1 Description": "Damages 1 enemy and then poisons them.",
    "Active Skill 2": "Poison Devour",
    "Active Skill 2 Description": "250% damage to 2 enemies if they are poisoned.",
    "Active Skill 3": "Push Back",
    "Active Skill 3 Description": "Pushes 1 enemy away from the battlefield to be next in line of the enemy reinforcements. This skill can only be used if there are 1 or more enemy reinforcements left.",
    "Active Skill 4": "Savage Force",
    "Active Skill 4 Description": "500% damage to 1 enemy. Usable if the user has defeated 1+ units with attacks while on the battlefield.",
    "Passive Skill 1": "Auto Poison",
    "Passive Skill 1 Description": "New enemies entering the battlefield will gain the Poison status effect. Poison will overwrite other status effects on affected units.",
    "Passive Skill 2": "Auto Life Flip",
    "Passive Skill 2 Description": "When this unit gets the turn with less than 50% HP, this unit exchanges its current HP with the amount of HP it has currently lost.",
    "Passive Skill 3": "Axe Resist Lv3",
    "Passive Skill 3 Description": "10% less damage from attacks by units equipped with Axes.",
    "Passive Skill 4": "HP Up Lv3",
    "Passive Skill 4 Description Description": "Adds 1200 to this unit's max HP.",
    "Passive Skill 5": "Attack Up Lv3",
    "Passive Skill 5 Description": "Adds 300 to this unit's Attack.",
    "Passive Skill 6 Description": "Katana Mastery",
    "Passive Skill 6": "Can use weapon skills of Katanas in addition to their original preferred weapon type."
  }
]