[
  {
    "quickview-portrait-image src": "https://evertaletoolbox2.runasp.net/files/images/monsters/small/FoxDuelist02_2.png",
    "Name": "Fenn Fal",
    "Title": "Brave Fencer",
    "icon36 src (2)": "https://evertaletoolbox2.runasp.net/files/ui/elements/Earth.png",
    "Attack": "622",
    "HP": "3,320",
    "SPD": "284",
    "icon36 src (3)": "https://evertaletoolbox2.runasp.net/files/ui/weapons/Sword.png",
    "Leader Skill": "Earth Attack Up",
    "Leader Skill Description": "Allied Earth element units have their Attack increased by 7%.",
    "Active Skill 1": "Attack Two",
    "Active Skill 1 Description": "Damage to 2 enemies and allies gain 1 Spirit.",
    "Active Skill 2": "Attack All",
    "Active Skill 2 Description": "Damage to all enemies.",
    "Active Skill 3": "Stealth Fury",
    "Active Skill 3 Description": "400% damage to 1 enemy. Usable if the user has the Stealth status effect. This attack ignores any enemy status effects, damage reduction effects, revenge passive skills, and skin passive skills.",
    "Active Skill 4": "Gain Stealth",
    "Active Skill 4 Description": "Grants the Stealth status effect to the user. This will overwrite other status effects on that unit. Stealthed units ignore the next enemy attack that would damage more than 1 target. Any damage will remove stealth.",
    "Passive Skill 1": "Poison Revenge",
    "Passive Skill 1 Description": "Whenever this unit is defeated by an enemy, that enemy gains the Poison status effect. This will overwrite other status effects on that unit.",
    "Passive Skill 2": "G.axe Resist Lv1",
    "Passive Skill 2 Description": "5% less damage from attacks by units equipped with Greataxes.",
    "Passive Skill 3": "HP Up Lv1",
    "Passive Skill 3 Description": "Adds 600 to this unit's max HP.",
    "Passive Skill 4": "Attack Up Lv1",
    "Passive Skill 4 Description Description": "Adds 150 to this unit's Attack.",
    "Passive Skill 5": "Axe Mastery",
    "Passive Skill 5 Description": "Can use weapon skills of Axes in addition to their original preferred weapon type."
  },
  {
    "quickview-portrait-image src": "https://evertaletoolbox2.runasp.net/files/images/monsters/small/FloatingMage02_2.png",
    "Name": "Ul Ganan",
    "Title": "The Fantastic Swindler",
    "icon36 src (2)": "https://evertaletoolbox2.runasp.net/files/ui/elements/Dark.png",
    "Attack": "537",
    "HP": "3,745",
    "SPD": "183",
    "icon36 src (3)": "https://evertaletoolbox2.runasp.net/files/ui/weapons/Staff.png",
    "Leader Skill": "Dark HP Up",
    "Leader Skill Description": "Allied Dark element units have their max HP increased by 4%.",
    "Active Skill 1": "Attack",
    "Active Skill 1 Description": "Damage to 1 enemy and allies gain 2 Spirit.",
    "Active Skill 2": "Attack All",
    "Active Skill 2 Description": "Damage to all enemies.",
    "Active Skill 3": "Blood Heal",
    "Active Skill 3 Description": "Sacrifices the last unit in the allied reinforcements to heal 1 ally for HP equal to 450% of the user's Attack. Cannot be used if there are no allied reinforcements left.",
    "Active Skill 4": "Call Minion x2",
    "Active Skill 4 Description": "Adds 2 Kuromoris to the very end of the allied reinforcements.",
    "Passive Skill 1": "Spirit- Revenge",
    "Passive Skill 1 Description": "Whenever this unit is defeated by an enemy, the enemy party loses 4 Spirit.",
    "Passive Skill 2": "Attack Up Lv1",
    "Passive Skill 2 Description": "Adds 150 to this unit's Attack.",
    "Passive Skill 3": "Light Resist Lv1",
    "Passive Skill 3 Description": "5% less damage from attacks by Light units.",
    "Passive Skill 4": "HP Up Lv1",
    "Passive Skill 4 Description Description": "Adds 600 to this unit's max HP.",
    "Passive Skill 5": "Mace Mastery",
    "Passive Skill 5 Description": "Can use weapon skills of Maces in addition to their original preferred weapon type."
  },
  {
    "quickview-portrait-image src": "https://evertaletoolbox2.runasp.net/files/images/monsters/small/TwoFaceDemon02_2.png",
    "Name": "Kadu Ogre",
    "Title": "The Ever-Devouring Tempest",
    "icon36 src (2)": "https://evertaletoolbox2.runasp.net/files/ui/elements/Earth.png",
    "Attack": "574",
    "HP": "3,560",
    "SPD": "31",
    "icon36 src (3)": "https://evertaletoolbox2.runasp.net/files/ui/weapons/Axe.png",
    "Leader Skill": "Earth HP Up",
    "Leader Skill Description": "Allied Earth element units have their max HP increased by 4%.",
    "Active Skill 1": "Attack",
    "Active Skill 1 Description": "Damage to 1 enemy and allies gain 2 Spirit.",
    "Active Skill 2": "Attack All",
    "Active Skill 2 Description": "Damage to all enemies.",
    "Active Skill 3": "Survivor's Fury",
    "Active Skill 3 Description": "500% damage to 1 enemy. Locked for 300TU after the user has entered the battlefield.",
    "Active Skill 4": "Blood Turn",
    "Active Skill 4 Description": "Sacrifices the last unit in the allied reinforcements to immediately give 1 other ally the next turn by reducing their current TU to 0. Allies then gain 1 Spirit. Usable only if there are 1 or more allied reinforcements left. Active skills that grant turns cannot be used on turns given by this skill.",
    "Passive Skill 1": "Poison Revenge",
    "Passive Skill 1 Description": "Whenever this unit is defeated by an enemy, that enemy gains the Poison status effect. This will overwrite other status effects on that unit.",
    "Passive Skill 2": "Summon Entry",
    "Passive Skill 2 Description": "Adds 1 Chimori to the very end of this unit's team. Triggered when this unit enters the battlefield from the allied reinforcements.",
    "Passive Skill 3": "Hammer Hunter Lv1",
    "Passive Skill 3 Description": "5% bonus to attacks against units equipped with Hammers.",
    "Passive Skill 4": "HP Up Lv1",
    "Passive Skill 4 Description Description": "Adds 600 to this unit's max HP.",
    "Passive Skill 5": "Attack Up Lv1",
    "Passive Skill 5 Description": "Adds 150 to this unit's Attack."
  },
  {
    "quickview-portrait-image src": "https://evertaletoolbox2.runasp.net/files/images/monsters/small/ElfBattleMage02_2.png",
    "Name": "Ludorié",
    "Title": "Chief of the Dandelio Elves",
    "icon36 src (2)": "https://evertaletoolbox2.runasp.net/files/ui/elements/Earth.png",
    "Attack": "581",
    "HP": "3,525",
    "SPD": "381",
    "icon36 src (3)": "https://evertaletoolbox2.runasp.net/files/ui/weapons/Staff.png",
    "Leader Skill": "Earth HP Up",
    "Leader Skill Description": "Allied Earth element units have their max HP increased by 4%.",
    "Active Skill 1": "Attack",
    "Active Skill 1 Description": "Damage to 1 enemy and allies gain 2 Spirit.",
    "Active Skill 2": "Purify",
    "Active Skill 2 Description": "Removes negative status effects like sleep, burn or poison from 1 ally.",
    "Active Skill 3": "Pain Heal",
    "Active Skill 3 Description": "Heals 1 ally for HP equal to 400% of the user's Attack, then reduces the user's current HP by 40% of max.",
    "Active Skill 4": "Life Flip Ally",
    "Active Skill 4 Description": "Exchanges 1 ally's current HP with the amount of HP they have currently lost. Usable once per battle.",
    "Passive Skill 1": "Spirit- Revenge",
    "Passive Skill 1 Description": "Whenever this unit is defeated by an enemy, the enemy party loses 2 Spirit.",
    "Passive Skill 2": "Katana Hunter Lv1",
    "Passive Skill 2 Description": "5% bonus to attacks against units equipped with Katanas.",
    "Passive Skill 3": "HP Up Lv1",
    "Passive Skill 3 Description": "Adds 600 to this unit's max HP.",
    "Passive Skill 4": "Attack Up Lv1",
    "Passive Skill 4 Description Description": "Adds 150 to this unit's Attack.",
    "Passive Skill 5": "Mace Mastery",
    "Passive Skill 5 Description": "Can use weapon skills of Maces in addition to their original preferred weapon type."
  },
  {
    "quickview-portrait-image src": "https://evertaletoolbox2.runasp.net/files/images/monsters/small/RedScarfFrog02_2.png",
    "Name": "Roro",
    "Title": "Bikki Sumb of Baled",
    "icon36 src (2)": "https://evertaletoolbox2.runasp.net/files/ui/elements/Water.png",
    "Attack": "579",
    "HP": "3,535",
    "SPD": "386",
    "icon36 src (3)": "https://evertaletoolbox2.runasp.net/files/ui/weapons/GreatSword.png",
    "Leader Skill": "Water HP Up",
    "Leader Skill Description": "Allied Water element units have their max HP increased by 4%.",
    "Active Skill 1": "Attack",
    "Active Skill 1 Description": "Damage to 1 enemy and allies gain 2 Spirit.",
    "Active Skill 2": "Attack All",
    "Active Skill 2 Description": "Damage to all enemies.",
    "Active Skill 3": "Survivor's Fury",
    "Active Skill 3 Description": "500% damage to 1 enemy. Locked for 300TU after the user has entered the battlefield.",
    "Active Skill 4": "Life Flip",
    "Active Skill 4 Description": "Exchanges the user's current HP with the amount of HP they have currently lost. Usable once per battle.",
    "Passive Skill 1": "Hold Ground",
    "Passive Skill 1 Description": "If this unit would be defeated by an enemy attack or a status effect while having more than 1 HP, it instead survives with 1 HP.",
    "Passive Skill 2": "HP Up Lv1",
    "Passive Skill 2 Description": "Adds 600 to this unit's max HP.",
    "Passive Skill 3": "Fire Resist Lv1",
    "Passive Skill 3 Description": "5% less damage from attacks by Fire units.",
    "Passive Skill 4": "Attack Up Lv1",
    "Passive Skill 4 Description Description": "Adds 150 to this unit's Attack.",
    "Passive Skill 5": "Katana Mastery",
    "Passive Skill 5 Description": "Can use weapon skills of Katanas in addition to their original preferred weapon type."
  },
  {
    "quickview-portrait-image src": "https://evertaletoolbox2.runasp.net/files/images/monsters/small/MartialArtistGirl02_2.png",
    "Name": "Lucija",
    "Title": "Demon Fist",
    "icon36 src (2)": "https://evertaletoolbox2.runasp.net/files/ui/elements/Fire.png",
    "Attack": "652",
    "HP": "3,170",
    "SPD": "285",
    "icon36 src (3)": "https://evertaletoolbox2.runasp.net/files/ui/weapons/Axe.png",
    "Leader Skill": "Fire Attack Up",
    "Leader Skill Description": "Allied Fire element units have their Attack increased by 7%.",
    "Active Skill 1": "Attack",
    "Active Skill 1 Description": "Damage to 1 enemy and allies gain 2 Spirit.",
    "Active Skill 2": "Attack All",
    "Active Skill 2 Description": "Damage to all enemies.",
    "Active Skill 3": "Vigor Impact",
    "Active Skill 3 Description": "250% damage to 1 enemy. Usable only if the user's HP is at 75%+.",
    "Active Skill 4": "Payback Strike",
    "Active Skill 4 Description": "500% damage to 1 enemy. Unlocked each time an ally on the battlefield is defeated or sacrificed by any source. This skill is locked again after each use or if the user leaves the battlefield.",
    "Passive Skill 1": "Spirit+ Revenge",
    "Passive Skill 1 Description": "Whenever this unit is defeated by an enemy, allies gain 2 Spirit.",
    "Passive Skill 2": "Mace Resist Lv1",
    "Passive Skill 2 Description": "5% less damage from attacks by units equipped with Maces.",
    "Passive Skill 3": "HP Up Lv1",
    "Passive Skill 3 Description": "Adds 600 to this unit's max HP.",
    "Passive Skill 4": "Attack Up Lv1",
    "Passive Skill 4 Description Description": "Adds 150 to this unit's Attack.",
    "Passive Skill 5": "Sword Mastery",
    "Passive Skill 5 Description": "Can use weapon skills of Swords in addition to their original preferred weapon type."
  },
  {
    "quickview-portrait-image src": "https://evertaletoolbox2.runasp.net/files/images/monsters/small/BeastCleric02_2.png",
    "Name": "Sherry",
    "Title": "Chief of the Dandelio Kud",
    "icon36 src (2)": "https://evertaletoolbox2.runasp.net/files/ui/elements/Light.png",
    "Attack": "571",
    "HP": "3,575",
    "SPD": "29",
    "icon36 src (3)": "https://evertaletoolbox2.runasp.net/files/ui/weapons/Mace.png",
    "Leader Skill": "Light HP Up",
    "Leader Skill Description": "Allied Light element units have their max HP increased by 4%.",
    "Active Skill 1": "Attack",
    "Active Skill 1 Description": "Damage to 1 enemy and allies gain 2 Spirit.",
    "Active Skill 2": "Sleep",
    "Active Skill 2 Description": "Grants 1 enemy the Sleep status effect for 200TU. This will overwrite other status effects on that unit. Sleep cannot be applied to a unit that Has Slept while on the battlefield.",
    "Active Skill 3": "Purify",
    "Active Skill 3 Description": "Removes negative status effects like sleep, burn or poison from 2 allies.",
    "Active Skill 4": "Give Turn",
    "Active Skill 4 Description": "Immediately give 1 other ally the next turn by reducing their current TU to 0. Active skills that grant turns cannot be used on turns given by this skill.",
    "Passive Skill 1": "Stun Revenge",
    "Passive Skill 1 Description": "When this unit is defeated by an enemy, that enemy is stunned for 150TU.",
    "Passive Skill 2": "Attack Up Lv1",
    "Passive Skill 2 Description": "Adds 150 to this unit's Attack.",
    "Passive Skill 3": "Dark Resist Lv1",
    "Passive Skill 3 Description": "5% less damage from attacks by Dark units.",
    "Passive Skill 4": "HP Up Lv1",
    "Passive Skill 4 Description Description": "Adds 600 to this unit's max HP.",
    "Passive Skill 5": "Staff Mastery",
    "Passive Skill 5 Description": "Can use weapon skills of Staffs in addition to their original preferred weapon type."
  },
  {
    "quickview-portrait-image src": "https://evertaletoolbox2.runasp.net/files/images/monsters/small/FireElfKnight02_2.png",
    "Name": "Yowyn",
    "Title": "Elf Crusader",
    "icon36 src (2)": "https://evertaletoolbox2.runasp.net/files/ui/elements/Fire.png",
    "Attack": "517",
    "HP": "3,845",
    "SPD": "172",
    "icon36 src (3)": "https://evertaletoolbox2.runasp.net/files/ui/weapons/GreatSword.png",
    "Leader Skill": "Fire HP Up",
    "Leader Skill Description": "Allied Fire element units have their max HP increased by 4%.",
    "Active Skill 1": "Attack",
    "Active Skill 1 Description": "Damage to 1 enemy and allies gain 2 Spirit.",
    "Active Skill 2": "Attack All",
    "Active Skill 2 Description": "Damage to all enemies.",
    "Active Skill 3": "Quicken Ally",
    "Active Skill 3 Description": "1 ally's TU costs for all of their skills are reduced by 20%. This will overwrite the effect of previous Quicken skills.",
    "Active Skill 4": "Pain Spirit",
    "Active Skill 4 Description": "Reduces the user's current HP by 30% of max and allies are granted 3 Spirit.",
    "Passive Skill 1": "Auto Guard",
    "Passive Skill 1 Description": "This unit is a Guardian. For any enemy attack that would hit 1 or 2 other allies, this unit has a 60% chance to redirect 1 hit to itself instead. This unit will not redirect skills that don't deal damage.",
    "Passive Skill 2": "Attack Up Lv1",
    "Passive Skill 2 Description": "Adds 150 to this unit's Attack.",
    "Passive Skill 3": "Earth Resist Lv1",
    "Passive Skill 3 Description": "5% less damage from attacks by Earth units.",
    "Passive Skill 4": "HP Up Lv1",
    "Passive Skill 4 Description Description": "Adds 600 to this unit's max HP.",
    "Passive Skill 5": "Hammer Mastery",
    "Passive Skill 5 Description": "Can use weapon skills of Hammers in addition to their original preferred weapon type."
  },
  {
    "quickview-portrait-image src": "https://evertaletoolbox2.runasp.net/files/images/monsters/small/BeastSoldier02_2.png",
    "Name": "Takesh",
    "Title": "Baltu'Kud Fleshrender",
    "icon36 src (2)": "https://evertaletoolbox2.runasp.net/files/ui/elements/Earth.png",
    "Attack": "580",
    "HP": "3,530",
    "SPD": "384",
    "icon36 src (3)": "https://evertaletoolbox2.runasp.net/files/ui/weapons/Hammer.png",
    "Leader Skill": "Earth ATK & HP Up",
    "Leader Skill Description": "Allied Earth element units have their Attack increased by 4% and max HP increased by 3%.",
    "Active Skill 1": "Attack",
    "Active Skill 1 Description": "Damage to 1 enemy and allies gain 2 Spirit.",
    "Active Skill 2": "Attack All",
    "Active Skill 2 Description": "Damage to all enemies.",
    "Active Skill 3": "Guard Destroyer",
    "Active Skill 3 Description": "500% damage to 1 enemy if they are a Guardian.",
    "Active Skill 4": "Survivor's Fury",
    "Active Skill 4 Description": "500% damage to 1 enemy. Locked for 300TU after the user has entered the battlefield.",
    "Passive Skill 1": "Spirit- Revenge",
    "Passive Skill 1 Description": "Whenever this unit is defeated by an enemy, the enemy party loses 2 Spirit.",
    "Passive Skill 2": "Fire Resist Lv1",
    "Passive Skill 2 Description": "5% less damage from attacks by Fire units.",
    "Passive Skill 3": "HP Up Lv1",
    "Passive Skill 3 Description": "Adds 600 to this unit's max HP.",
    "Passive Skill 4": "Attack Up Lv1",
    "Passive Skill 4 Description Description": "Adds 150 to this unit's Attack.",
    "Passive Skill 5": "Greataxe Mastery",
    "Passive Skill 5 Description": "Can use weapon skills of Greataxes in addition to their original preferred weapon type."
  },
  {
    "quickview-portrait-image src": "https://evertaletoolbox2.runasp.net/files/images/monsters/small/AirElfWarrior02_2.png",
    "Name": "Alina",
    "Title": "Elven Starcry",
    "icon36 src (2)": "https://evertaletoolbox2.runasp.net/files/ui/elements/Storm.png",
    "Attack": "656",
    "HP": "3,150",
    "SPD": "277",
    "icon36 src (3)": "https://evertaletoolbox2.runasp.net/files/ui/weapons/Sword.png",
    "Leader Skill": "Storm ATK & HP Up",
    "Leader Skill Description": "Allied Storm element units have their Attack increased by 4% and max HP increased by 3%.",
    "Active Skill 1": "Attack",
    "Active Skill 1 Description": "Damage to 1 enemy and allies gain 2 Spirit.",
    "Active Skill 2": "Stun Bomb",
    "Active Skill 2 Description": "Sacrifices the user to stun 2 enemies for 200TU. Locked for 100TU after user enters the battlefield.",
    "Active Skill 3": "Vengeance Strike",
    "Active Skill 3 Description": "300% damage to 1 enemy if they have defeated 1+ units with attacks while on the battlefield.",
    "Active Skill 4": "Time Strike",
    "Active Skill 4 Description": "500% damage to 1 enemy if they have 130TU or more in the turn order. 600% damage if the target has 200TU or more.",
    "Passive Skill 1": "Stun Revenge",
    "Passive Skill 1 Description": "When this unit is defeated by an enemy, that enemy is stunned for 150TU.",
    "Passive Skill 2": "G.axe Hunter Lv1",
    "Passive Skill 2 Description": "5% bonus to attacks against units equipped with Greataxes.",
    "Passive Skill 3": "HP Up Lv1",
    "Passive Skill 3 Description": "Adds 600 to this unit's max HP.",
    "Passive Skill 4": "Attack Up Lv1",
    "Passive Skill 4 Description Description": "Adds 150 to this unit's Attack.",
    "Passive Skill 5": "Axe Mastery",
    "Passive Skill 5 Description": "Can use weapon skills of Axes in addition to their original preferred weapon type."
  }
]