[
  {
    "quickview-portrait-image src": "https://evertaletoolbox2.runasp.net/files/images/monsters/small/CallenDragonDark02_2.png",
    "Name": "Dark Callen",
    "Title": "Dark Guardian Dragon",
    "icon36 src": "https://evertaletoolbox2.runasp.net/files/ui/app/RarityIconSsr01.png",
    "icon10 src": "https://evertaletoolbox2.runasp.net/files/ui/rarity/IconRainbowStar01.png",
    "icon10 src (6)": "https://evertaletoolbox2.runasp.net/files/ui/rarity/IconRainbowStar01.png",
    "icon36 src (2)": "https://evertaletoolbox2.runasp.net/files/ui/elements/Dark.png",
    "Cost": "34",
    "Attack": "1,559",
    "HP": "6,625",
    "SPD": "455",
    "icon36 src (3)": "https://evertaletoolbox2.runasp.net/files/ui/weapons/GreatAxe.png",
    "Leader Skill": "Dark ATK & HP Up",
    "Leader Skill Description": "Allied Dark element units have their Attack increased by 10% and max HP increased by 7%.",
    "Active Skill 1": "Swift Poison",
    "Active Skill 1 Description": "50% damage to 1 enemy and then poisons them.",
    "Active Skill 2": "Savage Poison",
    "Active Skill 2 Description": "Grants the Mega Poison status effect to 1 enemy for 100TU. Mega Poison deals 20 times the damage of normal Poison and cannot be overwritten by normal Poison or Super Poison. This will overwrite other status effects on that unit. Usable if the user has defeated 1+ units with attacks while on the battlefield.",
    "Active Skill 3": "Guard Destroyer",
    "Active Skill 3 Description": "500% damage to 1 enemy if they are a Guardian.",
    "Active Skill 4": "Poison Burst",
    "Active Skill 4 Description": "300% damage to 1 enemy and then poisons them. Unlocked each time the user damages an enemy with another attack. This skill is locked again after each use or if the user leaves the battlefield.",
    "Passive Skill 1": "Vigor Armor",
    "Passive Skill 1 Description": "50% less attack damage taken by the user while at max HP.",
    "Passive Skill 2": "Poison Regeneration",
    "Passive Skill 2 Description": "This unit heals 30% of its max HP whenever a poisoned enemy gets a turn.",
    "Passive Skill 3": "Attack Up Lv3",
    "Passive Skill 3 Description": "Adds 300 to this unit's Attack.",
    "Passive Skill 4": "HP Up Lv3",
    "Passive Skill 4 Description Description": "Adds 1200 to this unit's max HP.",
    "Passive Skill 5": "Hammer Hunter Lv3",
    "Passive Skill 5 Description": "10% bonus to attacks against units equipped with Hammers.",
    "Passive Skill 6 Description": "Greatsword Mastery",
    "Passive Skill 6": "Can use weapon skills of Greatswords in addition to their original preferred weapon type."
  },
  {
    "quickview-portrait-image src": "https://evertaletoolbox2.runasp.net/files/images/monsters/small/JeanneDarkAngel02_2.png",
    "Name": "Dark Mikaela",
    "Title": "Fallen Angel",
    "icon36 src": "https://evertaletoolbox2.runasp.net/files/ui/app/RarityIconSsr01.png",
    "icon10 src": "https://evertaletoolbox2.runasp.net/files/ui/rarity/IconRainbowStar01.png",
    "icon10 src (6)": "https://evertaletoolbox2.runasp.net/files/ui/rarity/IconRainbowStar01.png",
    "icon36 src (2)": "https://evertaletoolbox2.runasp.net/files/ui/elements/Dark.png",
    "Cost": "0",
    "Attack": "1,103",
    "HP": "8,905",
    "SPD": "750",
    "icon36 src (3)": "https://evertaletoolbox2.runasp.net/files/ui/weapons/GreatSword.png",
    "Active Skill 1": "Attack",
    "Active Skill 1 Description": "Damage to 1 enemy and allies gain 2 Spirit.",
    "Active Skill 2": "Blood Drain",
    "Active Skill 2 Description": "Sacrifices the last unit in the allied reinforcements for 400% damage to 1 enemy and heals the user for 50% of max HP if damage is dealt. Usable only if there are 1 or more allied reinforcements left.",
    "Active Skill 3": "Sleep",
    "Active Skill 3 Description": "Grants 1 enemy the Sleep status effect for 200TU. This will overwrite other status effects on that unit. Sleep cannot be applied to a unit that Has Slept while on the battlefield.",
    "Active Skill 4": "Unholy Revival",
    "Active Skill 4 Description": "Sacrifices the user to revive the Dark Jeanne that conjured the user to the battlefield with full HP. Locked for 200TU after the user has entered the battlefield. The revived Dark Jeanne will be considered a conjured unit.",
    "Passive Skill 1": "Summon Entry",
    "Passive Skill 1 Description": "Adds 2 Kuromoris to the very end of this unit's team. Triggered when this unit enters the battlefield from the allied reinforcements.",
    "Passive Skill 2": "Shocking Entry",
    "Passive Skill 2 Description": "Stuns the enemy with the lowest current TU for 150TU. Triggered when this unit enters the battlefield from reinforcements.",
    "Passive Skill 3": "HP Up Lv3",
    "Passive Skill 3 Description": "Adds 1200 to this unit's max HP.",
    "Passive Skill 4": "Light Resist Lv3",
    "Passive Skill 4 Description Description": "10% less damage from attacks by Light units.",
    "Passive Skill 5": "Attack Up Lv3",
    "Passive Skill 5 Description": "Adds 300 to this unit's Attack.",
    "Passive Skill 6 Description": "Spear Mastery",
    "Passive Skill 6": "Can use weapon skills of Spears in addition to their original preferred weapon type."
  },
  {
    "quickview-portrait-image src": "https://evertaletoolbox2.runasp.net/files/images/monsters/small/JeanneDark02_2.png",
    "Name": "Dark Jeanne",
    "Title": "Maiden of Darkness",
    "icon36 src": "https://evertaletoolbox2.runasp.net/files/ui/app/RarityIconSsr01.png",
    "icon10 src": "https://evertaletoolbox2.runasp.net/files/ui/rarity/IconRainbowStar01.png",
    "icon10 src (6)": "https://evertaletoolbox2.runasp.net/files/ui/rarity/IconRainbowStar01.png",
    "icon36 src (2)": "https://evertaletoolbox2.runasp.net/files/ui/elements/Dark.png",
    "Cost": "34",
    "Attack": "1,312",
    "HP": "7,860",
    "SPD": "385",
    "icon36 src (3)": "https://evertaletoolbox2.runasp.net/files/ui/weapons/GreatSword.png",
    "Leader Skill": "Dark Attack Up",
    "Leader Skill Description": "Allied Dark element units have their Attack increased by 15%.",
    "Active Skill 1": "Poison Random",
    "Active Skill 1 Description": "Grants the Poison status effect to 2 random enemies. This will overwrite other status effects on those units.",
    "Active Skill 2": "Poison Devour",
    "Active Skill 2 Description": "250% damage to 2 enemies if they are poisoned.",
    "Active Skill 3": "Healing Rage",
    "Active Skill 3 Description": "Heals the user for 50% of max HP and the user's Attack is increased to 1.5x until the end of its next turn. This will overwrite the effect of previous Enrage skills. Usable only if the user's HP is not at max.",
    "Active Skill 4": "Survivor's Fury",
    "Active Skill 4 Description": "500% damage to 2 enemies. Locked for 300TU after the user has entered the battlefield.",
    "Passive Skill 1": "Mikaela's Revenge",
    "Passive Skill 1 Description": "When this unit is defeated by an enemy, add Dark Mikaela to next in line of allied reinforcements. Dark Mikaela's Level, Limit Breaks, Awakenings, Boosts, Potential, Mastery, Weapon and Accessory will match this unit.",
    "Passive Skill 2": "Immovable",
    "Passive Skill 2 Description": "This unit cannot be sent to the reinforcements from the battlefield.",
    "Passive Skill 3": "Attack Up Lv3",
    "Passive Skill 3 Description": "Adds 300 to this unit's Attack.",
    "Passive Skill 4": "Light Resist Lv3",
    "Passive Skill 4 Description Description": "10% less damage from attacks by Light units.",
    "Passive Skill 5": "HP Up Lv3",
    "Passive Skill 5 Description": "Adds 1200 to this unit's max HP.",
    "Passive Skill 6 Description": "Spear Mastery",
    "Passive Skill 6": "Can use weapon skills of Spears in addition to their original preferred weapon type."
  },
  {
    "quickview-portrait-image src": "https://evertaletoolbox2.runasp.net/files/images/monsters/small/Imposter01_2.png",
    "Name": "Imposter",
    "icon36 src (2)": "https://evertaletoolbox2.runasp.net/files/ui/elements/Dark.png",
    "Cost": "0",
    "Attack": "176",
    "HP": "1,234",
    "SPD": "84",
    "icon36 src (3)": "https://evertaletoolbox2.runasp.net/files/ui/weapons/Mace.png",
    "Active Skill 1": "Nap Time",
    "Active Skill 1 Description": "The user falls asleep for 200TU. This will overwrite other status effects on the user. Sleep cannot be applied to a unit that Has Slept while on the battlefield.",
    "Active Skill 2": "Self Sacrifice",
    "Active Skill 2 Description": "Sacrifices the user. Usable only if the user has slept while on the battlefield.",
    "Active Skill 3": "Stun Immunity",
    "Active Skill 3 Description": "This unit is not affected by stun effects."
  },
  {
    "quickview-portrait-image src": "https://evertaletoolbox2.runasp.net/files/images/monsters/small/CallenSwimsuit02_2.png",
    "Name": "Callen",
    "Title": "Seaside Scholar",
    "icon36 src": "https://evertaletoolbox2.runasp.net/files/ui/app/RarityIconSsr01.png",
    "icon10 src": "https://evertaletoolbox2.runasp.net/files/ui/rarity/IconRainbowStar01.png",
    "icon10 src (6)": "https://evertaletoolbox2.runasp.net/files/ui/rarity/IconRainbowStar01.png",
    "icon36 src (2)": "https://evertaletoolbox2.runasp.net/files/ui/elements/Water.png",
    "Cost": "34",
    "Attack": "1,395",
    "HP": "7,445",
    "SPD": "290",
    "icon36 src (3)": "https://evertaletoolbox2.runasp.net/files/ui/weapons/Katana.png",
    "Leader Skill": "Water Attack Up",
    "Leader Skill Description": "Allied Water element units have their Attack increased by 15%.",
    "Active Skill 1": "Sleep Attack",
    "Active Skill 1 Description": "Damage to 2 enemies. Each enemy damaged by this attack has a 15% chance of being granted the Sleep status effect for 200TU. If applied, Sleep will overwrite other status effects on those enemies. Sleep cannot be applied to a unit that Has Slept while on the battlefield. Damage from this attack does not wake up sleeping enemies.",
    "Active Skill 2": "Savage Force",
    "Active Skill 2 Description": "500% damage to 2 enemies. Usable only if the user has defeated 1+ units with attacks while on the battlefield.",
    "Active Skill 3": "Sleepy Sabotage",
    "Active Skill 3 Description": "Exchanges 1 enemy with an Imposter. The exchanged enemy will be sent to next in line of enemy reinforcements. Usable only if there are 4 enemies on the battlefield and if none of them are an Imposter. Usable 3 times per battle, and will fail if the target is Immovable.",
    "Active Skill 4": "Flip Sleep",
    "Active Skill 4 Description": "Exchanges the user's current HP with the amount of HP they have currently lost, and grants 1 enemy the Sleep status effect for 200TU. This will overwrite other status effects on that enemy. Sleep cannot be applied to a unit that Has Slept while on the battlefield. Usable once per battle.",
    "Passive Skill 1": "Hold Ground+",
    "Passive Skill 1 Description": "If this unit would be defeated, it instead survives with 1 HP and then cannot be defeated until its next turn. This effect can trigger only once each time this unit enters the battlefield.",
    "Passive Skill 2": "Spirit Loot",
    "Passive Skill 2 Description": "Whenever an enemy on the battlefield is defeated or sacrificed by any source, allies gain 1 Spirit.",
    "Passive Skill 3": "Attack Up Lv3",
    "Passive Skill 3 Description": "Adds 300 to this unit's Attack.",
    "Passive Skill 4": "Sword Hunter Lv3",
    "Passive Skill 4 Description Description": "10% bonus to attacks against units equipped with Swords.",
    "Passive Skill 5": "HP Up Lv3",
    "Passive Skill 5 Description": "Adds 1200 to this unit's max HP.",
    "Passive Skill 6 Description": "Greatsword Mastery",
    "Passive Skill 6": "Can use weapon skills of Greatswords in addition to their original preferred weapon type."
  },
  {
    "quickview-portrait-image src": "https://evertaletoolbox2.runasp.net/files/images/monsters/small/RizetteSwimsuit02_2.png",
    "Name": "Rizette",
    "Title": "Bashful Bunnygirl",
    "icon36 src": "https://evertaletoolbox2.runasp.net/files/ui/app/RarityIconSsr01.png",
    "icon10 src": "https://evertaletoolbox2.runasp.net/files/ui/rarity/IconRainbowStar01.png",
    "icon10 src (6)": "https://evertaletoolbox2.runasp.net/files/ui/rarity/IconRainbowStar01.png",
    "icon36 src (2)": "https://evertaletoolbox2.runasp.net/files/ui/elements/Water.png",
    "Cost": "34",
    "Attack": "1,310",
    "HP": "7,870",
    "SPD": "344",
    "icon36 src (3)": "https://evertaletoolbox2.runasp.net/files/ui/weapons/Mace.png",
    "Leader Skill": "Water ATK & HP Up",
    "Leader Skill Description": "Allied Water element units have their Attack increased by 10% and max HP increased by 7%.",
    "Active Skill 1": "Sleep Attack",
    "Active Skill 1 Description": "Damage to 1 enemy, with a 25% chance of granting that enemy the Sleep status effect for 200TU. If applied, this will overwrite other status effects on that enemy. Sleep cannot be applied to a unit that Has Slept while on the battlefield. Damage from this attack does not wake up sleeping enemies.",
    "Active Skill 2": "Forced Sleep",
    "Active Skill 2 Description": "Grants 1 enemy the Sleep status effect for 200TU, even if they have already slept while on the battlefield. This will overwrite other status effects on that unit. Usable only if no enemies are sleeping.",
    "Active Skill 3": "Dawn's Drain",
    "Active Skill 3 Description": "300% damage to 1 enemy if they are awake after having fallen asleep while on the battlefield, and heals the user for 50% of max HP if damage is dealt. No healing will occur if the target is not awake after having fallen asleep while on the battlefield.",
    "Active Skill 4": "Dream Hunter",
    "Active Skill 4 Description": "600% damage to 2 enemies if they are sleeping. Allies gain 3 Spirit for each sleeping target.",
    "Passive Skill 1": "Hold Ground",
    "Passive Skill 1 Description": "If this unit would be defeated by an enemy attack or a status effect while having more than 1 HP, it instead survives with 1 HP.",
    "Passive Skill 2": "Chain Sleep",
    "Passive Skill 2 Description": "The enemy with the lowest current TU is granted the Sleep status effect for 200TU. This will overwrite other status effects on that unit. Triggered whenever this unit damages a sleeping enemy with an attack. Sleep cannot be applied to a unit that Has Slept while on the battlefield.",
    "Passive Skill 3": "Attack Up Lv3",
    "Passive Skill 3 Description": "Adds 300 to this unit's Attack.",
    "Passive Skill 4": "Staff Hunter Lv3",
    "Passive Skill 4 Description Description": "10% bonus to attacks against units equipped with Staffs.",
    "Passive Skill 5": "HP Up Lv3",
    "Passive Skill 5 Description": "Adds 1200 to this unit's max HP.",
    "Passive Skill 6 Description": "Axe Mastery",
    "Passive Skill 6": "Can use weapon skills of Axes in addition to their original preferred weapon type."
  },
  {
    "quickview-portrait-image src": "https://evertaletoolbox2.runasp.net/files/images/monsters/small/YandereMaidSwimsuit02_2.png",
    "Name": "Clarice",
    "Title": "Black Summer Rose",
    "icon36 src": "https://evertaletoolbox2.runasp.net/files/ui/app/RarityIconSsr01.png",
    "icon10 src": "https://evertaletoolbox2.runasp.net/files/ui/rarity/IconRainbowStar01.png",
    "icon10 src (6)": "https://evertaletoolbox2.runasp.net/files/ui/rarity/IconRainbowStar01.png",
    "icon36 src (2)": "https://evertaletoolbox2.runasp.net/files/ui/elements/Light.png",
    "Cost": "34",
    "Attack": "1,492",
    "HP": "6,960",
    "SPD": "420",
    "icon36 src (3)": "https://evertaletoolbox2.runasp.net/files/ui/weapons/Axe.png",
    "Leader Skill": "Light Attack Up",
    "Leader Skill Description": "Allied Light element units have their Attack increased by 15%.",
    "Active Skill 1": "Armor Attack",
    "Active Skill 1 Description": "Damage to 1 enemy. The user is also granted the Armor status effect. This will overwrite other status effects on the user. Armor grants 50% damage reduction from the next attack, then the effect is removed.",
    "Active Skill 2": "Over Drive",
    "Active Skill 2 Description": "350% damage to 2 enemies. Usable only if the user's party has 7 or more Spirit.",
    "Active Skill 3": "Mori Blaster",
    "Active Skill 3 Description": "500% damage to 1 enemy. Usable only if there is at least 1 \"Mori\" ally on the battlefield. This includes \"Himori\", \"Suimori\", \"Denmori\", \"Chimori\", \"Shiromori\", \"Kuromori\", and \"Jinglemori\".",
    "Active Skill 4": "Survivor's Drain",
    "Active Skill 4 Description": "500% damage to 1 enemy and heals the user for 50% of max HP if damage is dealt. Locked for 300TU after the user has entered the battlefield.",
    "Passive Skill 1": "Auto Minions",
    "Passive Skill 1 Description": "Whenever another ally on the battlefield that was not conjured during battle is defeated or sacrificed by any source, a Shiromori will be added to next in line of allied reinforcements, so long as this unit is not defeated or sacrificed at the same time.",
    "Passive Skill 2": "Hold Ground",
    "Passive Skill 2 Description": "If this unit would be defeated by an enemy attack or a status effect while having more than 1 HP, it instead survives with 1 HP.",
    "Passive Skill 3": "Attack Up Lv3",
    "Passive Skill 3 Description": "Adds 300 to this unit's Attack.",
    "Passive Skill 4": "Katana Hunter Lv3",
    "Passive Skill 4 Description Description": "10% bonus to attacks against units equipped with Katanas.",
    "Passive Skill 5": "HP Up Lv3",
    "Passive Skill 5 Description": "Adds 1200 to this unit's max HP.",
    "Passive Skill 6 Description": "Staff Mastery",
    "Passive Skill 6": "Can use weapon skills of Staffs in addition to their original preferred weapon type."
  },
  {
    "quickview-portrait-image src": "https://evertaletoolbox2.runasp.net/files/images/monsters/small/LudmillaBride02_2.png",
    "Name": "Ludmilla",
    "Title": "The Paladin Bride",
    "icon36 src": "https://evertaletoolbox2.runasp.net/files/ui/app/RarityIconSsr01.png",
    "icon10 src": "https://evertaletoolbox2.runasp.net/files/ui/rarity/IconRainbowStar01.png",
    "icon10 src (6)": "https://evertaletoolbox2.runasp.net/files/ui/rarity/IconRainbowStar01.png",
    "icon36 src (2)": "https://evertaletoolbox2.runasp.net/files/ui/elements/Water.png",
    "Cost": "34",
    "Attack": "971",
    "HP": "13,188",
    "SPD": "265",
    "icon36 src (3)": "https://evertaletoolbox2.runasp.net/files/ui/weapons/Hammer.png",
    "Leader Skill": "Water HP Up",
    "Leader Skill Description": "Allied Water element units have their max HP increased by 10%.",
    "Active Skill 1": "Armor Attack",
    "Active Skill 1 Description": "Damage to 1 enemy. The user is also granted the Armor status effect. This will overwrite other status effects on the user. Armor grants 50% damage reduction from the next attack, then the effect is removed.",
    "Active Skill 2": "Shield of Aldyne",
    "Active Skill 2 Description": "The user cannot be defeated for 100TU. Heals all allies on the battlefield for HP equal to 600% of the user's Attack. All allies are granted the Armor status effect. This will overwrite other status effects on those units. Armor grants 50% damage reduction from the next attack, then the effect is removed. Usable once each time this unit is on the battlefield.",
    "Active Skill 3": "Step Back",
    "Active Skill 3 Description": "Pulls the user away from the battlefield to be next in line of your reinforcements. Usable once per battle, and only if there are 1 or more allied reinforcements left.",
    "Active Skill 4": "Healing Armor",
    "Active Skill 4 Description": "Heal 1 other ally for HP equal to 200% of the user's Attack. The target also gains the Armor status effect. This will overwrite other status effects on that unit. Armor grants 50% damage reduction from the next attack, then the effect is removed.",
    "Passive Skill 1": "Divine Guard",
    "Passive Skill 1 Description": "If this unit takes damage from an attack and survives until after the end of the turn, this unit will heal for 10% of max HP. This unit is a Guardian. For any enemy attack that would hit 1 or 2 other allies, this unit has a 100% chance to redirect 1 hit to itself instead. This unit will not redirect skills that don't deal damage.",
    "Passive Skill 2": "Armor Heal Entry",
    "Passive Skill 2 Description": "This unit gains the Armor status effect and is fully healed. Triggered when this unit enters the battlefield from the allied reinforcements. Armor grants 50% damage reduction from the next attack, then the effect is removed.",
    "Passive Skill 3": "HP Up Lv3",
    "Passive Skill 3 Description": "Adds 1200 to this unit's max HP.",
    "Passive Skill 4": "Storm Resist Lv3",
    "Passive Skill 4 Description Description": "10% less damage from attacks by Storm units.",
    "Passive Skill 5": "Attack Up Lv3",
    "Passive Skill 5 Description": "Adds 300 to this unit's Attack.",
    "Passive Skill 6 Description": "Spear Mastery",
    "Passive Skill 6": "Can use weapon skills of Spears in addition to their original preferred weapon type."
  },
  {
    "quickview-portrait-image src": "https://evertaletoolbox2.runasp.net/files/images/monsters/small/SnowWhite02_2.png",
    "Name": "Snow White",
    "Title": "Queen of Dreams",
    "icon36 src": "https://evertaletoolbox2.runasp.net/files/ui/app/RarityIconSsr01.png",
    "icon10 src": "https://evertaletoolbox2.runasp.net/files/ui/rarity/IconRainbowStar01.png",
    "icon10 src (6)": "https://evertaletoolbox2.runasp.net/files/ui/rarity/IconRainbowStar01.png",
    "icon36 src (2)": "https://evertaletoolbox2.runasp.net/files/ui/elements/Dark.png",
    "Cost": "34",
    "Attack": "1,306",
    "HP": "7,890",
    "SPD": "325",
    "icon36 src (3)": "https://evertaletoolbox2.runasp.net/files/ui/weapons/Staff.png",
    "Leader Skill": "Dark ATK & HP Up",
    "Leader Skill Description": "Allied Dark element units have their Attack increased by 10% and max HP increased by 7%.",
    "Active Skill 1": "Attack",
    "Active Skill 1 Description": "Damage to 1 enemy and allies gain 2 Spirit.",
    "Active Skill 2": "Blood Assassin",
    "Active Skill 2 Description": "Sacrifices the last unit in the allied reinforcements for 500% damage to 1 enemy. This attack ignores enemy damage reduction effects. Usable only if there are 1 or more allied reinforcements left.",
    "Active Skill 3": "Purify Call",
    "Active Skill 3 Description": "Removes negative status effects like sleep, burn or poison from 2 allies. Adds 1 Kuromori to the very end of the allied reinforcements for each status effect removed by this skill.",
    "Active Skill 4": "Savage Force",
    "Active Skill 4 Description": "500% damage to 2 enemies. Usable only if the user has defeated 1+ units with attacks while on the battlefield.",
    "Passive Skill 1": "Regeneration Shroud",
    "Passive Skill 1 Description": "When this unit gets a turn, it heals 30% of its max HP. After each turn this unit gets, it gains the Stealth status effect unless it is sleeping. This will overwrite other status effects on this unit. Stealthed units ignore the next enemy attack that would damage more than 1 target. Any damage will remove stealth.",
    "Passive Skill 2": "Summon Dawn",
    "Passive Skill 2 Description": "Adds 2 Kuromoris to the very end of this unit's team. Triggered at the very start of the battle if this unit is on the battlefield.",
    "Passive Skill 3": "Attack Up Lv3",
    "Passive Skill 3 Description": "Adds 300 to this unit's Attack.",
    "Passive Skill 4": "Hammer Hunter Lv3",
    "Passive Skill 4 Description Description": "10% bonus to attacks against units equipped with Hammers.",
    "Passive Skill 5": "HP Up Lv3",
    "Passive Skill 5 Description": "Adds 1200 to this unit's max HP.",
    "Passive Skill 6 Description": "Sword Mastery",
    "Passive Skill 6": "Can use weapon skills of Swords in addition to their original preferred weapon type."
  },
  {
    "quickview-portrait-image src": "https://evertaletoolbox2.runasp.net/files/images/monsters/small/LunaHood02_2.png",
    "Name": "Luna",
    "Title": "Archer of the Woods",
    "icon36 src": "https://evertaletoolbox2.runasp.net/files/ui/app/RarityIconSr01.png",
    "icon10 src": "https://evertaletoolbox2.runasp.net/files/ui/rarity/IconBlackStarGold01.png",
    "icon36 src (2)": "https://evertaletoolbox2.runasp.net/files/ui/elements/Earth.png",
    "Cost": "28",
    "Attack": "820",
    "HP": "4,700",
    "SPD": "94",
    "icon36 src (3)": "https://evertaletoolbox2.runasp.net/files/ui/weapons/GreatSword.png",
    "Leader Skill": "Earth ATK & HP Up",
    "Leader Skill Description": "Allied Earth element units have their Attack increased by 7% and max HP increased by 5%.",
    "Active Skill 1": "Attack Two",
    "Active Skill 1 Description": "Damage to 2 enemies and allies gain 1 Spirit.",
    "Active Skill 2": "Attack All",
    "Active Skill 2 Description": "Damage to all enemies.",
    "Active Skill 3": "Guard Destroyer",
    "Active Skill 3 Description": "500% damage to 1 enemy if they are a Guardian.",
    "Active Skill 4": "Give Turn",
    "Active Skill 4 Description": "Immediately give 1 other ally the next turn by reducing their current TU to 0. Active skills that grant turns cannot be used on turns given by this skill.",
    "Passive Skill 1": "Hold Ground",
    "Passive Skill 1 Description": "If this unit would be defeated by an enemy attack or a status effect while having more than 1 HP, it instead survives with 1 HP.",
    "Passive Skill 2": "Augment: Spirit",
    "Passive Skill 2 Description": "Allies gain 1 Spirit whenever this unit deals damage with an attack. Attacks that target multiple enemies will trigger this once for each enemy they damage.",
    "Passive Skill 3": "Attack Up Lv2",
    "Passive Skill 3 Description": "Adds 200 to this unit's Attack.",
    "Passive Skill 4": "HP Up Lv2",
    "Passive Skill 4 Description Description": "Adds 800 to this unit's max HP.",
    "Passive Skill 5": "G.sword Hunter Lv2",
    "Passive Skill 5 Description": "7% bonus to attacks against units equipped with Greatswords.",
    "Passive Skill 6 Description": "Greataxe Mastery",
    "Passive Skill 6": "Can use weapon skills of Greataxes in addition to their original preferred weapon type."
  }
]