[
  {
    "quickview-portrait-image src": "https://evertaletoolbox2.runasp.net/files/images/monsters/small/GyurelleRegular02_2.png",
    "Name": "Gyurelle",
    "Title": "Myriadmask Aeon Lord",
    "icon36 src (2)": "https://evertaletoolbox2.runasp.net/files/ui/elements/Earth.png",
    "Attack": "1,334",
    "HP": "7,750",
    "SPD": "243",
    "icon36 src (3)": "https://evertaletoolbox2.runasp.net/files/ui/weapons/Mace.png",
    "Leader Skill": "Earth ATK & HP Up",
    "Leader Skill Description": "Allied Earth element units have their Attack increased by 10% and max HP increased by 7%.",
    "Active Skill 1": "Survivor's Strike",
    "Active Skill 1 Description": "Damage to 1 enemy. 300% damage if the user has survived for 300TU on the battlefield.",
    "Active Skill 2": "Dark Blessing",
    "Active Skill 2 Description": "Heal 1 other ally for HP equal to 200% of the user's Attack. The target also gains the Armor status effect and becomes Enraged, having their Attack increased to 1.5x until the end of their next turn. This will overwrite other status effects, and the effects of any previous Enrage skills on that unit. Armor grants 50% damage reduction from the next attack, then Armor is removed.",
    "Active Skill 3": "Doppelganger Raid",
    "Active Skill 3 Description": "600% damage to 1 enemy. This attack ignores enemy damage reduction effects. Usable only if there is another Earth ally Gyurelle on the battlefield.",
    "Active Skill 4": "My Turn",
    "Active Skill 4 Description": "Immediately give all Earth ally Gyurelles the next turns by reducing their current TU, and remove negative status effects like sleep, burn or poison from them. This skill becomes locked for 300TU after use for all Earth ally Gyurelles, so long as the user remains on the battlefield. Effects that influence TU order may interrupt the given turns (e.g. Counter Stance and Stuns targeting the lowest TU target). Active skills that grant turns cannot be used by any affected units until after they have had the turn.",
    "Passive Skill 1": "The Myriadmask",
    "Passive Skill 1 Description": "When another non-conjured ally on the battlefield is defeated or sacrificed by any source, there is a chance to add another Gyurelle to next in line of allied reinforcements, so long as this unit is not defeated or sacrificed at the same time and there are not already 3 Conjured Earth allies named Gyurelle between the battlefield and allied reinforcements. The chance of adding another Gyurelle increases depending on the size of this unit's team, up to 100% when this unit's last ally is defeated (so long as that ally was not conjured). The Level, Limit Breaks, Awakenings, Boosts, Potential, Mastery, Weapon and Accessory of Gyurelles added by this skill will match this unit.",
    "Passive Skill 2": "Mass Auto Life Flip",
    "Passive Skill 2 Description": "When this unit gets the turn, all Earth ally Gyurelles with less than 50% HP exchange their current HP with the amount of HP they have currently lost.",
    "Passive Skill 3": "Water Resist Lv3",
    "Passive Skill 3 Description": "10% less damage from attacks by Water units.",
    "Passive Skill 4": "Attack Up Lv3",
    "Passive Skill 4 Description Description": "Adds 300 to this unit's Attack.",
    "Passive Skill 5": "HP Up Lv3",
    "Passive Skill 5 Description": "Adds 1200 to this unit's max HP.",
    "Passive Skill 6 Description": "Axe Mastery",
    "Passive Skill 6": "Can use weapon skills of Axes in addition to their original preferred weapon type."
  },
  {
    "quickview-portrait-image src": "https://evertaletoolbox2.runasp.net/files/images/monsters/small/MechaSisterSwimsuit02_2.png",
    "Name": "Anya",
    "Title": "Summertime Mecha Girl",
    "icon36 src (2)": "https://evertaletoolbox2.runasp.net/files/ui/elements/Light.png",
    "Attack": "703",
    "HP": "14,528",
    "SPD": "109",
    "icon36 src (3)": "https://evertaletoolbox2.runasp.net/files/ui/weapons/Mace.png",
    "Leader Skill": "Light HP Up",
    "Leader Skill Description": "Allied Light element units have their max HP increased by 10%.",
    "Active Skill 1": "Life Flip Attack",
    "Active Skill 1 Description": "Damage to 1 enemy. If the user's current HP is below 50%, exchanges the user's current HP with the amount of HP the user has currently lost.",
    "Active Skill 2": "Purify Heal",
    "Active Skill 2 Description": "Removes negative status effects like sleep, burn or poison from 1 ally, and heals them for 25% of their max HP.",
    "Active Skill 3": "Banishing Avenger",
    "Active Skill 3 Description": "750% damage to 1 enemy if they have defeated 1+ units with attacks while on the battlefield. If that enemy is not defeated and has any reinforcements, pushes the enemy away from the battlefield to the very back of the enemy reinforcements. The enemy will not be pushed away if they have not defeated 1+ units with attacks while on the battlefield.",
    "Active Skill 4": "Instant Give Turn",
    "Active Skill 4 Description": "Immediately give 1 other ally the next turn by reducing their current TU to 0. This skill becomes locked for 200TU after use. Active skills that grant turns cannot be used on turns given by this skill.",
    "Passive Skill 1": "Divine Guard+",
    "Passive Skill 1 Description": "If this unit takes damage from an attack and survives until after the end of the turn, this unit will heal for 10% of max HP. This healing is increased to 75% of max HP for the first 3 times it triggers while this unit is on the battlefield.\n\nThis unit is a Guardian. For any enemy attack that would hit 1 or 2 other allies, this unit has a 100% chance to redirect 1 hit to itself instead. This unit will not redirect skills that don't deal damage.",
    "Passive Skill 2": "Superconductor",
    "Passive Skill 2 Description": "This unit is a Stun Absorber. Whenever any ally would be affected by stun, this unit takes the stun instead.\n\nIf this unit takes damage from an attack while it does not have Endure and survives until after the end of the turn, this unit will Endure the next damage that would defeat it with 1HP. Endure effects cannot stack.\n\nThis unit gains the Armor status effect at the very start of the battle if it is on the battlefield. Armor grants 50% damage reduction from the next attack, then the effect is removed.",
    "Passive Skill 3": "HP Up Lv3",
    "Passive Skill 3 Description": "Adds 1200 to this unit's max HP.",
    "Passive Skill 4": "Sword Resist Lv3",
    "Passive Skill 4 Description Description": "10% less damage from attacks by units equipped with Swords.",
    "Passive Skill 5": "Attack Up Lv3",
    "Passive Skill 5 Description": "Adds 300 to this unit's Attack.",
    "Passive Skill 6 Description": "Staff Mastery",
    "Passive Skill 6": "Can use weapon skills of Staffs in addition to their original preferred weapon type."
  },
  {
    "quickview-portrait-image src": "https://evertaletoolbox2.runasp.net/files/images/monsters/small/TwinGodRegular02_2.png",
    "Name": "Apollo & Artemis",
    "Title": "Goddesses of the Sun and Moon",
    "icon36 src (2)": "https://evertaletoolbox2.runasp.net/files/ui/elements/Light.png",
    "Attack": "1,295",
    "HP": "7,945",
    "SPD": "436",
    "icon36 src (3)": "https://evertaletoolbox2.runasp.net/files/ui/weapons/Staff.png",
    "Leader Skill": "Light ATK & HP Up",
    "Leader Skill Description": "Allied Light element units have their Attack increased by 10% and max HP increased by 7%.",
    "Active Skill 1": "Attack & Stealth",
    "Active Skill 1 Description": "Damage to 2 enemies. The user is also granted the Stealth status effect. This will overwrite other status effects on the user. Stealthed units ignore the next enemy attack that would damage more than 1 target. Any damage will remove stealth.",
    "Active Skill 2": "Moonlight Arrow",
    "Active Skill 2 Description": "400% damage to 1 enemy. If damage is dealt, the user is healed for 50% of max HP. The user will also Endure the next damage that would defeat it with 1HP. Endure effects cannot stack. Usable if the user has the Stealth status effect. This attack ignores any enemy status effects, damage reduction effects, revenge passive skills, and skin passive skills.",
    "Active Skill 3": "Sunlight Arrow",
    "Active Skill 3 Description": "500% damage to 1 enemy. If damage is dealt, the user is healed for 100% of max HP and gains a Stun Ward. Usable only if there are at least 4 units with the Burn status effect. 600% damage if there are at least 6 units with burn. Stun Ward prevents Stun from being applied once, then is removed. Stun Wards cannot stack.",
    "Active Skill 4": "Holy Eclipse",
    "Active Skill 4 Description": "The user becomes Enraged, increasing their Attack to 1.5x until the end of their next turn, and gains the Stealth status effect. This will overwrite other Enrage effects and Status effects on the user. The user will also Endure the next damage that would defeat it with 1HP. Endure effects cannot stack. Usable twice per battle, and only if the user does not have Endure already.",
    "Passive Skill 1": "Flame of Apollo",
    "Passive Skill 1 Description": "This unit always counts as having the Burn status effect for skills that count or affect burning units. This unit cannot gain the Burn status effect. Any unit that is dealt damage by this unit will become burned, attacking this unit will not cause units to become burned. This unit cannot become a Stun Absorber.",
    "Passive Skill 2": "Shroud of Artemis",
    "Passive Skill 2 Description": "If this unit takes damage from an attack and survives until after the end of the turn, this unit will heal for 20% of max HP and then gain the Stealth status effect if it is not Poisoned or Sleeping. This will overwrite any other status effect on this unit. Stealthed units ignore the next enemy attack that would damage more than 1 target. Any damage will remove stealth, but it may be regained by this unit if this skill is triggered by attack damage.",
    "Passive Skill 3": "HP Up Lv3",
    "Passive Skill 3 Description": "Adds 1200 to this unit's max HP.",
    "Passive Skill 4": "Attack Up Lv3",
    "Passive Skill 4 Description Description": "Adds 300 to this unit's Attack.",
    "Passive Skill 5": "Sleep Resist Lv3",
    "Passive Skill 5 Description": "Reduces the duration of any enemy sleep effects on this unit by 20TU.",
    "Passive Skill 6 Description": "Axe Mastery",
    "Passive Skill 6": "Can use weapon skills of Axes in addition to their original preferred weapon type."
  },
  {
    "quickview-portrait-image src": "https://evertaletoolbox2.runasp.net/files/images/monsters/small/LudmillaRacequeen02_2.png",
    "Name": "Ludmilla",
    "Title": "Red Dragon Race Queen",
    "icon36 src (2)": "https://evertaletoolbox2.runasp.net/files/ui/elements/Storm.png",
    "Attack": "1,402",
    "HP": "7,410",
    "SPD": "221",
    "icon36 src (3)": "https://evertaletoolbox2.runasp.net/files/ui/weapons/Hammer.png",
    "Leader Skill": "Storm Attack Up",
    "Leader Skill Description": "Allied Storm units have their Attack increased by 15%.",
    "Active Skill 1": "Swift Purify",
    "Active Skill 1 Description": "75% damage to 1 enemy. When damage is dealt, negative status effects like sleep, burn or poison are removed from the user and 1 random other ally that already had a negative status effect. This does not prevent new status effects from applying to the user or that ally.",
    "Active Skill 2": "Storm Heart",
    "Active Skill 2 Description": "Stuns all enemies for 50TU. The user is healed for 100% of own max HP. Usable only if the user's HP is at 25% or less.",
    "Active Skill 3": "Vengeance Queen",
    "Active Skill 3 Description": "Targets 2 enemies. 400% damage to targets that have defeated 1 unit with an attack while on the battlefield. 600% damage instead to targets that have defeated 2+ units with attacks while on the battlefield. This attack ignores the Stealth and Counter Stance Status Effects, and the effects of skin passive skills.",
    "Active Skill 4": "Command & Combo",
    "Active Skill 4 Description": "Targets 1 enemy, and another ally with the highest current TU. 500% damage to the targeted enemy, then gives that ally the next turn by reducing their current TU to 0. Unlocked each time the user damages an enemy with another attack. This skill is locked again after each use or if the user leaves the battlefield.\n\n- The given turn is granted after Counter Stance or Counter Skin type effects triggered by this attack, and so the affected ally will act before a countering enemy.\n- Active skills that grant turns cannot be used on turns given by this skill.\n- Effects that influence TU order may interrupt the given turn (e.g. Stuns targeting the lowest TU target).",
    "Passive Skill 1": "Hold Ground",
    "Passive Skill 1 Description": "If this unit would be defeated by an enemy attack or a status effect while having more than 1 HP, it instead survives with 1 HP.",
    "Passive Skill 2": "Gear Shift",
    "Passive Skill 2 Description": "This unit gains a charge after each enemy turn. This unit's active skills all cost 20% less TU for each charge it has stored, up to 60% less max with 3 charges. Other effects that further reduce TU will have diminishing returns while this is in effect. After each turn this unit gets, all charges it has stored will be removed and allies gain Spirit equal to the charges removed. This unit is not affected by Quicken effects. Certain skills are affected by and may consume charges. A unit can store up to 3 charges and all charges are removed from a unit that leaves the battlefield.",
    "Passive Skill 3": "Attack Up Lv3",
    "Passive Skill 3 Description": "Adds 300 to this unit's Attack.",
    "Passive Skill 4": "Storm Resist Lv3",
    "Passive Skill 4 Description Description": "10% less damage from attacks by Storm units.",
    "Passive Skill 5": "HP Up Lv3",
    "Passive Skill 5 Description": "Adds 1200 to this unit's max HP.",
    "Passive Skill 6 Description": "Greatsword Mastery",
    "Passive Skill 6": "Can use weapon skills of Greatswords in addition to their original preferred weapon type."
  },
  {
    "quickview-portrait-image src": "https://evertaletoolbox2.runasp.net/files/images/monsters/small/JeanneBrideAngel02_2.png",
    "Name": "Mikaela",
    "Title": "Angel of Celebration",
    "icon36 src (2)": "https://evertaletoolbox2.runasp.net/files/ui/elements/Storm.png",
    "Attack": "1,427",
    "HP": "7,285",
    "SPD": "41",
    "icon36 src (3)": "https://evertaletoolbox2.runasp.net/files/ui/weapons/GreatAxe.png",
    "Active Skill 1": "Attack",
    "Active Skill 1 Description": "Damage to 1 enemy and allies gain 2 Spirit.",
    "Active Skill 2": "Purify Heal",
    "Active Skill 2 Description": "Removes negative status effects like sleep, burn or poison from 1 ally, and heals them for 25% of their max HP.",
    "Active Skill 3": "Time Drain Raid",
    "Active Skill 3 Description": "500% damage to 1 enemy if they have 130+ TU. 600% damage if the target has 200TU or more. This attack ignores enemy damage reduction effects, and heals the user for 100% of total damage dealt.",
    "Active Skill 4": "Holy Revival",
    "Active Skill 4 Description": "Revives the Jeanne d'Arc that conjured the user to next in line of allied reinforcements with full HP, then exchanges 1 other ally with her if there are already 4 allies on the battlefield. Usable only if there is at least 1 other ally on the battlefield, and there is not already a Storm ally Jeanne d'Arc on the battlefield or in allied reinforcements. The revived Jeanne d'Arc will be considered a conjured unit.",
    "Passive Skill 1": "Angelic Guard Entry",
    "Passive Skill 1 Description": "This unit becomes a Guardian and cannot be defeated. These effects begin when this unit enters the battlefield from reinforcements and end after this unit's first turn on the battlefield. For any enemy attack that would hit 1 or 2 other allies while this unit is a Guardian, 1 of the hits is instead redirected to this unit. This unit will not redirect skills that don't deal damage. This unit cannot become a Stun Absorber while this skill is in effect.",
    "Passive Skill 2": "Angelic Shock Entry",
    "Passive Skill 2 Description": "Stuns the enemy with the highest current TU for 200TU. Storm allies named Jeanne d'Arc have any Poison removed, are granted a Poison Ward, and will Endure the next damage that would defeat them with 1HP. Endure effects cannot stack. These effects are triggered when this unit enters the battlefield from reinforcements. Poison Ward prevents Poison from being applied once, then is removed. Poison Wards cannot stack.",
    "Passive Skill 3": "Attack Up Lv3",
    "Passive Skill 3 Description": "Adds 300 to this unit's Attack.",
    "Passive Skill 4": "HP Up Lv3",
    "Passive Skill 4 Description Description": "Adds 1200 to this unit's max HP.",
    "Passive Skill 5": "G.sword Resist Lv3",
    "Passive Skill 5 Description": "10% less damage from attacks by units equipped with Greatswords.",
    "Passive Skill 6 Description": "Spear Mastery",
    "Passive Skill 6": "Can use weapon skills of Spears in addition to their original preferred weapon type."
  },
  {
    "quickview-portrait-image src": "https://evertaletoolbox2.runasp.net/files/images/monsters/small/JeanneBride02_2.png",
    "Name": "Jeanne d'Arc",
    "Title": "Bride of Salvation",
    "icon36 src (2)": "https://evertaletoolbox2.runasp.net/files/ui/elements/Storm.png",
    "Attack": "1,328",
    "HP": "7,780",
    "SPD": "396",
    "icon36 src (3)": "https://evertaletoolbox2.runasp.net/files/ui/weapons/GreatAxe.png",
    "Leader Skill": "Storm ATK & HP Up",
    "Leader Skill Description": "Allied Storm element units have their Attack increased by 10% and max HP increased by 7%.",
    "Active Skill 1": "Attack & Stealth",
    "Active Skill 1 Description": "Damage to 1 enemy. The user is also granted the Stealth status effect. This will overwrite other status effects on the user. Stealthed units ignore the next enemy attack that would damage more than 1 target. Any damage will remove stealth.",
    "Active Skill 2": "Healing Rage",
    "Active Skill 2 Description": "Heals the user for 50% of max HP and the user's Attack is increased to 1.5x until the end of its next turn. This will overwrite the effect of previous Enrage skills. Usable only if the user's HP is not at max.",
    "Active Skill 3": "Survival Stun",
    "Active Skill 3 Description": "Stuns 1 enemy for 125TU. Usable unless Survivor's Judgment is unlocked by this unit.",
    "Active Skill 4": "Survivor's Judgment",
    "Active Skill 4 Description": "500% damage to 2 enemies and the user will Endure the next damage that would defeat it with 1HP, Endure effects cannot stack. This attack ignores the Stealth status effect and enemy damage reduction effects. Locked for 300TU after the user has entered the battlefield.",
    "Passive Skill 1": "Mikaela's Vengeance",
    "Passive Skill 1 Description": "When another non-conjured ally on the battlefield is defeated or sacrificed by any source, adds Mikaela to next in line of allied reinforcements, so long as this unit is not defeated or sacrificed at the same time and there is not already a Storm ally named Mikaela on the battlefield or in allied reinforcements. Mikaela's Level, Limit Breaks, Awakenings, Boosts, Potential, Mastery, Weapon and Accessory will match this unit.",
    "Passive Skill 2": "Divine Immovability",
    "Passive Skill 2 Description": "When this unit enters battle, it will Endure the next damage that would defeat it with 1HP, Endure effects cannot stack. If this unit takes damage from an attack and survives until after the end of the turn, this unit will heal for 20% of max HP. This unit cannot be sent to the reinforcements from the battlefield.",
    "Passive Skill 3": "HP Up Lv3",
    "Passive Skill 3 Description": "Adds 1200 to this unit's max HP.",
    "Passive Skill 4": "Attack Up Lv3",
    "Passive Skill 4 Description Description": "Adds 300 to this unit's Attack.",
    "Passive Skill 5": "G.sword Hunter Lv3",
    "Passive Skill 5 Description": "10% bonus to attacks against units equipped with Greatswords.",
    "Passive Skill 6 Description": "Spear Mastery",
    "Passive Skill 6": "Can use weapon skills of Spears in addition to their original preferred weapon type."
  },
  {
    "quickview-portrait-image src": "https://evertaletoolbox2.runasp.net/files/images/monsters/small/CrossSwordKnight02_2.png",
    "Name": "Gawain",
    "Title": "Round Table Knight of the Sun",
    "icon36 src (2)": "https://evertaletoolbox2.runasp.net/files/ui/elements/Water.png",
    "Attack": "1,408",
    "HP": "7,380",
    "SPD": "421",
    "icon36 src (3)": "https://evertaletoolbox2.runasp.net/files/ui/weapons/Sword.png",
    "Leader Skill": "Water ATK & HP Up",
    "Leader Skill Description": "Allied Water element units have their Attack increased by 10% and max HP increased by 7%.",
    "Active Skill 1": "Attack Two",
    "Active Skill 1 Description": "Damage to 2 enemies and allies gain 2 Spirit.",
    "Active Skill 2": "Savage Assassin",
    "Active Skill 2 Description": "500% damage to 1 enemy. This attack ignores enemy damage reduction effects. Usable if the user has defeated 1+ units with attacks while on the battlefield.",
    "Active Skill 3": "Royal Helioslash",
    "Active Skill 3 Description": "400% damage to 2 enemies. This attack ignores the Stealth Status Effect. 500% damage if the user has defeated 1 unit with an attack while on the battlefield, 600% if the user has defeated 2+ units. Usable if the user has not defeated any units while on the battlefield, or if the user's party has 6 or more Spirit.",
    "Active Skill 4": "Triumph Battlecry",
    "Active Skill 4 Description": "Heals the user fully. The Hold Ground+ passive skill is reset for the user and can be triggered again. All allies are granted the Armor status effect (50% damage reduction from the next attack, then the effect is removed) and become Enraged (Attack increased to 1.5x until the end of their next turn). This skill is unlocked each time the user defeats another unit with an attack. This skill is locked again after each use or if the user leaves the battlefield. This will overwrite other status effects and the effects of other Enrage skills on allies.",
    "Passive Skill 1": "Hold Ground+",
    "Passive Skill 1 Description": "If this unit would be defeated, it instead survives with 1 HP and then cannot be defeated until its next turn. This effect can trigger only once each time this unit enters the battlefield.",
    "Passive Skill 2": "Killer Instinct",
    "Passive Skill 2 Description": "Allies gain 3 Spirit and this unit becomes Enraged, having its Attack increased to 1.5x until the end of its next turn. Triggered after each turn this unit takes unless it has defeated an enemy while on the battlefield. This will overwrite the effects of other Enrage skills.",
    "Passive Skill 3": "Attack Up Lv3",
    "Passive Skill 3 Description": "Adds 300 to this unit's Attack.",
    "Passive Skill 4": "Spear Resist Lv3",
    "Passive Skill 4 Description Description": "10% less damage from attacks by units equipped with Spears.",
    "Passive Skill 5": "HP Up Lv3",
    "Passive Skill 5 Description": "Adds 1200 to this unit's max HP.",
    "Passive Skill 6 Description": "Mace Mastery",
    "Passive Skill 6": "Can use weapon skills of Maces in addition to their original preferred weapon type."
  },
  {
    "quickview-portrait-image src": "https://evertaletoolbox2.runasp.net/files/images/monsters/small/RoundTableKnight02_2.png",
    "Name": "Lancelot",
    "Title": "Twin Blades of the Round Table",
    "icon36 src (2)": "https://evertaletoolbox2.runasp.net/files/ui/elements/Storm.png",
    "Attack": "1,272",
    "HP": "8,060",
    "SPD": "118",
    "icon36 src (3)": "https://evertaletoolbox2.runasp.net/files/ui/weapons/Sword.png",
    "Leader Skill": "Storm Attack Up",
    "Leader Skill Description": "Allied Storm units have their Attack increased by 15%.",
    "Active Skill 1": "Swift Stealth",
    "Active Skill 1 Description": "75% damage to 1 enemy. The user is also granted the Stealth status effect. This will overwrite other status effects on the user. Stealthed units ignore the next enemy attack that would damage more than 1 target. Any damage will remove stealth.",
    "Active Skill 2": "Royal Swiftslash",
    "Active Skill 2 Description": "400% damage to 1 enemy if they have 100+ TU. 500% damage if the target has 130TU or more. 600% damage if the target has 200TU or more. This attack ignores enemy damage reduction effects. The user also gains the Stealth status effect if the target has 100TU or more. This will overwrite other status effects on the user. Stealthed units ignore the next enemy attack that would damage more than 1 target. Any damage will remove stealth.",
    "Active Skill 3": "Stealth Avenger",
    "Active Skill 3 Description": "400% damage to 1 enemy. 600% damage against units that have defeated 1+ units with attacks while on the battlefield. Usable if the user has the Stealth status effect. This attack ignores any enemy status effects, damage reduction effects, revenge passive skills, and skin passive skills.",
    "Active Skill 4": "Instant Stun",
    "Active Skill 4 Description": "Stuns 1 enemy for 200TU. This skill becomes locked for 200TU after use.",
    "Passive Skill 1": "Deadly Momentum",
    "Passive Skill 1 Description": "Each time this unit defeats an enemy with an attack, this unit will get another turn. When this triggers, this unit will Endure the next damage that would defeat it with 1HP, Endure effects cannot stack. Effects that influence TU order may interrupt the extra turn (e.g. Stuns targeting the lowest TU target).",
    "Passive Skill 2": "Regen Counter Skin",
    "Passive Skill 2 Description": "When this unit gets a turn, it heals 30% of its max HP. When this unit takes damage from an attack, they will immediately get the next turn, this cannot trigger again until TU advances. This unit cannot become a Guardian or Stun Absorber.",
    "Passive Skill 3": "Attack Up Lv3",
    "Passive Skill 3 Description": "Adds 300 to this unit's Attack.",
    "Passive Skill 4": "HP Up Lv3",
    "Passive Skill 4 Description Description": "Adds 1200 to this unit's max HP.",
    "Passive Skill 5": "Fire Resist Lv3",
    "Passive Skill 5 Description": "10% less damage from attacks by Fire units.",
    "Passive Skill 6 Description": "Axe Mastery",
    "Passive Skill 6": "Can use weapon skills of Axes in addition to their original preferred weapon type."
  },
  {
    "quickview-portrait-image src": "https://evertaletoolbox2.runasp.net/files/images/monsters/small/TiamatRegular02_2.png",
    "Name": "Tiamat",
    "Title": "Creator of the Primordial Sea",
    "icon36 src (2)": "https://evertaletoolbox2.runasp.net/files/ui/elements/Water.png",
    "Attack": "1,339",
    "HP": "7,725",
    "SPD": "485",
    "icon36 src (3)": "https://evertaletoolbox2.runasp.net/files/ui/weapons/Mace.png",
    "Leader Skill": "Water Attack Up",
    "Leader Skill Description": "Allied Water element units have their Attack increased by 15%.",
    "Active Skill 1": "Swift Rage",
    "Active Skill 1 Description": "75% damage to 1 enemy. The user becomes Enraged, having its Attack increased to 1.5x until the end of its next turn. This will overwrite the effects of other Enrage skills.",
    "Active Skill 2": "Genesis",
    "Active Skill 2 Description": "Allies gain 3 Spirit, then adds a number of Suimori's to the next in line of ally reinforcements equal to Ally Spirit (Max 10). The user becomes Enraged, having its Attack increased to 1.5x until the end of its next turn. This will overwrite the effects of other Enrage skills. Usable once per battle.",
    "Active Skill 3": "Over Drive+",
    "Active Skill 3 Description": "600% damage to 1 enemy. Usable only if the user's party has 6 or more Spirit.",
    "Active Skill 4": "Survivor's Drain",
    "Active Skill 4 Description": "500% damage to 2 enemies and heals the user for 50% of max HP if damage is dealt. Locked for 300TU after the user has entered the battlefield.",
    "Passive Skill 1": "Divine Healing",
    "Passive Skill 1 Description": "If this unit takes damage from an attack and survives until after the end of the turn, this unit will heal for 25% of max HP.",
    "Passive Skill 2": "Immovable",
    "Passive Skill 2 Description": "This unit cannot be sent to the reinforcements from the battlefield.",
    "Passive Skill 3": "Attack Up Lv3",
    "Passive Skill 3 Description": "Adds 300 to this unit's Attack.",
    "Passive Skill 4": "Hammer Hunter Lv3",
    "Passive Skill 4 Description Description": "10% bonus to attacks against units equipped with Hammers.",
    "Passive Skill 5": "HP Up Lv3",
    "Passive Skill 5 Description": "Adds 1200 to this unit's max HP.",
    "Passive Skill 6 Description": "Sword Mastery",
    "Passive Skill 6": "Can use weapon skills of Swords in addition to their original preferred weapon type."
  },
  {
    "quickview-portrait-image src": "https://evertaletoolbox2.runasp.net/files/images/monsters/small/ElminaBunny02_2.png",
    "Name": "Elmina",
    "Title": "Bunnygirl Assassin",
    "icon36 src (2)": "https://evertaletoolbox2.runasp.net/files/ui/elements/Fire.png",
    "Attack": "1,569",
    "HP": "6,575",
    "SPD": "500",
    "icon36 src (3)": "https://evertaletoolbox2.runasp.net/files/ui/weapons/Mace.png",
    "Leader Skill": "Fire Attack Up",
    "Leader Skill Description": "Allied Fire element units have their Attack increased by 15%.",
    "Active Skill 1": "Attack All+",
    "Active Skill 1 Description": "50% damage to all enemies. This attack ignores the Counter Stance status effect and the effects of Skin passive skills.",
    "Active Skill 2": "Ignition Rage Heal",
    "Active Skill 2 Description": "Heals the user for 50% of max HP. The user becomes Enraged, having its Attack increased to 1.5x until the end of its next turn. The user also gains the Burn status effect. Usable only if the user does not have burn already. This will overwrite other status effects and the effects of other Enrage skills on the user. Any unit that deals damage to or is dealt damage by a unit with burn will also become burned.",
    "Active Skill 3": "Healing Burn Drive",
    "Active Skill 3 Description": "400% damage to 2 enemies. Usable only if there are at least 4 units with the Burn status effect. 500% damage if there are at least 6 units with burn. All burning allies are healed for 300% of the user's attack if damage is dealt.",
    "Active Skill 4": "Burn Drain+",
    "Active Skill 4 Description": "400% damage to 1 enemy and heals the user for 100% of max HP if damage is dealt. Usable if the user has the Burn status effect.",
    "Passive Skill 1": "Burning Heart",
    "Passive Skill 1 Description": "If this unit would be defeated while it has the Burn status effect, it instead survives with 1 HP, then burn is removed from this unit.",
    "Passive Skill 2": "Burn Stun Entry",
    "Passive Skill 2 Description": "All enemies are granted the Burn status effect, then each enemy has a 50% chance of being stunned for 100TU. Triggered when this unit enters the battlefield from reinforcements. Burn will overwrite other status effects on those enemies. Any unit that deals damage to or is dealt damage by a unit with burn will also become burned. This unit cannot be sent to the reinforcements from the battlefield.",
    "Passive Skill 3": "Attack Up Lv3",
    "Passive Skill 3 Description": "Adds 300 to this unit's Attack.",
    "Passive Skill 4": "Staff Hunter Lv3",
    "Passive Skill 4 Description Description": "10% bonus to attacks against units equipped with Staffs.",
    "Passive Skill 5": "HP Up Lv3",
    "Passive Skill 5 Description": "Adds 1200 to this unit's max HP.",
    "Passive Skill 6 Description": "Sword Mastery",
    "Passive Skill 6": "Can use weapon skills of Swords in addition to their original preferred weapon type."
  }
]