[
  {
    "quickview-portrait-image src": "https://evertaletoolbox2.runasp.net/files/images/monsters/small/SuperWaterMinion01_2.png",
    "Name": "Super Suimori",
    "icon36h32 src": "https://evertaletoolbox2.runasp.net/files/ui/app/RarityIconN01.png",
    "icon36 src": "https://evertaletoolbox2.runasp.net/files/ui/elements/Water.png",
    "Cost": "0",
    "Attack": "208",
    "HP": "1,099",
    "SPD": "502",
    "icon36 src (2)": "https://evertaletoolbox2.runasp.net/files/ui/weapons/Sword.png",
    "Active Skill 1": "Sleep Attack",
    "Active Skill 1 Description": "Damage to 1 enemy, with a 25% chance of granting that enemy the Sleep status effect for 200TU. If applied, this will overwrite other status effects on that enemy. Sleep cannot be applied to a unit that Has Slept while on the battlefield. Damage from this attack does not wake up sleeping enemies.",
    "Active Skill 2": "Force Sleep Bomb",
    "Active Skill 2 Description": "Sacrifices the user to grant 1 enemy the Sleep status effect for 200TU, even if they have already slept while on the battlefield. This will overwrite other status effects on that unit.",
    "Active Skill 3": "Auto Guard+",
    "Active Skill 3 Description": "This unit is a Guardian. For any enemy attack that would hit 1 or 2 other allies, this unit has a 100% chance to redirect 1 hit to itself instead. This unit will not redirect skills that don't deal damage.",
    "Active Skill 4": "Ephemeral",
    "Active Skill 4 Description": "This unit is never considered to be defeated by attacks and does not trigger any skills of other units whenever it is defeated or sacrificed by any source while on the battlefield.\n\nThis unit will be fully healed after each turn if it takes damage but is not defeated. This unit will be defeated after any ally or enemy turn if this unit has any of the Burn, Super Poison, or Mega Poison status effects.\n\nDamage dealt to this unit is increased to 2.5 times the normal amount."
  },
  {
    "quickview-portrait-image src": "https://evertaletoolbox2.runasp.net/files/images/monsters/small/MermaidRegular02_2.png",
    "Name": "Little Mermaid",
    "icon36 src": "https://evertaletoolbox2.runasp.net/files/ui/elements/Water.png",
    "Cost": "34",
    "Attack": "1,112",
    "HP": "8,860",
    "SPD": "533",
    "icon36 src (2)": "https://evertaletoolbox2.runasp.net/files/ui/weapons/Spear.png",
    "Active Skill 1": "Ocean Sweep",
    "Active Skill 1 Description": "100% damage to all enemies, plus 100% for each sleeping enemy (500% max). This attack ignores damage reduction effects and removes any Burn status effects (including Mega Healing Burn) from all hit targets.",
    "Active Skill 2": "Pacifying Wave",
    "Active Skill 2 Description": "Targets 2 enemies. Removes any Burn status effects (including Mega Healing Burn) from them, then grants them Burn Wards and the Sleep status effect for 200TU, even if they have already slept while on the battlefield. Sleep will overwrite other status effects on those units. This skill becomes locked for 50TU after use.\n\nBurn Wards prevent Burn from being applied once, then are removed. Burn Wards cannot stack.",
    "Active Skill 3": "Endless Nightmare",
    "Active Skill 3 Description": "600% damage to 2 enemies if they are sleeping. This attack ignores enemy damage reduction effects. All enemies hit are then granted the Sleep status effect for 200TU, even if they have already slept while on the battlefield.",
    "Active Skill 4": "Royal Trident",
    "Active Skill 4 Description": "600% damage to 1 enemy and adds 1 Super Suimori to the very front of the allied reinforcements. This attack ignores any effects of non-boss enemies that would prevent the target from being defeated. Removes any Sleep Wards from the target.\n\nThis skill becomes locked after use until an ally Suimori gets the turn, or until there are no Suimoris in the ally team.",
    "Title": "Guardian of the Sea",
    "icon36 src (3)": "https://evertaletoolbox2.runasp.net/files/ui/app/RarityIconSsr01.png",
    "icon10 src": "https://evertaletoolbox2.runasp.net/files/ui/rarity/IconRainbowStar01.png",
    "Leader Skill": "Water ATK & HP Up",
    "Leader Skill Description": "Allied Water element units have their Attack increased by 10% and max HP increased by 7%.",
    "Passive Skill 1": "Song of the Sea",
    "Passive Skill 1 Description": "This unit cannot be burned or sent to the reinforcements from the battlefield. This unit's attacks will not wake sleeping enemies.\n\nAt the end of this unit's turn, send 1 random sleeping ally that is not immovable to the front of allied reinforcements. Allies must have reinforcements for this to trigger.\n\nWhenever another Water ally enters the battlefield from reinforcements:\n- Removes the Sleep status effect from this unit.\n- Grants 1 non-sleeping enemy with the lowest TU the Sleep status effect for 200TU, even if they have already slept while on the battlefield. This will overwrite other status effects on that unit.",
    "skill-name (6)": "Breaking Tide",
    "Passive Skill 2 Description": "Whenever this unit gets the turn, if all enemies are sleeping, the next damage this unit deals with an Attack while on the battlefield will ignore any effects of non-boss enemies that would prevent the targets from being defeated. This effect cannot trigger again until 100TU advances and cannot stack.\n\nWhen this unit enters battle, all allies will be granted Coral Barrier for 100TU. A unit with Coral Barrier will gain 35% damage reduction from attacks. This effect can stack with other damage reduction effects such as Armor, but will not stack with itself or other ally Barrier type skills.\n\nWhile this unit is on the battlefield, at the end of this unit or an ally Suimori's turn, all allies will:\n- Gain Coral Barrier for 100TU.\n- have Burn and Poison status effects (including Lethal Poison) removed.\n- be healed for 30% of their max HP.\n\nIf this unit is not alone on the battlefield and has Coral Barrier, this unit has a 20% chance, plus 20% chance per Awakening (up to 100% chance if this unit has 4 Awakenings) to survive any damage that would defeat it with 1HP.",
    "skill-name (7)": "Attack Up Lv3",
    "Passive Skill 3 Description": "Adds 300 to this unit's Attack.",
    "Passive Skill 4": "HP Up Lv3",
    "Passive Skill 4 Description Description": "Adds 1200 to this unit's max HP.",
    "Passive Skill 5": "Sleep Resist Lv3",
    "Passive Skill 5 Description": "Reduces the duration of any enemy sleep effects on this unit by 20TU.",
    "Passive Skill 6 Description": "Greatsword Mastery",
    "Passive Skill 6": "Can use weapon skills of Greatswords in addition to their original preferred weapon type."
  },
  {
    "quickview-portrait-image src": "https://evertaletoolbox2.runasp.net/files/images/monsters/small/MurasakiRegular02_2.png",
    "Name": "Murasaki Shikibu",
    "icon36 src": "https://evertaletoolbox2.runasp.net/files/ui/elements/Earth.png",
    "Cost": "34",
    "Attack": "1,299",
    "HP": "7,925",
    "SPD": "482",
    "icon36 src (2)": "https://evertaletoolbox2.runasp.net/files/ui/weapons/Axe.png",
    "Active Skill 1": "Last Word",
    "Active Skill 1 Description": "600% damage to 1 enemy. This attack ignores Skin passive skills and the Counter Stance status effect. This skill becomes locked after use until the user uses Healing Words. This lock may be ignored if user is alone on the battlefield.",
    "Active Skill 2": "Healing Words",
    "Active Skill 2 Description": "Heals 2 allies for 800% of the user's attack, Purifies them (removes negative status effects like sleep, burn or poison), and grants them Stealth with a Stealth Shield. Unlocked each time the user damages an enemy with an attack. This skill is locked again after each use or if the user leaves the battlefield.\n\nStealth will overwrite other Status effects on that ally. Stealthed units ignore the next enemy attack that would damage more than 1 target. Any damage will remove stealth. Stealth Shields prevent the next other status effect a unit would gain while Stealthed from applying.",
    "Active Skill 3": "Plot Twist",
    "Active Skill 3 Description": "Exchanges 1 enemy with an Imposter. The exchanged enemy will be sent to next in line of enemy reinforcements. Then add 1 Imposter to a random place in line of enemy reinforcements. Usable only if there are 4 enemies on the battlefield. Usable once per battle, and will fail if the target is Immovable.",
    "Active Skill 4": "Red Herring",
    "Active Skill 4 Description": "The user becomes a Guardian. For any enemy attack that would hit 1 or 2 other allies, 1 of the hits is instead redirected to this unit. This unit will not redirect skills that don't deal damage.\n\nAfter this skill is used, whenever the user is hit by an attack and is defeated or survives with 25% or less of max HP until after the end of the turn:\n- They are sacrificed if they were not defeated.\n- A copy of the user is added to next in line of ally reinforcements. The copy's Limit Breaks, Awakenings, Boosts, Potential, Mastery, Weapon and Accessory will match the user.\n- All allies become Enraged and have their current TU reduced by 100. This will overwrite the effects of other Enrage skills on those allies. Enraged units have their Attack increased to 1.5x until the end of their next turn.\n\nThese effects won't trigger if defeated by the burn status effect.\n\nUnlocked the first time an ally on the battlefield is defeated or sacrificed by any source while this unit is on the battlefield or if this unit is on the battlefield at the very start of the battle. This skill is locked again if the user leaves the battlefield. This skill can only be used once each time this unit is on the battlefield.",
    "Title": "Weaver of Tales",
    "icon36 src (3)": "https://evertaletoolbox2.runasp.net/files/ui/app/RarityIconSsr01.png",
    "icon10 src": "https://evertaletoolbox2.runasp.net/files/ui/rarity/IconRainbowStar01.png",
    "Leader Skill": "Earth ATK & HP Up",
    "Leader Skill Description": "Allied Earth element units have their Attack increased by 10% and max HP increased by 7%.",
    "Passive Skill 1": "Epic Narrative",
    "Passive Skill 1 Description": "This unit gains Stealth, a Stealth Shield and will Endure the next damage that would defeat it with 1HP. Endure effects cannot stack. Allies gain Spirit until ally Spirit reaches 8. These effects are triggered both at the very start of the battle if this unit is on the battlefield, and when this unit enters the battlefield from reinforcements.\n\nThis unit cannot be defeated by damage from Poison status effects.\n\nThis unit has a 20% chance, plus 20% chance per Awakening (up to 100% chance if this unit has 4 Awakenings) to immediately have its TU reduced to 0 after the first time an ally is defeated while this unit is on the battlefield.",
    "skill-name (6)": "Venom Barrier",
    "Passive Skill 2 Description": "Unless this unit is burning, this unit is immune to Stun effects.\n\nAllies gain 35% damage reduction from attacks while this unit is on the battlefield. This effect can stack with other damage reduction effects such as Armor, but will not stack with itself or other ally Barrier type skills.\n\nWhenever an ally takes damage from an attack, a random non-burning enemy becomes Mega Poisoned for 200TU. Mega Poison will overwrite other status effects on those enemies. Mega Poison deals 20 times the damage of normal Poison and cannot be overwritten by normal Poison or Super Poison.",
    "skill-name (7)": "HP Up Lv3",
    "Passive Skill 3 Description": "Adds 1200 to this unit's max HP.",
    "Passive Skill 4": "Attack Up Lv3",
    "Passive Skill 4 Description Description": "Adds 300 to this unit's Attack.",
    "Passive Skill 5": "G.axe Resist Lv3",
    "Passive Skill 5 Description": "10% less damage from attacks by units equipped with Greataxes.",
    "Passive Skill 6 Description": "Sword Mastery",
    "Passive Skill 6": "Can use weapon skills of Swords in addition to their original preferred weapon type."
  },
  {
    "quickview-portrait-image src": "https://evertaletoolbox2.runasp.net/files/images/monsters/small/SnowWhiteMaid02_2.png",
    "Name": "Snow White",
    "icon36 src": "https://evertaletoolbox2.runasp.net/files/ui/elements/Storm.png",
    "Cost": "34",
    "Attack": "1,429",
    "HP": "7,275",
    "SPD": "323",
    "icon36 src (2)": "https://evertaletoolbox2.runasp.net/files/ui/weapons/Hammer.png",
    "Active Skill 1": "Poison Apple",
    "Active Skill 1 Description": "Damage to 2 enemies. 500% damage instead if the target is poisoned or has 100+ TU. All non-poisoned enemies hit are then granted Super Poison.\n\nSuper Poison will overwrite other status effects on those enemies. Super Poison deals 4 times the damage of normal poison, and cannot be overwritten by normal poison.",
    "Active Skill 2": "Toxic Stun Random",
    "Active Skill 2 Description": "Stuns 2 random enemies for 100TU and grants them the Mega Poison status effect for 200TU. This skill can be redirected by enemy Stun Absorbers. The user is granted a Sleep ward. This skill becomes locked after use until the user uses another active skill.\n\nMega Poison will overwrite other status effects on those enemies. Mega Poison deals 20 times the damage of normal Poison and cannot be overwritten by normal Poison or Super Poison.",
    "Active Skill 3": "Deadly Magic",
    "Active Skill 3 Description": "600% damage to 1 enemy. This attack ignores effects of non-boss enemies that would prevent the target from being defeated. Heals all allies below 50% of max HP for 100% of their max HP. Usable if at least 1 ally on the battlefield has less than 50% of max HP.",
    "Active Skill 4": "Survivor's Crash",
    "Active Skill 4 Description": "600% damage to 1 enemy. This attack ignores enemy damage reduction effects and any effects of non-boss enemies that would prevent the target from being defeated. Locked for 150TU after the user has entered the battlefield.",
    "Title": "Frost Flower Maid",
    "icon36 src (3)": "https://evertaletoolbox2.runasp.net/files/ui/app/RarityIconSsr01.png",
    "icon10 src": "https://evertaletoolbox2.runasp.net/files/ui/rarity/IconRainbowStar01.png",
    "Leader Skill": "Storm HP Up",
    "Leader Skill Description": "Allied Storm element units have their max HP increased by 10%.",
    "Passive Skill 1": "Ready To Serve",
    "Passive Skill 1 Description": "This unit cannot be sent to the reinforcements from the battlefield. This unit enters battle with a Poison Ward, Sleep Ward, and Stun Ward. Each Ward prevents their named effect from being applied once, then is removed. Identical Wards cannot stack.\n\nThis unit has 15% damage reduction from attacks, plus 15% per Awakening (up to 75% max if this unit has 4 Awakenings) until Survivor's Crash is unlocked.\n\nOnce Survivor's Crash is unlocked, this unit has its TU costs reduced by 40%. Quicken effects will not further reduce this unit's TU costs.",
    "skill-name (6)": "Electrotoxin",
    "Passive Skill 2 Description": "If this unit would be defeated by an enemy attack or a status effect while having more than 1 HP, it instead survives with 1 HP.\n\nEach time this unit takes damage from an attack and survives until after the end of the turn with more than 1 HP, this unit will Stun all enemies for 50TU and Super Poison all enemies. This effect cannot trigger if this unit is alone on the battlefield. This is not a Skin passive skill.",
    "skill-name (7)": "Attack Up Lv3",
    "Passive Skill 3 Description": "Adds 300 to this unit's Attack.",
    "Passive Skill 4": "HP Up Lv3",
    "Passive Skill 4 Description Description": "Adds 1200 to this unit's max HP.",
    "Passive Skill 5": "Dark Resist Lv3",
    "Passive Skill 5 Description": "10% less damage from attacks by Dark units.",
    "Passive Skill 6 Description": "Spear Mastery",
    "Passive Skill 6": "Can use weapon skills of Spears in addition to their original preferred weapon type."
  },
  {
    "quickview-portrait-image src": "https://evertaletoolbox2.runasp.net/files/images/monsters/small/CrossSwordKnightDark02_2.png",
    "Name": "Dark Gawain",
    "icon36 src": "https://evertaletoolbox2.runasp.net/files/ui/elements/Earth.png",
    "Cost": "34",
    "Attack": "1,376",
    "HP": "7,540",
    "SPD": "444",
    "icon36 src (2)": "https://evertaletoolbox2.runasp.net/files/ui/weapons/GreatSword.png",
    "Active Skill 1": "Cursed Blade",
    "Active Skill 1 Description": "500% damage to 1 enemy if they do not have the Burn status effect. If not burning, that enemy will also be granted Cursed Sleep for 200TU, and the user will be granted Sleep Thorns. This attack ignores Guardians and damage reduction effects. This skill becomes locked after use until the user uses another active skill. This lock may be ignored if allies have 0 Spirit.\n\nCursed Sleep will overwrite status effects other than Burn, cannot be overwritten by Poison, can be applied repeatedly to units that have already slept while on the battlefield, and will not end from damage caused by Dream Hunter type active skills. When a unit with Sleep Thorns is dealt damage by an attack, that unit's Sleep Thorns will be consumed to immediately grant the Cursed Sleep status effect to the attacker. Burn or attacks that grant Burn will remove Sleep Thorns and prevent Cursed Sleep from applying.",
    "Active Skill 2": "Cursed Battlecry",
    "Active Skill 2 Description": "All non-burning allies are granted the Armor status effect, Sleep Thorns and become Enraged. Each non-burning, non-sleeping enemy is randomly granted either Mega Poison for 200TU or Cursed Sleep for 200TU. At the end of the turn, allies gain 1 Spirit for each enemy with Mega Poison or Cursed Sleep on the battlefield. This skill becomes locked for 100TU after use.\n\nMega Poison deals 20 times the damage of normal Poison and cannot be overwritten by normal Poison or Super Poison. Armor grants 50% damage reduction from the next attack, then Armor is removed. Enraged units have their Attack increased to 1.5x until the end of their next turn. These effects will overwrite other status effects and previous Enrage skills on affected units.",
    "Active Skill 3": "Cursed Helioslash",
    "Active Skill 3 Description": "500% damage to 2 enemies if they do not have the Burn status effect. This attack ignores damage reduction effects and the Stealth Status Effect. Damage from this attack does not wake up sleeping enemies. Unlocked each time the user damages an enemy with another attack. This skill is locked again after each use or if the user leaves the battlefield.",
    "Active Skill 4": "Cursed End",
    "Active Skill 4 Description": "600% damage to 1 enemy. This attack ignores enemy damage reduction effects and any effects of non-boss enemies that would prevent the target from being defeated. Usable only if the user has defeated 2+ units with attacks while on the battlefield.",
    "Title": "Herald of the Lightless Moon",
    "icon36 src (3)": "https://evertaletoolbox2.runasp.net/files/ui/app/RarityIconSsr01.png",
    "icon10 src": "https://evertaletoolbox2.runasp.net/files/ui/rarity/IconRainbowStar01.png",
    "Leader Skill": "Earth Attack Up",
    "Leader Skill Description": "Allied Earth element units have their Attack increased by 15%.",
    "Passive Skill 1": "Killer Thorns",
    "Passive Skill 1 Description": "If this unit would be defeated by an enemy attack or a status effect while having more than 1 HP, it instead survives with 1 HP.\n\nAll non-burning allies gain Sleep Thorns. Triggered at the very start of the battle if this unit is on the battlefield.\n\nIf this unit has Sleep Thorns, this unit cannot be granted Poison, Sleep, or Stuns. Each time this unit takes damage from an attack while it has Sleep Thorns and survives until after the end of the turn, this unit will heal for 50% of its max HP.",
    "skill-name (6)": "Omega Breaker",
    "Passive Skill 2 Description": "This unit has 10% plus 10% per Awakening (up to 50% max if this unit has 4 Awakenings) bonus to attacks against units that are poisoned or sleeping.\n\nIf this unit damages at least one enemy that is poisoned or sleeping with an attack, this unit will get another turn and heal for 50% of its max HP. Damaged targets cannot trigger this effect again until TU advances. Effects that influence TU order may interrupt the extra turn (e.g. Stuns targeting the lowest TU target).",
    "skill-name (7)": "HP Up Lv3",
    "Passive Skill 3 Description": "Adds 1200 to this unit's max HP.",
    "Passive Skill 4": "Attack Up Lv3",
    "Passive Skill 4 Description Description": "Adds 300 to this unit's Attack.",
    "Passive Skill 5": "G.sword Resist Lv3",
    "Passive Skill 5 Description": "10% less damage from attacks by units equipped with Greatswords.",
    "Passive Skill 6 Description": "Greataxe Mastery",
    "Passive Skill 6": "Can use weapon skills of Greataxes in addition to their original preferred weapon type."
  },
  {
    "quickview-portrait-image src": "https://evertaletoolbox2.runasp.net/files/images/monsters/small/LuciferRegular02_2.png",
    "Name": "Lucifer",
    "icon36 src": "https://evertaletoolbox2.runasp.net/files/ui/elements/Fire.png",
    "Cost": "34",
    "Attack": "1,149",
    "HP": "8,675",
    "SPD": "666",
    "icon36 src (2)": "https://evertaletoolbox2.runasp.net/files/ui/weapons/Mace.png",
    "Active Skill 1": "Flame Sweep",
    "Active Skill 1 Description": "100% damage to all enemies, 250% damage instead if the user is burning, or to targets that are burning. This attack ignores the Counter Stance Status Effect, the effects of Skin passive skills, and heals the user for 100% of total damage dealt. This is not considered a Burn Blast type skill.",
    "Active Skill 2": "Binding Flames",
    "Active Skill 2 Description": "Burns 1 Enemy, then Stuns them randomly for either 50TU or 200TU if they are Burning. That target is granted a Stun Hex, which will stun all enemies for 100TU at the end of that targets next turn, then be removed. Allies gain 2 Spirit. This skill has no effect if it targets a Water enemy, and is usable only if there is no Stun Hex among enemies. Stun Hexes cannot be purified, and will be removed if the hexed unit is defeated or leaves the battlefield. Any unit that deals damage to or is dealt damage by a unit with burn will also become burned.",
    "Active Skill 3": "Death Blow",
    "Active Skill 3 Description": "750% damage to 1 enemy. The user gains the Mega Healing Burn status effect for 100TU if the user is not burning. This attack ignores effects of non-boss enemies that would prevent the target from being defeated. Usable only if all enemies on the battlefield are burning or if the user is not burning.\n\nA unit with Mega Healing Burn will heal after each turn at 20 times the rate as Healing Burn. This will overwrite other status effects on the user, cannot be overwritten by Burn, Poison or Sleep status effects, and cannot be Purified. Any unit that deals damage to or is dealt damage by a unit with Mega Healing Burn will gain the Burn status effect. A unit with Mega Healing Burn will be granted Healing Burn for 300TU when Mega Healing Burn expires.",
    "Active Skill 4": "Hell's Judgement",
    "Active Skill 4 Description": "500% damage to 2 enemies, and the user will also Endure the next damage that would defeat it with 1HP. Endure effects cannot stack. This attack ignores damage reduction effects.\n\nAt the end of the turn, allies that are either Fire element or have Burn Blast or Burn Drive type active skills will gain the Burn status effect, and all other allies will have Burn removed. Unlocked each time a non-conjured ally on the battlefield is defeated or sacrificed by any source. This skill is locked again after each use or if the user leaves the battlefield.",
    "Title": "Seed of Evil",
    "icon36 src (3)": "https://evertaletoolbox2.runasp.net/files/ui/app/RarityIconSsr01.png",
    "icon10 src": "https://evertaletoolbox2.runasp.net/files/ui/rarity/IconRainbowStar01.png",
    "Leader Skill": "Fire Attack Up",
    "Leader Skill Description": "Allied Fire element units have their Attack increased by 15%.",
    "Passive Skill 1": "Hellish Wildfire",
    "Passive Skill 1 Description": "At the end of each turn, this unit grants a random non-burning, non-water ally on the battlefield the burn status effect. Then a random burning ally will heal for 30% of their max HP.\n\nAt the end of each other ally turn, if all ally units are burning, this unit will immediately get the next turn by having its TU reduced to 0, then this effect cannot trigger again until 20TU advances.\n\nAll Fire Allies and Allies with Burn Blast and Burn Drive type active skills are Quickened by 30% when this unit enters the battlefield, or when those allies enter from reinforcements while this unit is on the battlefield. This will overwrite the effects of other Quicken skills on affected units.",
    "skill-name (6)": "Bathe in Flames",
    "Passive Skill 2 Description": "This unit cannot be defeated by damage from Burn status effects. This unit is not affected by stun effects. If this unit is burning, this unit has a 100% chance to ignore attacks that would damage exactly 2 targets. Attacks that target All allies will not be ignored.\n\nWhenever this unit enters the battlefield, whether at the start of battle or from reinforcements, it will gain Endure. Each time this unit takes damage from an attack while burning and survives until after the end of the turn, this unit will heal for 30% of its max HP.",
    "skill-name (7)": "Attack Up Lv3",
    "Passive Skill 3 Description": "Adds 300 to this unit's Attack.",
    "Passive Skill 4": "HP Up Lv3",
    "Passive Skill 4 Description Description": "Adds 1200 to this unit's max HP.",
    "Passive Skill 5": "Fire Resist Lv3",
    "Passive Skill 5 Description": "10% less damage from attacks by Fire units.",
    "Passive Skill 6 Description": "Sword Mastery",
    "Passive Skill 6": "Can use weapon skills of Swords in addition to their original preferred weapon type."
  },
  {
    "quickview-portrait-image src": "https://evertaletoolbox2.runasp.net/files/images/monsters/small/RoundTableKnightDark02_2.png",
    "Name": "Dark Lancelot",
    "icon36 src": "https://evertaletoolbox2.runasp.net/files/ui/elements/Dark.png",
    "Cost": "34",
    "Attack": "1,077",
    "HP": "9,035",
    "SPD": "402",
    "icon36 src (2)": "https://evertaletoolbox2.runasp.net/files/ui/weapons/Hammer.png",
    "Active Skill 1": "Toxic Shot",
    "Active Skill 1 Description": "50% damage to 1 enemy. 500% damage instead if the user's HP is at 75%+. Grants the target the Super Poison status effect. This attack ignores the Counter Stance Status Effect, the effects of Skin passive skills, and steals up to 3 Spirit from enemies.\n\nSuper Poison will overwrite other status effects on those enemies. Super Poison deals 4 times the damage of normal poison, and cannot be overwritten by normal poison.",
    "Active Skill 2": "Time Desecrator",
    "Active Skill 2 Description": "100% damage to 1 enemy. If the target has 50+ TU, deals 400% damage instead and grants the Mega Poison status effect for 200TU. 600% damage instead with Mega Poison if the target has 100+ TU. This attack ignores enemy damage reduction effects. The user is granted Poison and Burn wards.\n\nEach Ward prevents their named effect from being applied once, then is removed. Identical Wards cannot stack. Mega Poison will overwrite other status effects on that enemy. Mega Poison deals 20 times the damage of normal Poison and cannot be overwritten by normal Poison or Super Poison.",
    "Active Skill 3": "Unleash Hell",
    "Active Skill 3 Description": "300% damage to all enemies. This attack ignores the Counter Stance Status Effect and the effects of Skin passive skills. 450% damage if the user has defeated 1 unit with an attack while on the battlefield, 600% if the user has defeated 2+ units. Grants all Mega Poisoned enemies Lethal Poison for 999TU. Then, grants all Super Poisoned enemies Mega Poison for 200TU. Then grants Super Poison to all other enemies that were hit.\n\nLethal Poison will overwrite other status effects, cannot be overwritten by status effects other than Burn or Stealth, and cannot be Purified. Lethal Poison deals 2 times the damage of normal Poison and ignores passive skills or effects of active skills that would prevent the target from being defeated, other than those which specifically prevent defeat from Poison or non-attack damage. Lethal Poison cannot apply to Burning units or Boss units.",
    "Active Skill 4": "Toxic Shock",
    "Active Skill 4 Description": "Stuns 2 enemies for 100TU and grants them the Mega Poison status effect for 200TU. This skill can be redirected by enemy Stun Absorbers. This skill becomes locked for 50TU after use.",
    "Title": "Black-Hearted Gunslinger",
    "icon36 src (3)": "https://evertaletoolbox2.runasp.net/files/ui/app/RarityIconSsr01.png",
    "icon10 src": "https://evertaletoolbox2.runasp.net/files/ui/rarity/IconRainbowStar01.png",
    "Leader Skill": "Dark Attack Up",
    "Leader Skill Description": "Allied Dark element units have their Attack increased by 15%.",
    "Passive Skill 1": "Steady Aim",
    "Passive Skill 1 Description": "This unit cannot fall asleep if there are any Water enemies on the battlefield. Each time a poisoned enemy gets the turn, this unit heals for 20% of its max HP.\n\nIf this unit would be defeated by an enemy attack or a status effect while having more than 1 HP, it instead survives with 1 HP.\n\nIf this unit damages at least one enemy with 100+TU with an attack, this unit will get another turn. Damaged targets cannot trigger this effect again until TU advances. Effects that influence TU order may interrupt the extra turn (e.g. Stuns targeting the lowest TU target).",
    "skill-name (6)": "Unholy Counter",
    "Passive Skill 2 Description": "When this unit gets a turn, it heals 50% of its max HP.\n\nThe first time this unit takes damage from an attack and survives until after the end of the turn while on the battlefield, this unit will enter Unholy Trance for 30TU plus 30TU per Awakening (up to 150TU if this unit has 4 Awakenings). While in Unholy Trance, this unit cannot be defeated by damage, and cannot be Stunned.\n\nWhen this unit takes damage from an attack, they will immediately get the next turn, this cannot trigger again until TU advances. Enemy units that deal damage to this unit get stunned for 100TU and Super Poisoned. These are Skin effects. This unit cannot become a Guardian or Stun Absorber.",
    "skill-name (7)": "HP Up Lv3",
    "Passive Skill 3 Description": "Adds 1200 to this unit's max HP.",
    "Passive Skill 4": "Attack Up Lv3",
    "Passive Skill 4 Description Description": "Adds 300 to this unit's Attack.",
    "Passive Skill 5": "Stun Resist Lv3",
    "Passive Skill 5 Description": "Reduces the amount of any stun effects against this unit by 20TU.",
    "Passive Skill 6 Description": "Spear Mastery",
    "Passive Skill 6": "Can use weapon skills of Spears in addition to their original preferred weapon type."
  },
  {
    "quickview-portrait-image src": "https://evertaletoolbox2.runasp.net/files/images/monsters/small/ExcaliburMinion01_2.png",
    "Name": "Super Kuromori",
    "icon36h32 src": "https://evertaletoolbox2.runasp.net/files/ui/app/RarityIconN01.png",
    "icon36 src": "https://evertaletoolbox2.runasp.net/files/ui/elements/Dark.png",
    "Cost": "0",
    "Attack": "208",
    "HP": "1,099",
    "SPD": "84",
    "icon36 src (2)": "https://evertaletoolbox2.runasp.net/files/ui/weapons/Sword.png",
    "Active Skill 1": "Poison",
    "Active Skill 1 Description": "Grants the Poison status effect to 1 enemy. Allies gain 1 Spirit. This will overwrite other status effects on that unit.",
    "Active Skill 2": "Fall Back",
    "Active Skill 2 Description": "Sends user away from the battlefield to the very end of allied reinforcements. Usable once per battle, and only if there are 1 or more allied reinforcements left.",
    "Active Skill 3": "Auto Guard+",
    "Active Skill 3 Description": "This unit is a Guardian. For any enemy attack that would hit 1 or 2 other allies, this unit has a 100% chance to redirect 1 hit to itself instead. This unit will not redirect skills that don't deal damage.",
    "Active Skill 4": "Ephemeral",
    "Active Skill 4 Description": "This unit is never considered to be defeated by attacks and does not trigger any skills of other units whenever it is defeated or sacrificed by any source while on the battlefield.\n\nThis unit will be fully healed after each turn if it takes damage but is not defeated. This unit will be defeated after any ally or enemy turn if this unit has any of the Burn, Super Poison, or Mega Poison status effects.\n\nDamage dealt to this unit is increased to 2.5 times the normal amount."
  },
  {
    "quickview-portrait-image src": "https://evertaletoolbox2.runasp.net/files/images/monsters/small/ExcaliburRegular02_2.png",
    "Name": "Excalibur",
    "icon36 src": "https://evertaletoolbox2.runasp.net/files/ui/elements/Dark.png",
    "Cost": "34",
    "Attack": "1,277",
    "HP": "8,035",
    "SPD": "416",
    "icon36 src (2)": "https://evertaletoolbox2.runasp.net/files/ui/weapons/GreatSword.png",
    "Active Skill 1": "Mori Sweep",
    "Active Skill 1 Description": "Damage to all enemies. Adds 3 Super Kuromoris to the very end of the allied reinforcements, and the user's Attack is increased to 1.5x until the end of its next turn. This will overwrite the effects of other Enrage skills on the user.",
    "Active Skill 2": "Sacred Blade",
    "Active Skill 2 Description": "500% damage to 2 enemies, and adds 1 Super Kuromori to the very front of the allied reinforcements. This attack ignores enemy damage reduction effects. Usable only if there is an ally Mori on the battlefield or a Mori in the very back of allied reinforcements.",
    "Active Skill 3": "Sword Storm",
    "Active Skill 3 Description": "600% damage to 1 enemy, and adds 1 Super Kuromori to the very front of the allied reinforcements. This attack ignores any effects of non-boss enemies that would prevent the target from being defeated. Unlocked each time an enemy on the battlefield is defeated or sacrificed by any source. This skill is locked again after each use unless it defeats an enemy. This skill is also locked again if the user leaves the battlefield.",
    "Active Skill 4": "Redemption Pulse",
    "Active Skill 4 Description": "Grants all enemies the Mega Poison status effect for 200TU, and Purifies (removes negative status effects like Sleep, Burn or Poison) all allies. Unlocked each time a Mori ally on the battlefield is defeated or sacrificed by any source, even if the Mori was Ephemeral. This skill is locked again after each use or if the user leaves the battlefield.\n\nMega Poison will overwrite other status effects on those enemies. Mega Poison deals 20 times the damage of normal Poison and cannot be overwritten by normal Poison or Super Poison.",
    "Title": "Legendary Sacred Blade",
    "icon36 src (3)": "https://evertaletoolbox2.runasp.net/files/ui/app/RarityIconSsr01.png",
    "icon10 src": "https://evertaletoolbox2.runasp.net/files/ui/rarity/IconRainbowStar01.png",
    "Leader Skill": "Dark ATK & HP Up",
    "Leader Skill Description": "Allied Dark element units have their Attack increased by 10% and max HP increased by 7%.",
    "Passive Skill 1": "Awakened Blade",
    "Passive Skill 1 Description": "If this unit would be defeated by an enemy attack or a status effect while having more than 1 HP, it instead survives with 1 HP.\n\nThis unit heals for 10% of max HP, each time an ally hits an enemy with an attack.\n\nWhenever an ally Mori enters the battlefield from reinforcements, this unit heals 10% of max HP.\n\nWhenever a non-sleeping ally gets the turn, this unit will gain Stealth and a Stealth Shield at the end of that turn. Stealth will overwrite other Status effects on the user. Stealth Shields prevent the next other status effect a unit would gain while Stealthed from applying. Stealthed units ignore the next enemy attack that would damage more than 1 target. Any damage will remove stealth.",
    "skill-name (6)": "Sword and Shields",
    "Passive Skill 2 Description": "Adds 2 Super Kuromoris to the very front and 2 to the very end of ally reinforcements. Triggered both at the very start of the battle if this unit is on the battlefield, and when this unit enters the battlefield from reinforcements.\n\nThis unit has 50% damage reduction from attacks, and its attack is increased to 1.25x if there is an ally Mori on the battlefield or at the very end of allied reinforcements. If there is an ally Mori on the battlefield and one at the very end of allied reinforcements, this unit has 75% damage reduction from attacks, and its attack is increased to 1.5x instead. These Attack increases do not stack with Enrage effects.\n\nIf this unit is below 50% of max HP at the end of a turn, and there is a Mori at the very end of allied reinforcements, that Mori will be sacrificed and all allies will be Purified, healed for 30% of max HP and become Enraged. This will overwrite other status effects and the effects of other Enrage skills on those units. Enraged units have their Attack increased to 1.5x until the end of their next turn.",
    "skill-name (7)": "Attack Up Lv3",
    "Passive Skill 3 Description": "Adds 300 to this unit's Attack.",
    "Passive Skill 4": "HP Up Lv3",
    "Passive Skill 4 Description Description": "Adds 1200 to this unit's max HP.",
    "Passive Skill 5": "Light Resist Lv3",
    "Passive Skill 5 Description": "10% less damage from attacks by Light units.",
    "Passive Skill 6 Description": "Greataxe Mastery",
    "Passive Skill 6": "Can use weapon skills of Greataxes in addition to their original preferred weapon type."
  },
  {
    "quickview-portrait-image src": "https://evertaletoolbox2.runasp.net/files/images/monsters/small/TristanRegular02_2.png",
    "Name": "Tristan",
    "icon36 src": "https://evertaletoolbox2.runasp.net/files/ui/elements/Water.png",
    "Cost": "34",
    "Attack": "985",
    "HP": "9,495",
    "SPD": "359",
    "icon36 src (2)": "https://evertaletoolbox2.runasp.net/files/ui/weapons/GreatAxe.png",
    "Active Skill 1": "First Blood",
    "Active Skill 1 Description": "200% damage to 1 enemy. 500% damage instead if the user has not yet defeated an enemy with an attack while on the battlefield. Heals the user for 30% of max HP. If an enemy is sleeping, grants the target the Sleep status effect for 200TU, even if they have already slept while on the battlefield. This attack ignores enemy damage reduction effects and does not wake up sleeping enemies.",
    "Active Skill 2": "Disabling Pulse",
    "Active Skill 2 Description": "Grants 1 enemy the Sleep status effect for 200TU, even if they have already slept while on the battlefield. This will overwrite other status effects on that unit.\n\nThen if that target is not asleep (e.g. due to a Sleep Ward), exchanges them with an Imposter. The exchanged enemy will be sent to a random place in line of enemy reinforcements. This exchange will fail if the target is Immovable or if there are less than 4 enemies on the battlefield (no imposter will be added). This skill becomes locked after use until the user uses another active skill.",
    "Active Skill 3": "Royal Fortissimo",
    "Active Skill 3 Description": "600% damage to 2 enemies if they are sleeping, this damage will not wake up sleeping enemies. This attack ignores damage reduction effects. The user recovers HP to 100% of its own max if damage is dealt to a sleeping target. If damage is dealt to 2 sleeping targets, the user will immediately get the next turn by having its TU reduced to 0, and this skill will become locked until the user damages an enemy with another attack.",
    "Active Skill 4": "Royal Grandioso",
    "Active Skill 4 Description": "600% damage to 1 enemy. This attack ignores any effects of non-boss enemies that would prevent the target from being defeated. Damage from this attack does not wake up sleeping enemies. This skill is usable if all enemies are sleeping or if the user has survived 200TU on the battlefield. This skill becomes locked for 75TU after use.",
    "Title": "Troubadour of the Round Table",
    "icon36 src (3)": "https://evertaletoolbox2.runasp.net/files/ui/app/RarityIconSsr01.png",
    "icon10 src": "https://evertaletoolbox2.runasp.net/files/ui/rarity/IconRainbowStar01.png",
    "Leader Skill": "Water Attack Up",
    "Leader Skill Description": "Allied Water element units have their Attack increased by 15%.",
    "Passive Skill 1": "Symphony of Vigor",
    "Passive Skill 1 Description": "This unit cannot be defeated by damage from Poison or Burn status effects. If this unit would be defeated by an enemy attack or a status effect while having more than 1 HP, it instead survives with 1 HP. While this unit has 50% or more of max HP, it has 65% damage reduction from attacks.\n\nEach time a sleeping enemy gets the turn, all allies heal for 30% of max HP.\n\nEach time this unit takes damage from an attack and survives until after the end of the turn with more than 1 HP, this unit becomes Enraged, and will Endure the next damage that would defeat it with 1 HP, Endure effects cannot stack. This will overwrite the effects of other Enrage skills on this unit. Enraged units have their Attack increased to 1.5x until the end of their next turn.",
    "skill-name (6)": "Deadly Tempo",
    "Passive Skill 2 Description": "When this unit is defeated by an enemy, 1 random non-sleeping enemy is granted the Sleep status effect for 200TU, even if they have already slept while on the battlefield. This effect triggers again for each time this unit has defeated an enemy with an attack while on the battlefield (max of 4 triggers total). Then if all enemies are asleep, all allies on the battlefield will immediately get the turns by having their TU reduced.\n\nThis unit has a 20% chance, plus 20% chance per Awakening (up to 100% chance if this unit has 4 Awakenings) to immediately have its TU reduced to 0 after the first enemy turn while this unit is on the battlefield. If this successfully triggers, the enemy unit that had the turn is also granted the Sleep status effect for 200TU, even if they have already slept while on the battlefield.\n\nWhen this unit defeats 1 or more enemy units with an attack:\n- All allies are healed for 30% of max HP.\n- If no enemies are sleeping, 1 random enemy is granted the Sleep status effect for 200TU, even if they have already slept while on the battlefield.",
    "skill-name (7)": "HP Up Lv3",
    "Passive Skill 3 Description": "Adds 1200 to this unit's max HP.",
    "Passive Skill 4": "Attack Up Lv3",
    "Passive Skill 4 Description Description": "Adds 300 to this unit's Attack.",
    "Passive Skill 5": "Spear Resist Lv3",
    "Passive Skill 5 Description": "10% less damage from attacks by units equipped with Spears.",
    "Passive Skill 6 Description": "Spear Mastery",
    "Passive Skill 6": "Can use weapon skills of Spears in addition to their original preferred weapon type."
  }
]