[
  {
    "quickview-portrait-image src": "https://evertaletoolbox2.runasp.net/files/images/monsters/small/MonsterBoy02_2.png",
    "Name": "Jayle",
    "Title": "Horned God of Festivity",
    "icon36 src (2)": "https://evertaletoolbox2.runasp.net/files/ui/elements/Storm.png",
    "Attack": "902",
    "HP": "4,287",
    "SPD": "293",
    "icon36 src (3)": "https://evertaletoolbox2.runasp.net/files/ui/weapons/Hammer.png",
    "Leader Skill": "Storm ATK & HP Up",
    "Leader Skill Description": "Allied Storm element units have their Attack increased by 7% and max HP increased by 5%.",
    "Active Skill 1": "Attack",
    "Active Skill 1 Description": "Damage to 1 enemy and allies gain 2 Spirit.",
    "Active Skill 3": "Stealth Fury",
    "Active Skill 3 Description": "400% damage to 1 enemy. Usable if the user has the Stealth status effect. This attack ignores any enemy status effects, damage reduction effects, revenge passive skills, and skin passive skills.",
    "Active Skill 4": "Gain Stealth",
    "Active Skill 4 Description": "Grants the Stealth status effect to the user. This will overwrite other status effects on that unit. Stealthed units ignore the next enemy attack that would damage more than 1 target. Any damage will remove stealth.",
    "Passive Skill 1": "Spirit+ Revenge",
    "Passive Skill 1 Description": "Whenever this unit is defeated by an enemy, allies gain 3 Spirit.",
    "Passive Skill 2": "Spear Hunter Lv2",
    "Passive Skill 2 Description": "7% bonus to attacks against units equipped with Spears.",
    "Passive Skill 3": "HP Up Lv2",
    "Passive Skill 3 Description": "Adds 800 to this unit's max HP.",
    "Passive Skill 4": "Attack Up Lv2",
    "Passive Skill 4 Description Description": "Adds 200 to this unit's Attack.",
    "Passive Skill 5": "Spear Mastery",
    "Passive Skill 5 Description": "Can use weapon skills of Spears in addition to their original preferred weapon type."
  },
  {
    "quickview-portrait-image src": "https://evertaletoolbox2.runasp.net/files/images/monsters/small/MaskPurpleWitch02_2.png",
    "Name": "Viola",
    "Title": "Traveler of Mysterious Fortune",
    "icon36 src (2)": "https://evertaletoolbox2.runasp.net/files/ui/elements/Dark.png",
    "Attack": "895",
    "HP": "4,322",
    "SPD": "188",
    "icon36 src (3)": "https://evertaletoolbox2.runasp.net/files/ui/weapons/Staff.png",
    "Leader Skill": "Dark HP Up",
    "Leader Skill Description": "Allied Dark element units have their max HP increased by 7%.",
    "Active Skill 1": "Poison",
    "Active Skill 1 Description": "Grants the Poison status effect to 1 enemy. Allies gain 1 Spirit. This will overwrite other status effects on that unit.",
    "Active Skill 3": "Poison Devour",
    "Active Skill 3 Description": "400% damage to 1 enemy if they are poisoned.",
    "Active Skill 4": "Push Back",
    "Active Skill 4 Description": "Pushes 1 enemy away from the battlefield to be next in line of the enemy reinforcements. This skill can only be used if there are 1 or more enemy reinforcements left.",
    "Passive Skill 1": "Minion Revenge",
    "Passive Skill 1 Description": "When this unit is defeated by an enemy, add 1 Kuromori to the very end of the allied reinforcements.",
    "Passive Skill 2": "Stun Resist Lv2",
    "Passive Skill 2 Description": "Reduces the amount of any stun effects against this unit by 15TU.",
    "Passive Skill 3": "HP Up Lv2",
    "Passive Skill 3 Description": "Adds 800 to this unit's max HP.",
    "Passive Skill 4": "Attack Up Lv2",
    "Passive Skill 4 Description Description": "Adds 200 to this unit's Attack.",
    "Passive Skill 5": "Axe Mastery",
    "Passive Skill 5 Description": "Can use weapon skills of Axes in addition to their original preferred weapon type."
  },
  {
    "quickview-portrait-image src": "https://evertaletoolbox2.runasp.net/files/images/monsters/small/FrogSorceror02_2.png",
    "Name": "Jin",
    "Title": "Bikki Wanderer",
    "icon36 src (2)": "https://evertaletoolbox2.runasp.net/files/ui/elements/Water.png",
    "Attack": "745",
    "HP": "5,070",
    "SPD": "81",
    "icon36 src (3)": "https://evertaletoolbox2.runasp.net/files/ui/weapons/Staff.png",
    "Leader Skill": "Water HP Up",
    "Leader Skill Description": "Allied Water element units have their max HP increased by 7%.",
    "Active Skill 1": "Attack",
    "Active Skill 1 Description": "Damage to 1 enemy and allies gain 2 Spirit.",
    "Active Skill 3": "Dream Hunter",
    "Active Skill 3 Description": "600% damage to 1 enemy if they are sleeping. Allies gain 4 Spirit if the target is asleep.",
    "Active Skill 4": "Sleep",
    "Active Skill 4 Description": "Grants 1 enemy the Sleep status effect for 200TU. This will overwrite other status effects on that unit. Sleep cannot be applied to a unit that Has Slept while on the battlefield.",
    "Passive Skill 1": "Spirit+ Revenge",
    "Passive Skill 1 Description": "Whenever this unit is defeated by an enemy, allies gain 3 Spirit.",
    "Passive Skill 2": "Katana Hunter Lv2",
    "Passive Skill 2 Description": "7% bonus to attacks against units equipped with Katanas.",
    "Passive Skill 3": "HP Up Lv2",
    "Passive Skill 3 Description": "Adds 800 to this unit's max HP.",
    "Passive Skill 4": "Attack Up Lv2",
    "Passive Skill 4 Description Description": "Adds 200 to this unit's Attack.",
    "Passive Skill 5": "Mace Mastery",
    "Passive Skill 5 Description": "Can use weapon skills of Maces in addition to their original preferred weapon type."
  },
  {
    "quickview-portrait-image src": "https://evertaletoolbox2.runasp.net/files/images/monsters/small/AztecWarrior02_2.png",
    "Name": "Zamal",
    "Title": "Warrior of the Eagle",
    "icon36 src (2)": "https://evertaletoolbox2.runasp.net/files/ui/elements/Fire.png",
    "Attack": "897",
    "HP": "4,310",
    "SPD": "295",
    "icon36 src (3)": "https://evertaletoolbox2.runasp.net/files/ui/weapons/Sword.png",
    "Leader Skill": "Fire ATK & HP Up",
    "Leader Skill Description": "Allied Fire element units have their Attack increased by 7% and max HP increased by 5%.",
    "Active Skill 1": "Attack",
    "Active Skill 1 Description": "Damage to 1 enemy and allies gain 2 Spirit.",
    "Active Skill 3": "Ignition",
    "Active Skill 3 Description": "The user gains the Burn status effect. This will overwrite other status effects on that unit. Any unit that deals damage to or is dealt damage by a unit with burn will also become burned.",
    "Active Skill 4": "Burn Blast",
    "Active Skill 4 Description": "300% damage to 1 enemy. Usable if the user has the Burn status effect.",
    "Passive Skill 1": "Burning Focus",
    "Passive Skill 1 Description": "This unit is not affected by stun effects while they have the Burn status effect.",
    "Passive Skill 2": "Hammer Hunter Lv2",
    "Passive Skill 2 Description": "7% bonus to attacks against units equipped with Hammers.",
    "Passive Skill 3": "HP Up Lv2",
    "Passive Skill 3 Description": "Adds 800 to this unit's max HP.",
    "Passive Skill 4": "Attack Up Lv2",
    "Passive Skill 4 Description Description": "Adds 200 to this unit's Attack.",
    "Passive Skill 5": "Mace Mastery",
    "Passive Skill 5 Description": "Can use weapon skills of Maces in addition to their original preferred weapon type."
  },
  {
    "quickview-portrait-image src": "https://evertaletoolbox2.runasp.net/files/images/monsters/small/MistDragon02_2.png",
    "Name": "Zeregia",
    "Title": "Szi Beast of Reckoning",
    "icon36 src (2)": "https://evertaletoolbox2.runasp.net/files/ui/elements/Water.png",
    "Attack": "896",
    "HP": "4,316",
    "SPD": "212",
    "icon36 src (3)": "https://evertaletoolbox2.runasp.net/files/ui/weapons/Spear.png",
    "Leader Skill": "Water Attack Up",
    "Leader Skill Description": "Allied Water element units have their Attack increased by 10%.",
    "Active Skill 1": "Attack",
    "Active Skill 1 Description": "Damage to 1 enemy and allies gain 2 Spirit.",
    "Active Skill 3": "Over Drive",
    "Active Skill 3 Description": "500% damage to 1 enemy. Usable only if the user's party has 7 or more Spirit.",
    "Active Skill 4": "Pain Spirit",
    "Active Skill 4 Description": "Reduces the user's current HP by 30% of max and allies are granted 3 Spirit.",
    "Passive Skill 1": "Sleep Revenge",
    "Passive Skill 1 Description": "Whenever this unit is defeated by an enemy, that enemy gains the Sleep status effect for 200TU. This will overwrite other status effects on that unit. Sleep cannot be applied to a unit that Has Slept while on the battlefield.",
    "Passive Skill 2": "Stun Resist Lv2",
    "Passive Skill 2 Description": "Reduces the amount of any stun effects against this unit by 15TU.",
    "Passive Skill 3": "HP Up Lv2",
    "Passive Skill 3 Description": "Adds 800 to this unit's max HP.",
    "Passive Skill 4": "Attack Up Lv2",
    "Passive Skill 4 Description Description": "Adds 200 to this unit's Attack.",
    "Passive Skill 5": "Hammer Mastery",
    "Passive Skill 5 Description": "Can use weapon skills of Hammers in addition to their original preferred weapon type."
  },
  {
    "quickview-portrait-image src": "https://evertaletoolbox2.runasp.net/files/images/monsters/small/GoldAngel02_2.png",
    "Name": "En Soldier",
    "Title": "Principality Commander",
    "icon36 src (2)": "https://evertaletoolbox2.runasp.net/files/ui/elements/Light.png",
    "Attack": "795",
    "HP": "4,818",
    "SPD": "88",
    "icon36 src (3)": "https://evertaletoolbox2.runasp.net/files/ui/weapons/Hammer.png",
    "Leader Skill": "Light ATK & HP Up",
    "Leader Skill Description": "Allied Light element units have their Attack increased by 7% and max HP increased by 5%.",
    "Active Skill 1": "Attack",
    "Active Skill 1 Description": "Damage to 1 enemy and allies gain 2 Spirit.",
    "Active Skill 3": "Stun Spark",
    "Active Skill 3 Description": "Stuns 2 enemies for 50TU.",
    "Active Skill 4": "Survivor's Fury",
    "Active Skill 4 Description": "500% damage to 1 enemy. Locked for 300TU after the user has entered the battlefield.",
    "Passive Skill 1": "Hold Ground",
    "Passive Skill 1 Description": "If this unit would be defeated by an enemy attack or a status effect while having more than 1 HP, it instead survives with 1 HP.",
    "Passive Skill 2": "Attack Up Lv2",
    "Passive Skill 2 Description": "Adds 200 to this unit's Attack.",
    "Passive Skill 3": "Katana Resist Lv2",
    "Passive Skill 3 Description": "7% less damage from attacks by units equipped with Katanas.",
    "Passive Skill 4": "HP Up Lv2",
    "Passive Skill 4 Description Description": "Adds 800 to this unit's max HP.",
    "Passive Skill 5": "Spear Mastery",
    "Passive Skill 5 Description": "Can use weapon skills of Spears in addition to their original preferred weapon type."
  },
  {
    "quickview-portrait-image src": "https://evertaletoolbox2.runasp.net/files/images/monsters/small/ElfMusician02_2.png",
    "Name": "Velle",
    "Title": "Elven Bard",
    "icon36 src (2)": "https://evertaletoolbox2.runasp.net/files/ui/elements/Light.png",
    "Attack": "760",
    "HP": "4,994",
    "SPD": "30",
    "icon36 src (3)": "https://evertaletoolbox2.runasp.net/files/ui/weapons/Staff.png",
    "Leader Skill": "Light HP Up",
    "Leader Skill Description": "Allied Light element units have their max HP increased by 7%.",
    "Active Skill 1": "Attack",
    "Active Skill 1 Description": "Damage to 1 enemy and allies gain 2 Spirit.",
    "Active Skill 3": "Pain Heal",
    "Active Skill 3 Description": "Heals 1 ally for HP equal to 400% of the user's Attack, then reduces the user's current HP by 40% of max.",
    "Active Skill 4": "Purify",
    "Active Skill 4 Description": "Removes negative status effects like sleep, burn or poison from 2 allies.",
    "Passive Skill 1": "Sleep Revenge",
    "Passive Skill 1 Description": "Whenever this unit is defeated by an enemy, that enemy gains the Sleep status effect for 200TU. This will overwrite other status effects on that unit. Sleep cannot be applied to a unit that Has Slept while on the battlefield.",
    "Passive Skill 2": "Attack Up Lv2",
    "Passive Skill 2 Description": "Adds 200 to this unit's Attack.",
    "Passive Skill 3": "Katana Resist Lv2",
    "Passive Skill 3 Description": "7% less damage from attacks by units equipped with Katanas.",
    "Passive Skill 4": "HP Up Lv2",
    "Passive Skill 4 Description Description": "Adds 800 to this unit's max HP.",
    "Passive Skill 5": "Mace Mastery",
    "Passive Skill 5 Description": "Can use weapon skills of Maces in addition to their original preferred weapon type."
  },
  {
    "quickview-portrait-image src": "https://evertaletoolbox2.runasp.net/files/images/monsters/small/EarthMercenary02_2.png",
    "Name": "Tobias",
    "Title": "Fist of the Earth",
    "icon36 src (2)": "https://evertaletoolbox2.runasp.net/files/ui/elements/Earth.png",
    "Attack": "780",
    "HP": "4,894",
    "SPD": "40",
    "icon36 src (3)": "https://evertaletoolbox2.runasp.net/files/ui/weapons/GreatSword.png",
    "Leader Skill": "Earth HP Up",
    "Leader Skill Description": "Allied Earth element units have their max HP increased by 7%.",
    "Active Skill 1": "Attack Two",
    "Active Skill 1 Description": "Damage to 2 enemies and allies gain 1 Spirit.",
    "Active Skill 3": "Pull Back",
    "Active Skill 3 Description": "Pulls 1 ally away from the battlefield to be next in line of your reinforcements. Usable once per battle, and only if there are 1 or more allied reinforcements left.",
    "Active Skill 4": "Give Turn",
    "Active Skill 4 Description": "Immediately give 1 other ally the next turn by reducing their current TU to 0. Active skills that grant turns cannot be used on turns given by this skill.",
    "Passive Skill 1": "Stun Absorb",
    "Passive Skill 1 Description": "Whenever any ally would be affected by stun, this unit takes the stun instead.",
    "Passive Skill 2": "Auto Guard",
    "Passive Skill 2 Description": "This unit is a Guardian. For any enemy attack that would hit 1 or 2 other allies, this unit has a 60% chance to redirect 1 hit to itself instead. This unit will not redirect skills that don't deal damage.",
    "Passive Skill 3": "Attack Up Lv2",
    "Passive Skill 3 Description": "Adds 200 to this unit's Attack.",
    "Passive Skill 4": "Storm Resist Lv2",
    "Passive Skill 4 Description Description": "7% less damage from attacks by Storm units.",
    "Passive Skill 5": "HP Up Lv2",
    "Passive Skill 5 Description": "Adds 800 to this unit's max HP."
  },
  {
    "quickview-portrait-image src": "https://evertaletoolbox2.runasp.net/files/images/monsters/small/CatEaredFighter02_2.png",
    "Name": "Shanna",
    "Title": "Cat-Eared Mercenary",
    "icon36 src (2)": "https://evertaletoolbox2.runasp.net/files/ui/elements/Storm.png",
    "Attack": "793",
    "HP": "4,830",
    "SPD": "380",
    "icon36 src (3)": "https://evertaletoolbox2.runasp.net/files/ui/weapons/Hammer.png",
    "Leader Skill": "Storm HP Up",
    "Leader Skill Description": "Allied Storm element units have their max HP increased by 7%.",
    "Active Skill 1": "Attack",
    "Active Skill 1 Description": "Damage to 1 enemy and allies gain 2 Spirit.",
    "Active Skill 3": "Survivor's Fury",
    "Active Skill 3 Description": "500% damage to 2 enemies. Locked for 300TU after the user has entered the battlefield.",
    "Active Skill 4": "Life Flip",
    "Active Skill 4 Description": "Exchanges the user's current HP with the amount of HP they have currently lost. Usable once per battle.",
    "Passive Skill 1": "Hold Ground",
    "Passive Skill 1 Description": "If this unit would be defeated by an enemy attack or a status effect while having more than 1 HP, it instead survives with 1 HP.",
    "Passive Skill 2": "Water Resist Lv2",
    "Passive Skill 2 Description": "7% less damage from attacks by Water units.",
    "Passive Skill 3": "HP Up Lv2",
    "Passive Skill 3 Description": "Adds 800 to this unit's max HP.",
    "Passive Skill 4": "Attack Up Lv2",
    "Passive Skill 4 Description Description": "Adds 200 to this unit's Attack.",
    "Passive Skill 5": "Greatsword Mastery",
    "Passive Skill 5 Description": "Can use weapon skills of Greatswords in addition to their original preferred weapon type."
  },
  {
    "quickview-portrait-image src": "https://evertaletoolbox2.runasp.net/files/images/monsters/small/SmokePipeFrog02_2.png",
    "Name": "Gari",
    "Title": "Bikki Yojimbo",
    "icon36 src (2)": "https://evertaletoolbox2.runasp.net/files/ui/elements/Water.png",
    "Attack": "815",
    "HP": "4,719",
    "SPD": "191",
    "icon36 src (3)": "https://evertaletoolbox2.runasp.net/files/ui/weapons/Katana.png",
    "Leader Skill": "Water ATK & HP Up",
    "Leader Skill Description": "Allied Water element units have their Attack increased by 7% and max HP increased by 5%.",
    "Active Skill 1": "Brash Strike",
    "Active Skill 1 Description": "150% damage to 1 enemy and allies gain 1 Spirit. Reflects 30% of the damage to the user.",
    "Active Skill 3": "Guard Destroyer",
    "Active Skill 3 Description": "500% damage to 1 enemy if they are a Guardian.",
    "Active Skill 4": "Pain Spirit",
    "Active Skill 4 Description": "Reduces the user's current HP by 30% of max and allies are granted 3 Spirit.",
    "Passive Skill 1": "Sleep Revenge",
    "Passive Skill 1 Description": "Whenever this unit is defeated by an enemy, that enemy gains the Sleep status effect for 200TU. This will overwrite other status effects on that unit. Sleep cannot be applied to a unit that Has Slept while on the battlefield.",
    "Passive Skill 2": "Hammer Hunter Lv2",
    "Passive Skill 2 Description": "7% bonus to attacks against units equipped with Hammers.",
    "Passive Skill 3": "HP Up Lv2",
    "Passive Skill 3 Description": "Adds 800 to this unit's max HP.",
    "Passive Skill 4": "Attack Up Lv2",
    "Passive Skill 4 Description Description": "Adds 200 to this unit's Attack.",
    "Passive Skill 5": "Spear Mastery",
    "Passive Skill 5 Description": "Can use weapon skills of Spears in addition to their original preferred weapon type."
  }
]