[
  {
    "quickview-portrait-image src": "https://evertaletoolbox2.runasp.net/files/images/monsters/small/ButterflyLady02_2.png",
    "Name": "Shirra",
    "Title": "Mistress of the Butterflies",
    "icon36 src": "https://evertaletoolbox2.runasp.net/files/ui/app/RarityIconSsr01.png",
    "icon10 src": "https://evertaletoolbox2.runasp.net/files/ui/rarity/IconRainbowStar01.png",
    "icon10 src (6)": "https://evertaletoolbox2.runasp.net/files/ui/rarity/IconRainbowStar01.png",
    "icon36 src (2)": "https://evertaletoolbox2.runasp.net/files/ui/elements/Earth.png",
    "Cost": "34",
    "Attack": "1,249",
    "HP": "7,443",
    "SPD": "401",
    "icon36 src (3)": "https://evertaletoolbox2.runasp.net/files/ui/weapons/Staff.png",
    "Leader Skill": "Earth ATK & HP Up",
    "Leader Skill Description": "Allied Earth element units have their Attack increased by 10% and max HP increased by 7%.",
    "Active Skill 1": "Poison",
    "Active Skill 1 Description": "Grants the Poison status effect to 2 enemies. Allies gain 1 Spirit. This will overwrite other status effects on those units.",
    "Active Skill 2": "Attack All",
    "Active Skill 2 Description": "Damage to all enemies.",
    "Active Skill 3": "Poison Devour",
    "Active Skill 3 Description": "400% damage to 2 enemies if they are poisoned.",
    "Active Skill 4": "Quicken Ally",
    "Active Skill 4 Description": "1 ally's TU costs for all of their skills are reduced by 20%. This will overwrite the effect of previous Quicken skills.",
    "Passive Skill 1": "Spirit- Revenge",
    "Passive Skill 1 Description": "Whenever this unit is defeated by an enemy, the enemy party loses 4 Spirit.",
    "Passive Skill 2": "Mace Hunter Lv3",
    "Passive Skill 2 Description": "10% bonus to attacks against units equipped with Maces.",
    "Passive Skill 3": "HP Up Lv3",
    "Passive Skill 3 Description": "Adds 1200 to this unit's max HP.",
    "Passive Skill 4": "Attack Up Lv3",
    "Passive Skill 4 Description Description": "Adds 300 to this unit's Attack.",
    "Passive Skill 5": "Sword Mastery",
    "Passive Skill 5 Description": "Can use weapon skills of Swords in addition to their original preferred weapon type."
  },
  {
    "quickview-portrait-image src": "https://evertaletoolbox2.runasp.net/files/images/monsters/small/MoonGoddess02_2.png",
    "Name": "Artimeia",
    "Title": "Lady of the White Moon",
    "icon36 src": "https://evertaletoolbox2.runasp.net/files/ui/app/RarityIconSsr01.png",
    "icon10 src": "https://evertaletoolbox2.runasp.net/files/ui/rarity/IconRainbowStar01.png",
    "icon10 src (6)": "https://evertaletoolbox2.runasp.net/files/ui/rarity/IconRainbowStar01.png",
    "icon36 src (2)": "https://evertaletoolbox2.runasp.net/files/ui/elements/Light.png",
    "Cost": "34",
    "Attack": "1,180",
    "HP": "7,788",
    "SPD": "66",
    "icon36 src (3)": "https://evertaletoolbox2.runasp.net/files/ui/weapons/Mace.png",
    "Leader Skill": "Light HP Up",
    "Leader Skill Description": "Allied Light element units have their max HP increased by 10%.",
    "Active Skill 1": "Attack",
    "Active Skill 1 Description": "Damage to 1 enemy and allies gain 2 Spirit.",
    "Active Skill 2": "Purify",
    "Active Skill 2 Description": "Removes negative status effects like sleep, burn or poison from 1 ally.",
    "Active Skill 3": "Over Heal",
    "Active Skill 3 Description": "Heal 2 allies for HP equal to 400% of the user's Attack. Usable only if the user's party has 7 or more Spirit.",
    "Active Skill 4": "Pain Spirit",
    "Active Skill 4 Description": "Reduces the user's current HP by 30% of max and allies are granted 3 Spirit.",
    "Passive Skill 1": "Spirit+ Entry",
    "Passive Skill 1 Description": "Grants allies 3 Spirit. Triggered when this unit enters the battlefield from reinforcements.",
    "Passive Skill 2": "Shocking Entry",
    "Passive Skill 2 Description": "Stuns the enemy with the lowest current TU for 150TU. Triggered when this unit enters the battlefield from reinforcements.",
    "Passive Skill 3": "Attack Up Lv3",
    "Passive Skill 3 Description": "Adds 300 to this unit's Attack.",
    "Passive Skill 4": "Katana Resist Lv3",
    "Passive Skill 4 Description Description": "10% less damage from attacks by units equipped with Katanas.",
    "Passive Skill 5": "HP Up Lv3",
    "Passive Skill 5 Description": "Adds 1200 to this unit's max HP.",
    "Passive Skill 6 Description": "Staff Mastery",
    "Passive Skill 6": "Can use weapon skills of Staffs in addition to their original preferred weapon type."
  },
  {
    "quickview-portrait-image src": "https://evertaletoolbox2.runasp.net/files/images/monsters/small/GreenDragon02_2.png",
    "Name": "Dairyu",
    "Title": "Green Dragon",
    "icon36 src": "https://evertaletoolbox2.runasp.net/files/ui/app/RarityIconSr01.png",
    "icon10 src": "https://evertaletoolbox2.runasp.net/files/ui/rarity/IconBlackStarGold01.png",
    "icon36 src (2)": "https://evertaletoolbox2.runasp.net/files/ui/elements/Light.png",
    "Cost": "28",
    "Attack": "750",
    "HP": "5,046",
    "SPD": "131",
    "icon36 src (3)": "https://evertaletoolbox2.runasp.net/files/ui/weapons/Sword.png",
    "Leader Skill": "Light HP Up",
    "Leader Skill Description": "Allied Light element units have their max HP increased by 7%.",
    "Active Skill 1": "Attack",
    "Active Skill 1 Description": "Damage to 1 enemy and allies gain 2 Spirit.",
    "Active Skill 2": "Stun Pulse",
    "Active Skill 2 Description": "Stuns 1 enemy for 200TU.",
    "Active Skill 3": "Purify",
    "Active Skill 3 Description": "Removes negative status effects like sleep, burn or poison from 1 ally.",
    "Active Skill 4": "Quicken Ally",
    "Active Skill 4 Description": "1 ally's TU costs for all of their skills are reduced by 20%. This will overwrite the effect of previous Quicken skills.",
    "Passive Skill 1": "Auto Guard",
    "Passive Skill 1 Description": "This unit is a Guardian. For any enemy attack that would hit 1 or 2 other allies, this unit has a 60% chance to redirect 1 hit to itself instead. This unit will not redirect skills that don't deal damage.",
    "Passive Skill 2": "Hold Ground",
    "Passive Skill 2 Description": "If this unit would be defeated by an enemy attack or a status effect while having more than 1 HP, it instead survives with 1 HP.",
    "Passive Skill 3": "Attack Up Lv2",
    "Passive Skill 3 Description": "Adds 200 to this unit's Attack.",
    "Passive Skill 4": "Katana Resist Lv2",
    "Passive Skill 4 Description Description": "7% less damage from attacks by units equipped with Katanas.",
    "Passive Skill 5": "HP Up Lv2",
    "Passive Skill 5 Description": "Adds 800 to this unit's max HP.",
    "Passive Skill 6 Description": "Staff Mastery",
    "Passive Skill 6": "Can use weapon skills of Staffs in addition to their original preferred weapon type."
  },
  {
    "quickview-portrait-image src": "https://evertaletoolbox2.runasp.net/files/images/monsters/small/NagiRegular02_2.png",
    "Name": "Nagi",
    "Title": "The Ladies' Knight",
    "icon36 src": "https://evertaletoolbox2.runasp.net/files/ui/app/RarityIconSsr01.png",
    "icon10 src": "https://evertaletoolbox2.runasp.net/files/ui/rarity/IconRainbowStar01.png",
    "icon10 src (6)": "https://evertaletoolbox2.runasp.net/files/ui/rarity/IconRainbowStar01.png",
    "icon36 src (2)": "https://evertaletoolbox2.runasp.net/files/ui/elements/Water.png",
    "Cost": "34",
    "Attack": "1,254",
    "HP": "8,145",
    "SPD": "278",
    "icon36 src (3)": "https://evertaletoolbox2.runasp.net/files/ui/weapons/Katana.png",
    "Leader Skill": "Water ATK & HP Up",
    "Leader Skill Description": "Allied Water element units have their Attack increased by 10% and max HP increased by 7%.",
    "Active Skill 1": "Attack",
    "Active Skill 1 Description": "Damage to 1 enemy and allies gain 2 Spirit.",
    "Active Skill 2": "Dream Hunter",
    "Active Skill 2 Description": "600% damage to 1 enemy if they are sleeping. Allies gain 4 Spirit if the target is asleep.",
    "Active Skill 3": "Over Drive",
    "Active Skill 3 Description": "500% damage to 1 enemy. Usable only if the user's party has 7 or more Spirit.",
    "Active Skill 4": "Frenzy Force",
    "Active Skill 4 Description": "500% damage to 1 enemy. Usable if the user has defeated 2+ units with attacks while on the battlefield.",
    "Passive Skill 1": "Lullaby Entry",
    "Passive Skill 1 Description": "Grants the Sleep status effect to the enemy with the highest TU for 200TU. Triggered if there is at least 1 sleeping enemy when this unit enters the battlefield from reinforcements. Sleep cannot be applied to a unit that Has Slept while on the battlefield.",
    "Passive Skill 2": "Hold Ground",
    "Passive Skill 2 Description": "If this unit would be defeated by an enemy attack or a status effect while having more than 1 HP, it instead survives with 1 HP.",
    "Passive Skill 3": "G.axe Resist Lv3",
    "Passive Skill 3 Description": "10% less damage from attacks by units equipped with Greataxes.",
    "Passive Skill 4": "HP Up Lv3",
    "Passive Skill 4 Description Description": "Adds 1200 to this unit's max HP.",
    "Passive Skill 5": "Attack Up Lv3",
    "Passive Skill 5 Description": "Adds 300 to this unit's Attack.",
    "Passive Skill 6 Description": "Greatsword Mastery",
    "Passive Skill 6": "Can use weapon skills of Greatswords in addition to their original preferred weapon type."
  },
  {
    "quickview-portrait-image src": "https://evertaletoolbox2.runasp.net/files/images/monsters/small/ReiRegular02_2.png",
    "Name": "Rei",
    "Title": "Goddess of Bounty",
    "icon36 src": "https://evertaletoolbox2.runasp.net/files/ui/app/RarityIconSsr01.png",
    "icon10 src": "https://evertaletoolbox2.runasp.net/files/ui/rarity/IconRainbowStar01.png",
    "icon10 src (6)": "https://evertaletoolbox2.runasp.net/files/ui/rarity/IconRainbowStar01.png",
    "icon36 src (2)": "https://evertaletoolbox2.runasp.net/files/ui/elements/Water.png",
    "Cost": "34",
    "Attack": "1,302",
    "HP": "7,176",
    "SPD": "101",
    "icon36 src (3)": "https://evertaletoolbox2.runasp.net/files/ui/weapons/Staff.png",
    "Leader Skill": "Water HP Up",
    "Leader Skill Description": "Allied Water element units have their max HP increased by 10%.",
    "Active Skill 1": "Attack",
    "Active Skill 1 Description": "Damage to 1 enemy and allies gain 2 Spirit.",
    "Active Skill 2": "Sleep",
    "Active Skill 2 Description": "Grants 1 enemy the Sleep status effect for 200TU. This will overwrite other status effects on that unit. Sleep cannot be applied to a unit that Has Slept while on the battlefield.",
    "Active Skill 3": "Dream Hunter",
    "Active Skill 3 Description": "600% damage to 1 enemy if they are sleeping. Allies gain 4 Spirit if the target is asleep.",
    "Active Skill 4": "Step Back",
    "Active Skill 4 Description": "Pulls the user away from the battlefield to be next in line of your reinforcements. Usable once per battle, and only if there are 1 or more allied reinforcements left.",
    "Passive Skill 1": "Dreamy Entry",
    "Passive Skill 1 Description": "Grants the Sleep status effect to the enemy with the lowest TU for 200TU. Triggered when this unit enters the battlefield from reinforcements. Sleep cannot be applied to a unit that Has Slept while on the battlefield.",
    "Passive Skill 2": "Sleep Regeneration",
    "Passive Skill 2 Description": "When there is at least 1 enemy with the Sleep status effect and this unit gets the turn, this unit heals 30% of its max HP.",
    "Passive Skill 3": "Fire Resist Lv3",
    "Passive Skill 3 Description": "10% less damage from attacks by Fire units.",
    "Passive Skill 4": "HP Up Lv3",
    "Passive Skill 4 Description Description": "Adds 1200 to this unit's max HP.",
    "Passive Skill 5": "Attack Up Lv3",
    "Passive Skill 5 Description": "Adds 300 to this unit's Attack.",
    "Passive Skill 6 Description": "Sword Mastery",
    "Passive Skill 6": "Can use weapon skills of Swords in addition to their original preferred weapon type."
  },
  {
    "quickview-portrait-image src": "https://evertaletoolbox2.runasp.net/files/images/monsters/small/AliceRabbit01_2.png",
    "Name": "Tavun Rabbit",
    "icon36 src (2)": "https://evertaletoolbox2.runasp.net/files/ui/elements/Light.png",
    "Cost": "0",
    "Attack": "193",
    "HP": "1,168",
    "SPD": "46",
    "icon36 src (3)": "https://evertaletoolbox2.runasp.net/files/ui/weapons/Staff.png",
    "Active Skill 1": "Attack",
    "Active Skill 1 Description": "Damage to 1 enemy and allies gain 1 Spirit.",
    "Active Skill 2": "Sleep",
    "Active Skill 2 Description": "Grants 1 enemy the Sleep status effect for 200TU. This will overwrite other status effects on that unit. Sleep cannot be applied to a unit that Has Slept while on the battlefield.",
    "Active Skill 3": "Sleep Bomb",
    "Active Skill 3 Description": "Sacrifices the user to grant 1 enemy the Sleep status effect for 200TU. Locked for 100TU after user enters the battlefield. This will overwrite other status effects on that unit. Sleep cannot be applied to a unit that Has Slept while on the battlefield.",
    "Active Skill 4": "Clock Revenge",
    "Active Skill 4 Description": "Whenever this unit is defeated by an enemy, the ally with the highest current TU will have it reduced by 100TU."
  },
  {
    "quickview-portrait-image src": "https://evertaletoolbox2.runasp.net/files/images/monsters/small/Alice02_2.png",
    "Name": "Alice",
    "Title": "The Eternal Dream",
    "icon36 src": "https://evertaletoolbox2.runasp.net/files/ui/app/RarityIconSsr01.png",
    "icon10 src": "https://evertaletoolbox2.runasp.net/files/ui/rarity/IconRainbowStar01.png",
    "icon10 src (6)": "https://evertaletoolbox2.runasp.net/files/ui/rarity/IconRainbowStar01.png",
    "icon36 src (2)": "https://evertaletoolbox2.runasp.net/files/ui/elements/Light.png",
    "Cost": "34",
    "Attack": "1,377",
    "HP": "6,801",
    "SPD": "133",
    "icon36 src (3)": "https://evertaletoolbox2.runasp.net/files/ui/weapons/Staff.png",
    "Leader Skill": "Light ATK & HP Up",
    "Leader Skill Description": "Allied Light element units have their Attack increased by 10% and max HP increased by 7%.",
    "Active Skill 1": "Attack",
    "Active Skill 1 Description": "Damage to 1 enemy and allies gain 2 Spirit.",
    "Active Skill 2": "Dream Hunter",
    "Active Skill 2 Description": "600% damage to 2 enemies if they are sleeping. Allies gain 3 Spirit for each sleeping target.",
    "Active Skill 3": "Rabbit Hole",
    "Active Skill 3 Description": "Exchanges the user with 1 Tavun Rabbit. The user is sent to the next in line of allied reinforcements. Cannot be used if there are 3 or fewer allies left, or if there already is a Tavun Rabbit among allies on the battlefield.",
    "Active Skill 4": "Dawn's Light",
    "Active Skill 4 Description": "300% damage to 1 enemy if they are awake after having fallen asleep while on the battlefield.",
    "Passive Skill 1": "Lullaby Entry",
    "Passive Skill 1 Description": "Grants the Sleep status effect to the enemy with the highest TU for 200TU. Triggered if there is at least 1 sleeping enemy when this unit enters the battlefield from reinforcements. Sleep cannot be applied to a unit that Has Slept while on the battlefield.",
    "Passive Skill 2": "G.sword Resist Lv3",
    "Passive Skill 2 Description": "10% less damage from attacks by units equipped with Greatswords.",
    "Passive Skill 3": "HP Up Lv3",
    "Passive Skill 3 Description": "Adds 1200 to this unit's max HP.",
    "Passive Skill 4": "HP Up Lv3",
    "Passive Skill 4 Description Description": "Adds 1200 to this unit's max HP.",
    "Passive Skill 5": "Axe Mastery",
    "Passive Skill 5 Description": "Can use weapon skills of Axes in addition to their original preferred weapon type."
  },
  {
    "quickview-portrait-image src": "https://evertaletoolbox2.runasp.net/files/images/monsters/small/BattleCleric02_2.png",
    "Name": "Baltruk",
    "Title": "Lady Luck's Toy",
    "icon36 src": "https://evertaletoolbox2.runasp.net/files/ui/app/RarityIconSr01.png",
    "icon10 src": "https://evertaletoolbox2.runasp.net/files/ui/rarity/IconBlackStarGold01.png",
    "icon36 src (2)": "https://evertaletoolbox2.runasp.net/files/ui/elements/Storm.png",
    "Cost": "28",
    "Attack": "799",
    "HP": "4,801",
    "SPD": "371",
    "icon36 src (3)": "https://evertaletoolbox2.runasp.net/files/ui/weapons/Mace.png",
    "Leader Skill": "Storm HP Up",
    "Leader Skill Description": "Allied Storm element units have their max HP increased by 7%.",
    "Active Skill 1": "Attack",
    "Active Skill 1 Description": "Damage to 1 enemy and allies gain 2 Spirit.",
    "Active Skill 2": "Purify",
    "Active Skill 2 Description": "Removes negative status effects like sleep, burn or poison from 2 allies.",
    "Active Skill 3": "Guard Allies",
    "Active Skill 3 Description": "The user becomes a Guardian. For any enemy attack that would hit 1 or 2 other allies, 1 of the hits is instead redirected to this unit. This unit will not redirect skills that don't deal damage. Usable only if this unit is not already a Guardian.",
    "Active Skill 4": "Life Flip",
    "Active Skill 4 Description": "Exchanges the user's current HP with the amount of HP they have currently lost. Usable once per battle.",
    "Passive Skill 1": "Hold Ground",
    "Passive Skill 1 Description": "If this unit would be defeated by an enemy attack or a status effect while having more than 1 HP, it instead survives with 1 HP.",
    "Passive Skill 2": "Attack Up Lv2",
    "Passive Skill 2 Description": "Adds 200 to this unit's Attack.",
    "Passive Skill 3": "Spear Resist Lv2",
    "Passive Skill 3 Description": "7% less damage from attacks by units equipped with Spears.",
    "Passive Skill 4": "HP Up Lv2",
    "Passive Skill 4 Description Description": "Adds 800 to this unit's max HP.",
    "Passive Skill 5": "Staff Mastery",
    "Passive Skill 5 Description": "Can use weapon skills of Staffs in addition to their original preferred weapon type."
  },
  {
    "quickview-portrait-image src": "https://evertaletoolbox2.runasp.net/files/images/monsters/small/AirDragon02_2.png",
    "Name": "Orzachron",
    "Title": "Organica War Machine MK",
    "icon36 src": "https://evertaletoolbox2.runasp.net/files/ui/app/RarityIconSsr01.png",
    "icon10 src": "https://evertaletoolbox2.runasp.net/files/ui/rarity/IconRainbowStar01.png",
    "icon10 src (6)": "https://evertaletoolbox2.runasp.net/files/ui/rarity/IconRainbowStar01.png",
    "icon36 src (2)": "https://evertaletoolbox2.runasp.net/files/ui/elements/Storm.png",
    "Cost": "34",
    "Attack": "1,318",
    "HP": "7,098",
    "SPD": "223",
    "icon36 src (3)": "https://evertaletoolbox2.runasp.net/files/ui/weapons/Hammer.png",
    "Leader Skill": "Storm ATK & HP Up",
    "Leader Skill Description": "Allied Storm element units have their Attack increased by 10% and max HP increased by 7%.",
    "Active Skill 1": "Attack",
    "Active Skill 1 Description": "Damage to 1 enemy and allies gain 2 Spirit.",
    "Active Skill 2": "Time Strike",
    "Active Skill 2 Description": "500% damage to 2 enemies if they have 130TU or more in the turn order. 600% damage if the target has 200TU or more.",
    "Active Skill 3": "Stun Bolt",
    "Active Skill 3 Description": "Stuns 1 enemy for 200TU. Usable once per battle.",
    "Active Skill 4": "Frenzy Force",
    "Active Skill 4 Description": "500% damage to 1 enemy. Usable if the user has defeated 2+ units with attacks while on the battlefield.",
    "Passive Skill 1": "Thundering Entry",
    "Passive Skill 1 Description": "Stuns the enemy with the highest current TU for 250TU. Triggered when this unit enters the battlefield from reinforcements.",
    "Passive Skill 2": "Water Resist Lv3",
    "Passive Skill 2 Description": "10% less damage from attacks by Water units.",
    "Passive Skill 3": "HP Up Lv3",
    "Passive Skill 3 Description": "Adds 1200 to this unit's max HP.",
    "Passive Skill 4": "Attack Up Lv3",
    "Passive Skill 4 Description Description": "Adds 300 to this unit's Attack.",
    "Passive Skill 5": "Spear Mastery",
    "Passive Skill 5 Description": "Can use weapon skills of Spears in addition to their original preferred weapon type."
  },
  {
    "quickview-portrait-image src": "https://evertaletoolbox2.runasp.net/files/images/monsters/small/FinnCrestbearer02_2.png",
    "Name": "Finn",
    "Title": "The Crimson Crestbearer",
    "icon36 src": "https://evertaletoolbox2.runasp.net/files/ui/app/RarityIconSsr01.png",
    "icon10 src": "https://evertaletoolbox2.runasp.net/files/ui/rarity/IconRainbowStar01.png",
    "icon10 src (6)": "https://evertaletoolbox2.runasp.net/files/ui/rarity/IconRainbowStar01.png",
    "icon36 src (2)": "https://evertaletoolbox2.runasp.net/files/ui/elements/Storm.png",
    "Cost": "34",
    "Attack": "1,325",
    "HP": "7,061",
    "SPD": "414",
    "icon36 src (3)": "https://evertaletoolbox2.runasp.net/files/ui/weapons/GreatSword.png",
    "Leader Skill": "Hero ATK & HP Up",
    "Leader Skill Description": "Allied units named Finn, Rizette, Ludmilla, Nagi, Astrid, Ga'Luga, Mysha, Theo, and Elmina have their Attack increased by 12% and max HP increased by 8%.",
    "Active Skill 1": "Attack",
    "Active Skill 1 Description": "Damage to 1 enemy and allies gain 2 Spirit.",
    "Active Skill 2": "Time Strike",
    "Active Skill 2 Description": "500% damage to 1 enemy if they have 130TU or more in the turn order. 600% damage if the target has 200TU or more.",
    "Active Skill 3": "Desperate Drain",
    "Active Skill 3 Description": "400% damage to 2 enemies, and the user recovers their HP by 50% of its own max if damage is dealt. This skill can only be used if the user's HP is at 25% or less.",
    "Active Skill 4": "Final Stand",
    "Active Skill 4 Description": "500% damage to 1 enemy. Usable only if the user has no allies on the battlefield.",
    "Passive Skill 1": "Hold Ground",
    "Passive Skill 1 Description": "If this unit would be defeated by an enemy attack or a status effect while having more than 1 HP, it instead survives with 1 HP.",
    "Passive Skill 2": "Thundering Entry",
    "Passive Skill 2 Description": "Stuns the enemy with the highest current TU for 200TU. Triggered when this unit enters the battlefield from reinforcements.",
    "Passive Skill 3": "Water Resist Lv3",
    "Passive Skill 3 Description": "10% less damage from attacks by Water units.",
    "Passive Skill 4": "HP Up Lv3",
    "Passive Skill 4 Description Description": "Adds 1200 to this unit's max HP.",
    "Passive Skill 5": "Attack Up Lv3",
    "Passive Skill 5 Description": "Adds 300 to this unit's Attack.",
    "Passive Skill 6 Description": "Katana Mastery",
    "Passive Skill 6": "Can use weapon skills of Katanas in addition to their original preferred weapon type."
  }
]