[
  {
    "quickview-portrait-image src": "https://evertaletoolbox2.runasp.net/files/images/monsters/small/DarkRizette02_2.png",
    "Name": "Endless Rizette",
    "Title": "Angel of Ruin",
    "icon36 src": "https://evertaletoolbox2.runasp.net/files/ui/app/RarityIconSsr01.png",
    "icon10 src": "https://evertaletoolbox2.runasp.net/files/ui/rarity/IconRainbowStar01.png",
    "icon10 src (6)": "https://evertaletoolbox2.runasp.net/files/ui/rarity/IconRainbowStar01.png",
    "icon36 src (2)": "https://evertaletoolbox2.runasp.net/files/ui/elements/Dark.png",
    "Cost": "34",
    "Attack": "1,554",
    "HP": "6,643",
    "SPD": "369",
    "icon36 src (3)": "https://evertaletoolbox2.runasp.net/files/ui/weapons/Sword.png",
    "Leader Skill": "Dark Attack Up",
    "Leader Skill Description": "Allied Dark element units have their Attack increased by 15%.",
    "Active Skill 1": "Poison Attack",
    "Active Skill 1 Description": "Damages 1 enemy and then poisons them.",
    "Active Skill 2": "Guard Destroyer",
    "Active Skill 2 Description": "500% damage to 1 enemy if they are a Guardian.",
    "Active Skill 3": "Poison Random",
    "Active Skill 3 Description": "Grants the Poison status effect to 1 random enemy. This will overwrite other status effects on that unit.",
    "Active Skill 4": "Poison Drain",
    "Active Skill 4 Description": "400% damage to 1 enemy if they are poisoned. Heals the user for 50% of max HP if the target is poisoned.",
    "Passive Skill 1": "Super Poison",
    "Passive Skill 1 Description": "Poison applied by this unit deals 4 times the normal damage, and cannot be overwritten by normal Poison.",
    "Passive Skill 2": "Poison Skin",
    "Passive Skill 2 Description": "Enemy units that deal damage to this unit get poisoned. This will overwrite other status effects on the attacker.",
    "Passive Skill 3": "HP Up Lv3",
    "Passive Skill 3 Description": "Adds 1200 to this unit's max HP.",
    "Passive Skill 4": "Mace Resist Lv3",
    "Passive Skill 4 Description Description": "10% less damage from attacks by units equipped with Maces.",
    "Passive Skill 5": "Attack Up Lv3",
    "Passive Skill 5 Description": "Adds 300 to this unit's Attack.",
    "Passive Skill 6 Description": "Staff Mastery",
    "Passive Skill 6": "Can use weapon skills of Staffs in addition to their original preferred weapon type."
  },
  {
    "quickview-portrait-image src": "https://evertaletoolbox2.runasp.net/files/images/monsters/small/NovaBlastDragon02_2.png",
    "Name": "Altaireon",
    "Title": "Soul of the Storm",
    "icon36 src": "https://evertaletoolbox2.runasp.net/files/ui/app/RarityIconSsr01.png",
    "icon10 src": "https://evertaletoolbox2.runasp.net/files/ui/rarity/IconRainbowStar01.png",
    "icon10 src (6)": "https://evertaletoolbox2.runasp.net/files/ui/rarity/IconRainbowStar01.png",
    "icon36 src (2)": "https://evertaletoolbox2.runasp.net/files/ui/elements/Storm.png",
    "Cost": "34",
    "Attack": "1,445",
    "HP": "7,188",
    "SPD": "158",
    "icon36 src (3)": "https://evertaletoolbox2.runasp.net/files/ui/weapons/Axe.png",
    "Leader Skill": "Storm ATK & HP Up",
    "Leader Skill Description": "Allied Storm element units have their Attack increased by 10% and max HP increased by 7%.",
    "Active Skill 1": "Attack",
    "Active Skill 1 Description": "Damage to 1 enemy and allies gain 2 Spirit.",
    "Active Skill 2": "Pain Stun Random",
    "Active Skill 2 Description": "Reduces the user's current HP by 30% of max and stuns 1 random enemy for 200TU.",
    "Active Skill 3": "Time Drain",
    "Active Skill 3 Description": "500% damage to 1 enemy if they have 130+ TU. 600% damage if the target has 200TU or more. If damage is dealt and the target's TU is 130 or more, the user will heal 50% of max HP.",
    "Active Skill 4": "Desperate Strike",
    "Active Skill 4 Description": "300% damage to 2 enemies. Usable only if the user's HP is at 50% or less. 400% damage if the user's HP is at 25% or less.",
    "Passive Skill 1": "Hold Ground",
    "Passive Skill 1 Description": "If this unit would be defeated by an enemy attack or a status effect while having more than 1 HP, it instead survives with 1 HP.",
    "Passive Skill 2": "Stun Skin",
    "Passive Skill 2 Description": "Enemy units that deal damage to this unit get stunned for 50TU.",
    "Passive Skill 3": "Hammer Resist Lv3",
    "Passive Skill 3 Description": "10% less damage from attacks by units equipped with Hammers.",
    "Passive Skill 4": "HP Up Lv3",
    "Passive Skill 4 Description Description": "Adds 1200 to this unit's max HP.",
    "Passive Skill 5": "Attack Up Lv3",
    "Passive Skill 5 Description": "Adds 300 to this unit's Attack.",
    "Passive Skill 6 Description": "Sword Mastery",
    "Passive Skill 6": "Can use weapon skills of Swords in addition to their original preferred weapon type."
  },
  {
    "quickview-portrait-image src": "https://evertaletoolbox2.runasp.net/files/images/monsters/small/DeathLich02_2.png",
    "Name": "Endless Paladin",
    "Title": "Champion of the Black Flames",
    "icon36 src": "https://evertaletoolbox2.runasp.net/files/ui/app/RarityIconSr01.png",
    "icon10 src": "https://evertaletoolbox2.runasp.net/files/ui/rarity/IconBlackStarGold01.png",
    "icon36 src (2)": "https://evertaletoolbox2.runasp.net/files/ui/elements/Dark.png",
    "Cost": "28",
    "Attack": "868",
    "HP": "4,456",
    "SPD": "339",
    "icon36 src (3)": "https://evertaletoolbox2.runasp.net/files/ui/weapons/GreatAxe.png",
    "Leader Skill": "Dark Attack Up",
    "Leader Skill Description": "Allied Dark element units have their Attack increased by 10%.",
    "Active Skill 1": "Poison",
    "Active Skill 1 Description": "Grants the Poison status effect to 1 enemy. Allies gain 1 Spirit. This will overwrite other status effects on that unit.",
    "Active Skill 2": "Vigor Impact",
    "Active Skill 2 Description": "250% damage to 1 enemy. Usable only if the user's HP is at 75%+.",
    "Active Skill 3": "Absorb Stun",
    "Active Skill 3 Description": "The user gains Stun Absorb. While the user has stun absorb, whenever any ally would be affected by stun, the user takes the stun instead. Cannot be used if the user already has Stun Absorb.",
    "Active Skill 4": "Poison Devour",
    "Active Skill 4 Description": "400% damage to 1 enemy if they are poisoned.",
    "Passive Skill 1": "Hold Ground",
    "Passive Skill 1 Description": "If this unit would be defeated by an enemy attack or a status effect while having more than 1 HP, it instead survives with 1 HP.",
    "Passive Skill 2": "Poison Skin",
    "Passive Skill 2 Description": "Enemy units that deal damage to this unit get poisoned. This will overwrite other status effects on the attacker.",
    "Passive Skill 3": "Katana Resist Lv2",
    "Passive Skill 3 Description": "7% less damage from attacks by units equipped with Katanas.",
    "Passive Skill 4": "HP Up Lv2",
    "Passive Skill 4 Description Description": "Adds 800 to this unit's max HP.",
    "Passive Skill 5": "Attack Up Lv2",
    "Passive Skill 5 Description": "Adds 200 to this unit's Attack.",
    "Passive Skill 6 Description": "Hammer Mastery",
    "Passive Skill 6": "Can use weapon skills of Hammers in addition to their original preferred weapon type."
  },
  {
    "quickview-portrait-image src": "https://evertaletoolbox2.runasp.net/files/images/monsters/small/RibbonStudent02_2.png",
    "Name": "Greta",
    "Title": "Storm-Inspired Inventor",
    "icon36 src": "https://evertaletoolbox2.runasp.net/files/ui/app/RarityIconSr01.png",
    "icon10 src": "https://evertaletoolbox2.runasp.net/files/ui/rarity/IconBlackStarGold01.png",
    "icon36 src (2)": "https://evertaletoolbox2.runasp.net/files/ui/elements/Storm.png",
    "Cost": "28",
    "Attack": "702",
    "HP": "5,286",
    "SPD": "220",
    "icon36 src (3)": "https://evertaletoolbox2.runasp.net/files/ui/weapons/Sword.png",
    "Leader Skill": "Storm HP Up",
    "Leader Skill Description": "Allied Storm element units have their max HP increased by 7%.",
    "Active Skill 1": "Attack Two",
    "Active Skill 1 Description": "Damage to 2 enemies and allies gain 1 Spirit.",
    "Active Skill 2": "Stun Bolt",
    "Active Skill 2 Description": "Stuns 1 enemy for 150TU.",
    "Active Skill 3": "Pain Spirit",
    "Active Skill 3 Description": "Reduces the user's current HP by 30% of max and allies are granted 3 Spirit.",
    "Active Skill 4": "Life Flip Ally",
    "Active Skill 4 Description": "Exchanges 1 ally's current HP with the amount of HP they have currently lost. Usable once per battle.",
    "Passive Skill 1": "Hold Ground",
    "Passive Skill 1 Description": "If this unit would be defeated by an enemy attack or a status effect while having more than 1 HP, it instead survives with 1 HP.",
    "Passive Skill 2": "Katana Resist Lv2",
    "Passive Skill 2 Description": "7% less damage from attacks by units equipped with Katanas.",
    "Passive Skill 3": "HP Up Lv2",
    "Passive Skill 3 Description": "Adds 800 to this unit's max HP.",
    "Passive Skill 4": "Attack Up Lv2",
    "Passive Skill 4 Description Description": "Adds 200 to this unit's Attack.",
    "Passive Skill 5": "Mace Mastery",
    "Passive Skill 5 Description": "Can use weapon skills of Maces in addition to their original preferred weapon type."
  },
  {
    "quickview-portrait-image src": "https://evertaletoolbox2.runasp.net/files/images/monsters/small/Arga02_2.png",
    "Name": "Druke",
    "Title": "Apex Blademaster",
    "icon36 src": "https://evertaletoolbox2.runasp.net/files/ui/app/RarityIconSsr01.png",
    "icon10 src": "https://evertaletoolbox2.runasp.net/files/ui/rarity/IconRainbowStar01.png",
    "icon10 src (6)": "https://evertaletoolbox2.runasp.net/files/ui/rarity/IconRainbowStar01.png",
    "icon36 src (2)": "https://evertaletoolbox2.runasp.net/files/ui/elements/Fire.png",
    "Cost": "34",
    "Attack": "1,245",
    "HP": "7,461",
    "SPD": "202",
    "icon36 src (3)": "https://evertaletoolbox2.runasp.net/files/ui/weapons/GreatSword.png",
    "Leader Skill": "Fire Attack Up",
    "Leader Skill Description": "Allied Fire element units have their Attack increased by 15%.",
    "Active Skill 1": "Brash Strike",
    "Active Skill 1 Description": "135% damage to 1 enemy and allies gain 2 Spirit. Reflects 25% of the damage to the user.",
    "Active Skill 2": "Burn Blast",
    "Active Skill 2 Description": "300% damage to 1 enemy. Usable if the user has the Burn status effect.",
    "Active Skill 3": "Ignition",
    "Active Skill 3 Description": "The user gains the Burn status effect. This will overwrite other status effects on that unit. Any unit that deals damage to or is dealt damage by a unit with burn will also become burned.",
    "Active Skill 4": "Burn Frenzy",
    "Active Skill 4 Description": "400% damage to 2 enemies. Usable if the user has the Burn status effect and has defeated 1+ units with attacks while on the battlefield. 500% damage if this unit has defeated 2+ units with attacks while on the battlefield.",
    "Passive Skill 1": "Burn Regeneration",
    "Passive Skill 1 Description": "When this unit gets the turn while having the Burn status effect, they heal 30% of their max HP.",
    "Passive Skill 2": "Burning Focus",
    "Passive Skill 2 Description": "This unit is not affected by stun effects while they have the Burn status effect.",
    "Passive Skill 3": "Sword Resist Lv3",
    "Passive Skill 3 Description": "10% less damage from attacks by units equipped with Swords.",
    "Passive Skill 4": "HP Up Lv3",
    "Passive Skill 4 Description Description": "Adds 1200 to this unit's max HP.",
    "Passive Skill 5": "Attack Up Lv3",
    "Passive Skill 5 Description": "Adds 300 to this unit's Attack.",
    "Passive Skill 6 Description": "Hammer Mastery",
    "Passive Skill 6": "Can use weapon skills of Hammers in addition to their original preferred weapon type."
  },
  {
    "quickview-portrait-image src": "https://evertaletoolbox2.runasp.net/files/images/monsters/small/NorzaRegular02_2.png",
    "Name": "Norza",
    "Title": "Blade of the Aeons",
    "icon36 src": "https://evertaletoolbox2.runasp.net/files/ui/app/RarityIconSsr01.png",
    "icon10 src": "https://evertaletoolbox2.runasp.net/files/ui/rarity/IconRainbowStar01.png",
    "icon10 src (6)": "https://evertaletoolbox2.runasp.net/files/ui/rarity/IconRainbowStar01.png",
    "icon36 src (2)": "https://evertaletoolbox2.runasp.net/files/ui/elements/Storm.png",
    "Cost": "34",
    "Attack": "1,389",
    "HP": "6,740",
    "SPD": "326",
    "icon36 src (3)": "https://evertaletoolbox2.runasp.net/files/ui/weapons/Sword.png",
    "Leader Skill": "Storm ATK & HP Up",
    "Leader Skill Description": "Allied Storm element units have their Attack increased by 10% and max HP increased by 7%.",
    "Active Skill 1": "Attack & Counter",
    "Active Skill 1 Description": "Damage to 1 enemy. The user is also granted the Counter Stance status effect. This will overwrite other status effects on the user. For 150TU, the next time the unit with counter stance takes damage from an enemy attack, it will become their turn. Counter stance cannot be gained if the user already has the Counter Stance status effect or has gotten the current turn from Counter Stance.",
    "Active Skill 2": "Time Strike",
    "Active Skill 2 Description": "500% damage to 1 enemy if they have 130TU or more in the turn order. 600% damage if the target has 200TU or more.",
    "Active Skill 3": "Payback Stun",
    "Active Skill 3 Description": "Stun 2 enemies for 100TU. Unlocked each time an ally on the battlefield is defeated or sacrificed by any source. This skill is locked again after each use or if the user leaves the battlefield.",
    "Active Skill 4": "Survivor's Fury",
    "Active Skill 4 Description": "500% damage to 1 enemy. Locked for 300TU after the user has entered the battlefield.",
    "Passive Skill 1": "Hold Stance",
    "Passive Skill 1 Description": "This unit cannot be defeated while it has the Counter Stance status effect, or during a turn it gains from counter stance.",
    "Passive Skill 2": "Regeneration",
    "Passive Skill 2 Description": "When there is at least 1 other Storm ally and this unit gets the turn, this unit heals 30% of its max HP.",
    "Passive Skill 3": "Spear Resist Lv3",
    "Passive Skill 3 Description": "10% less damage from attacks by units equipped with Spears.",
    "Passive Skill 4": "HP Up Lv3",
    "Passive Skill 4 Description Description": "Adds 1200 to this unit's max HP.",
    "Passive Skill 5": "Attack Up Lv3",
    "Passive Skill 5 Description": "Adds 300 to this unit's Attack.",
    "Passive Skill 6 Description": "Axe Mastery",
    "Passive Skill 6": "Can use weapon skills of Axes in addition to their original preferred weapon type."
  },
  {
    "quickview-portrait-image src": "https://evertaletoolbox2.runasp.net/files/images/monsters/small/LudmillaRegular02_2.png",
    "Name": "Ludmilla",
    "Title": "Crimson Valkyrie",
    "icon36 src": "https://evertaletoolbox2.runasp.net/files/ui/app/RarityIconSsr01.png",
    "icon10 src": "https://evertaletoolbox2.runasp.net/files/ui/rarity/IconRainbowStar01.png",
    "icon10 src (6)": "https://evertaletoolbox2.runasp.net/files/ui/rarity/IconRainbowStar01.png",
    "icon36 src (2)": "https://evertaletoolbox2.runasp.net/files/ui/elements/Light.png",
    "Cost": "34",
    "Attack": "969",
    "HP": "13,178",
    "SPD": "71",
    "icon36 src (3)": "https://evertaletoolbox2.runasp.net/files/ui/weapons/Mace.png",
    "Leader Skill": "Light HP Up",
    "Leader Skill Description": "Allied Light element units have their max HP increased by 10%.",
    "Active Skill 1": "Attack",
    "Active Skill 1 Description": "Damage to 1 enemy and allies gain 2 Spirit.",
    "Active Skill 2": "Desperate Drain",
    "Active Skill 2 Description": "500% damage to 1 enemy, and the user recovers HP by 50% of its own max if damage is dealt. Usable only if the user's HP is at 25% or less.",
    "Active Skill 3": "Give Turn",
    "Active Skill 3 Description": "Immediately give 1 other ally the next turn by reducing their current TU to 0. Active skills that grant turns cannot be used on turns given by this skill.",
    "Active Skill 4": "Purify",
    "Active Skill 4 Description": "Removes negative status effects like sleep, burn or poison from 1 ally.",
    "Passive Skill 1": "Auto Guard+",
    "Passive Skill 1 Description": "This unit is a Guardian. For any enemy attack that would hit 1 or 2 other allies, this unit has a 100% chance to redirect 1 hit to itself instead. This unit will not redirect skills that don't deal damage.",
    "Passive Skill 2": "Hold Ground",
    "Passive Skill 2 Description": "If this unit would be defeated by an enemy attack or a status effect while having more than 1 HP, it instead survives with 1 HP.",
    "Passive Skill 3": "Staff Hunter Lv3",
    "Passive Skill 3 Description": "10% bonus to attacks against units equipped with Staffs.",
    "Passive Skill 4": "Attack Up Lv3",
    "Passive Skill 4 Description Description": "Adds 300 to this unit's Attack.",
    "Passive Skill 5": "HP Up Lv3",
    "Passive Skill 5 Description": "Adds 1200 to this unit's max HP.",
    "Passive Skill 6 Description": "Sword Mastery",
    "Passive Skill 6": "Can use weapon skills of Swords in addition to their original preferred weapon type."
  },
  {
    "quickview-portrait-image src": "https://evertaletoolbox2.runasp.net/files/images/monsters/small/BabyDarkDragon02_2.png",
    "Name": "Crescent",
    "Title": "Fledgling Shadow",
    "icon36 src": "https://evertaletoolbox2.runasp.net/files/ui/app/RarityIconSr01.png",
    "icon10 src": "https://evertaletoolbox2.runasp.net/files/ui/rarity/IconBlackStarGold01.png",
    "icon36 src (2)": "https://evertaletoolbox2.runasp.net/files/ui/elements/Dark.png",
    "Cost": "28",
    "Attack": "822",
    "HP": "4,684",
    "SPD": "357",
    "icon36 src (3)": "https://evertaletoolbox2.runasp.net/files/ui/weapons/Katana.png",
    "Leader Skill": "Dark Attack Up",
    "Leader Skill Description": "Allied Dark element units have their Attack increased by 10%.",
    "Active Skill 1": "Brash Strike",
    "Active Skill 1 Description": "150% damage to 1 enemy and allies gain 1 Spirit. Reflects 30% of the damage to the user.",
    "Active Skill 2": "Blood Nova",
    "Active Skill 2 Description": "Sacrifices the last unit in the allied reinforcements for 400% damage to 1 enemy. Usable only if there are 1 or more allied reinforcements left.",
    "Active Skill 3": "Mori Blaster",
    "Active Skill 3 Description": "500% damage to 1 enemy. Usable only if there is at least 1 \"Mori\" ally on the battlefield. This includes \"Himori\", \"Suimori\", \"Denmori\", \"Chimori\", \"Shiromori\", \"Kuromori\", and \"Jinglemori\".",
    "Active Skill 4": "Crisis Frenzy",
    "Active Skill 4 Description": "400% damage to 2 enemies. Usable only if the user's party has 1 or less Spirit and the user has defeated at least 1 unit while on the battlefield.",
    "Passive Skill 1": "Crisis Armor",
    "Passive Skill 1 Description": "65% damage reduction from attacks while allies have 1 or less Spirit.",
    "Passive Skill 2": "Summon Entry",
    "Passive Skill 2 Description": "Adds 1 Kuromori to the very end of this unit's team. Triggered when this unit enters the battlefield from the allied reinforcements.",
    "Passive Skill 3": "Sword Resist Lv2",
    "Passive Skill 3 Description": "7% less damage from attacks by units equipped with Swords.",
    "Passive Skill 4": "HP Up Lv2",
    "Passive Skill 4 Description Description": "Adds 800 to this unit's max HP.",
    "Passive Skill 5": "Attack Up Lv2",
    "Passive Skill 5 Description": "Adds 200 to this unit's Attack.",
    "Passive Skill 6 Description": "Greatsword Mastery",
    "Passive Skill 6": "Can use weapon skills of Greatswords in addition to their original preferred weapon type."
  },
  {
    "quickview-portrait-image src": "https://evertaletoolbox2.runasp.net/files/images/monsters/small/FireGirlWarrior02_2.png",
    "Name": "Antares",
    "Title": "Flametongue Maid",
    "icon36 src": "https://evertaletoolbox2.runasp.net/files/ui/app/RarityIconSr01.png",
    "icon10 src": "https://evertaletoolbox2.runasp.net/files/ui/rarity/IconBlackStarGold01.png",
    "icon36 src (2)": "https://evertaletoolbox2.runasp.net/files/ui/elements/Fire.png",
    "Cost": "28",
    "Attack": "835",
    "HP": "4,620",
    "SPD": "348",
    "icon36 src (3)": "https://evertaletoolbox2.runasp.net/files/ui/weapons/Sword.png",
    "Leader Skill": "Fire ATK & HP Up",
    "Leader Skill Description": "Allied Fire element units have their Attack increased by 7% and max HP increased by 5%.",
    "Active Skill 1": "Brash Strike",
    "Active Skill 1 Description": "150% damage to 1 enemy and allies gain 1 Spirit. Reflects 30% of the damage to the user.",
    "Active Skill 2": "Vigor Impact",
    "Active Skill 2 Description": "250% damage to 1 enemy. Usable only if the user's HP is at 75%+.",
    "Active Skill 3": "Grant Guard",
    "Active Skill 3 Description": "Grants Guard Once to 1 Fire ally. For the next enemy attack that would hit 1 or 2 other allies, 1 of the attacks is instead redirected to the ally with guard once. This will not redirect skills that don't deal damage. This effect will go away only if that ally redirects an attack, targeting the ally unit directly will not remove it. Units with Guard Once cannot have the Counter Stance status effect.",
    "Active Skill 4": "Crisis Avenger",
    "Active Skill 4 Description": "250% damage to 2 enemies. 400% damage instead to targets that have defeated 1+ units with attacks while on the battlefield. Usable only if the user's party has 1 or less Spirit.",
    "Passive Skill 1": "Crisis Heal Entry",
    "Passive Skill 1 Description": "Heals all allies for 30% of their max HP. Triggered if ally Spirit is 1 or less when this unit enters the battlefield from reinforcements.",
    "Passive Skill 2": "Crisis Focus",
    "Passive Skill 2 Description": "This unit is not affected by stun effects while allies have 1 or less Spirit.",
    "Passive Skill 3": "Earth Resist Lv2",
    "Passive Skill 3 Description": "7% less damage from attacks by Earth units.",
    "Passive Skill 4": "Attack Up Lv2",
    "Passive Skill 4 Description Description": "Adds 200 to this unit's Attack.",
    "Passive Skill 5": "HP Up Lv2",
    "Passive Skill 5 Description": "Adds 800 to this unit's max HP.",
    "Passive Skill 6 Description": "Axe Mastery",
    "Passive Skill 6": "Can use weapon skills of Axes in addition to their original preferred weapon type."
  },
  {
    "quickview-portrait-image src": "https://evertaletoolbox2.runasp.net/files/images/monsters/small/LegendFireDragon02_2.png",
    "Name": "Fornaxos",
    "Title": "Flame Incarnate",
    "icon36 src": "https://evertaletoolbox2.runasp.net/files/ui/app/RarityIconSsr01.png",
    "icon10 src": "https://evertaletoolbox2.runasp.net/files/ui/rarity/IconRainbowStar01.png",
    "icon10 src (6)": "https://evertaletoolbox2.runasp.net/files/ui/rarity/IconRainbowStar01.png",
    "icon36 src (2)": "https://evertaletoolbox2.runasp.net/files/ui/elements/Fire.png",
    "Cost": "34",
    "Attack": "1,399",
    "HP": "6,692",
    "SPD": "471",
    "icon36 src (3)": "https://evertaletoolbox2.runasp.net/files/ui/weapons/Axe.png",
    "Leader Skill": "Fire HP Up",
    "Leader Skill Description": "Allied Fire element units have their max HP increased by 10%.",
    "Active Skill 1": "Brash Strike",
    "Active Skill 1 Description": "135% damage to 1 enemy and allies gain 1 Spirit. Reflects 30% of the damage to the user.",
    "Active Skill 2": "Energy Charge",
    "Active Skill 2 Description": "Grants 1 Charge to the user. Certain skills are affected by and may consume charges. A unit can store a maximum of 3 charges, and all charges are removed from a unit that leaves the battlefield.",
    "Active Skill 3": "Charge Flare",
    "Active Skill 3 Description": "Targets 2 enemies. 300% damage for 1 Charge. 450% damage for 2 charges. 600% damage for 3 charges. Usable only if the user has stored at least one charge. Consumes all charges on the user.",
    "Active Skill 4": "Tribute Charge",
    "Active Skill 4 Description": "Sacrifices 1 other ally on the battlefield to grant 3 Charges to the user. Usable once per battle and is locked for 100TU after the user has entered the battlefield. Certain skills are affected by and may consume charges. A unit can store a maximum of 3 charges, and all charges are removed from a unit that leaves the battlefield.",
    "Passive Skill 1": "Crisis Armor",
    "Passive Skill 1 Description": "65% damage reduction from attacks while allies have 1 or less Spirit.",
    "Passive Skill 2": "Crisis Focus",
    "Passive Skill 2 Description": "This unit is not affected by stun effects while allies have 1 or less Spirit.",
    "Passive Skill 3": "HP Up Lv3",
    "Passive Skill 3 Description": "Adds 1200 to this unit's max HP.",
    "Passive Skill 4": "G.sword Hunter Lv3",
    "Passive Skill 4 Description Description": "10% bonus to attacks against units equipped with Greatswords.",
    "Passive Skill 5": "Attack Up Lv3",
    "Passive Skill 5 Description": "Adds 300 to this unit's Attack.",
    "Passive Skill 6 Description": "Mace Mastery",
    "Passive Skill 6": "Can use weapon skills of Maces in addition to their original preferred weapon type."
  }
]