[
  {
    "quickview-portrait-image src": "https://evertaletoolbox2.runasp.net/files/images/monsters/small/AliceDark02_2.png",
    "Name": "Dark Alice",
    "Title": "One More Nightmare",
    "icon36 src (2)": "https://evertaletoolbox2.runasp.net/files/ui/elements/Dark.png",
    "Attack": "1,490",
    "HP": "6,970",
    "SPD": "375",
    "icon36 src (3)": "https://evertaletoolbox2.runasp.net/files/ui/weapons/Mace.png",
    "Leader Skill": "Dark ATK & HP Up",
    "Leader Skill Description": "Allied Dark element units have their Attack increased by 10% and max HP increased by 7%.",
    "Active Skill 1": "Poison & Counter",
    "Active Skill 1 Description": "Damages 1 enemy and then poisons them. The user is also granted the Counter Stance status effect. Counter Stance will overwrite other status effects on the user. For 150TU, the next time the unit with counter stance takes damage from an enemy attack, it will become their turn. Counter Stance cannot be gained if the user already has the Counter Stance status effect or has gotten the current turn from Counter Stance.",
    "Active Skill 2": "Mega Poison Crush",
    "Active Skill 2 Description": "300% damage to 1 enemy and Mega Poisons them for 100TU. This will overwrite other status effects on that enemy. Mega Poison deals 20 times the damage of normal poison and cannot be overwritten by normal Poison or Super Poison. Usable only if the user's HP is at 75%+",
    "Active Skill 3": "Instant Devour",
    "Active Skill 3 Description": "400% damage to 1 enemy if they are poisoned. This skill becomes locked for 100TU after use.",
    "Active Skill 4": "Survivor's Fury",
    "Active Skill 4 Description": "500% damage to 2 enemies. Locked for 300TU after the user has entered the battlefield.",
    "Passive Skill 1": "Mega Vengeance",
    "Passive Skill 1 Description": "Grants the Mega Poison status effect for 100TU to any enemy that defeats a non-conjured ally (including this unit) with an attack. This will overwrite other status effects on that enemy. Mega Poison deals 20 times the damage of normal poison and cannot be overwritten by normal Poison or Super Poison. This skill will not trigger if Survivor's Fury is unlocked by this unit. This is not a Revenge passive skill.",
    "Passive Skill 2": "Regeneration Heart",
    "Passive Skill 2 Description": "When this unit gets a turn, it heals 30% of its max HP. If this unit would be defeated by an enemy attack or a status effect while having more than 1 HP, it instead survives with 1 HP.",
    "Passive Skill 3": "Attack Up Lv3",
    "Passive Skill 3 Description": "Adds 300 to this unit's Attack.",
    "Passive Skill 4": "HP Up Lv3",
    "Passive Skill 4 Description Description": "Adds 1200 to this unit's max HP.",
    "Passive Skill 5": "Stun Resist Lv3",
    "Passive Skill 5 Description": "Reduces the amount of any stun effects against this unit by 20TU.",
    "Passive Skill 6 Description": "Axe Mastery",
    "Passive Skill 6": "Can use weapon skills of Axes in addition to their original preferred weapon type."
  },
  {
    "quickview-portrait-image src": "https://evertaletoolbox2.runasp.net/files/images/monsters/small/GokuRegular02_2.png",
    "Name": "Sun Wukong",
    "Title": "The Great Sage, Heaven's Equal",
    "icon36 src (2)": "https://evertaletoolbox2.runasp.net/files/ui/elements/Storm.png",
    "Attack": "1,263",
    "HP": "8,105",
    "SPD": "582",
    "icon36 src (3)": "https://evertaletoolbox2.runasp.net/files/ui/weapons/Spear.png",
    "Leader Skill": "Storm ATK & HP Up",
    "Leader Skill Description": "Allied Storm element units have their Attack increased by 10% and max HP increased by 7%.",
    "Active Skill 1": "Swift Stealth",
    "Active Skill 1 Description": "75% damage to 1 enemy. The user is also granted the Stealth status effect. This will overwrite other status effects on the user. Stealthed units ignore the next enemy attack that would damage more than 1 target. Any damage will remove stealth.",
    "Active Skill 2": "Stealth Drain",
    "Active Skill 2 Description": "400% damage to 1 enemy and heals the user for 50% of max HP if damage is dealt. Usable if the user has the Stealth status effect. This attack ignores any enemy status effects, damage reduction effects, revenge passive skills, and skin passive skills.",
    "Active Skill 3": "Vanishing Burst",
    "Active Skill 3 Description": "400% damage to 1 enemy. The user is also granted the Stealth status effect. This will overwrite other status effects on the user. Stealthed units ignore the next enemy attack that would damage more than 1 target. Any damage will remove stealth. Usable only if the user has stored at least one charge. Consumes 1 charge on the user.",
    "Active Skill 4": "Full Charge",
    "Active Skill 4 Description": "The user gains 3 Charges and is healed for 100% of max HP. Usable only if the user has no charges stored. Certain skills are affected by and may consume charges. A unit can store up to 3 charges.",
    "Passive Skill 1": "Charged Resolve",
    "Passive Skill 1 Description": "This unit gains 3 Charges. Triggered both at the very start of the battle if this unit is on the battlefield, and when this unit enters the battlefield from reinforcements. If this unit would be defeated while it has any charges, this unit will consume 1 charge to survive with 1HP remaining instead. Other skills may also be affected by and may consume charges. A unit can store up to 3 charges.",
    "Passive Skill 2": "Stealthy Vengeance",
    "Passive Skill 2 Description": "This unit gains the Stealth status effect and is Enraged, having its Attack increased to 1.5x until the end of its next turn. Allies gain 1 Spirit. All of these effects are triggered whenever another non-conjured Ally on the battlefield is defeated or sacrificed by any source. This may not trigger if this unit is defeated or sacrificed at the same time. This will overwrite other status effects and the effects of other Enrage skills on this unit. Stealthed units ignore the next enemy attack that would damage more than 1 target. Any damage will remove stealth.",
    "Passive Skill 3": "Attack Up Lv3",
    "Passive Skill 3 Description": "Adds 300 to this unit's Attack.",
    "Passive Skill 4": "HP Up Lv3",
    "Passive Skill 4 Description Description": "Adds 1200 to this unit's max HP.",
    "Passive Skill 5": "Dark Resist Lv3",
    "Passive Skill 5 Description": "10% less damage from attacks by Dark units.",
    "Passive Skill 6 Description": "Greataxe Mastery",
    "Passive Skill 6": "Can use weapon skills of Greataxes in addition to their original preferred weapon type."
  },
  {
    "quickview-portrait-image src": "https://evertaletoolbox2.runasp.net/files/images/monsters/small/OssiaHalloween02_2.png",
    "Name": "Ossia",
    "Title": "Bewitching Devil",
    "icon36 src (2)": "https://evertaletoolbox2.runasp.net/files/ui/elements/Dark.png",
    "Attack": "1,065",
    "HP": "9,095",
    "SPD": "222",
    "icon36 src (3)": "https://evertaletoolbox2.runasp.net/files/ui/weapons/Staff.png",
    "Leader Skill": "Dark ATK & HP Up",
    "Leader Skill Description": "Allied Dark element units have their Attack increased by 10% and max HP increased by 7%.",
    "Active Skill 1": "Poison Trick",
    "Active Skill 1 Description": "Grants the Poison status effect to 1 enemy. 25% chance of granting Mega Poison for 100TU instead. Mega Poison deals 20 times the damage of normal Poison and cannot be overwritten by normal Poison or Super Poison. This will overwrite other status effects on that unit.",
    "Active Skill 2": "Taunt",
    "Active Skill 2 Description": "The user Taunts 1 enemy. On the taunted unit's turns, the user will become a Guardian, and cannot be defeated on those turns. This taunt will end when the taunted unit deals damage to the user with an attack, or if either the user or the taunted unit leaves the battlefield. For any enemy attack that would hit 1 or 2 other allies while the user is a Guardian, 1 of the hits is instead redirected to the user. The user will not redirect skills that don't deal damage. The user will no longer be considered a Guardian when the taunt ends, so some active skill effects that target Guardians may fail to affect the user. This skill becomes locked after use until the user activates another active skill, and cannot be used if any enemy is already taunted.",
    "Active Skill 3": "Blood Assassin+",
    "Active Skill 3 Description": "Sacrifices the last unit in the allied reinforcements for 500% damage to 2 enemies. This attack ignores enemy damage reduction effects. If there are no allied reinforcements left, sacrifices all ally Kuromoris on the battlefield instead. Cannot be used if there are no allied reinforcements left unless there is an ally Kuromori on the battlefield.",
    "Active Skill 4": "Blood Treat",
    "Active Skill 4 Description": "Sacrifices the last unit in the allied reinforcements to heal 2 allies each for HP equal to 350% of the user's Attack. Those allies become Enraged, having their Attack increased to 1.5x until the end of their next turns. This will overwrite the effect of previous Enrage skills. Cannot be used if there are no allied reinforcements left.",
    "Passive Skill 1": "Hallowed Healing",
    "Passive Skill 1 Description": "If this unit takes damage from an attack and survives until after the end of the turn, this unit will heal for 25% of max HP and add 1 Kuromori to the very back of allied reinforcements.",
    "Passive Skill 2": "Auto Poison+",
    "Passive Skill 2 Description": "This unit heals 30% of its max HP whenever a poisoned enemy gets a turn, and new enemies entering the battlefield will gain the Poison status effect. Poison will overwrite other status effects on affected units.",
    "Passive Skill 3": "HP Up Lv3",
    "Passive Skill 3 Description": "Adds 1200 to this unit's max HP.",
    "Passive Skill 4": "Attack Up Lv3",
    "Passive Skill 4 Description Description": "Adds 300 to this unit's Attack.",
    "Passive Skill 5": "Earth Resist Lv3",
    "Passive Skill 5 Description": "10% less damage from attacks by Earth units.",
    "Passive Skill 6 Description": "Mace Mastery",
    "Passive Skill 6": "Can use weapon skills of Maces in addition to their original preferred weapon type."
  },
  {
    "quickview-portrait-image src": "https://evertaletoolbox2.runasp.net/files/images/monsters/small/DeerGirl02_2.png",
    "Name": "Haku",
    "Title": "Sacred Deer Onmyoji",
    "icon36 src (2)": "https://evertaletoolbox2.runasp.net/files/ui/elements/Light.png",
    "Attack": "1,301",
    "HP": "7,915",
    "SPD": "105",
    "icon36 src (3)": "https://evertaletoolbox2.runasp.net/files/ui/weapons/Katana.png",
    "Leader Skill": "Light HP Up",
    "Leader Skill Description": "Allied Light element units have their max HP increased by 10%.",
    "Active Skill 1": "Masterstroke",
    "Active Skill 1 Description": "Damage to 1 enemy. If the user's Ink of Restoration or Ink of Command active skills have reached their usage limit, heals the user for 25% of their max HP and adds 1 Shiromori next in line of allied reinforcements. Double the healing and Shiromori's added if both skills have reached their usage limit.",
    "Active Skill 2": "Ink of Restoration",
    "Active Skill 2 Description": "Removes negative status effects like sleep, burn or poison from 1 ally, and heals them for HP equal to 500% of the user's Attack. Usable 3 times per battle.",
    "Active Skill 3": "Ink of Command",
    "Active Skill 3 Description": "Immediately give 1 other ally the next turn by reducing their current TU to 0. Usable 3 times per battle. Active skills that grant turns cannot be used on turns given by this skill.",
    "Active Skill 4": "Survivor's Wrath",
    "Active Skill 4 Description": "300% damage to all enemies. This attack ignores the Stealth and Counter Stance Status Effects, and the effects of skin passive skills. Locked for 300TU after the user has entered the battlefield.",
    "Passive Skill 1": "Quick Draw",
    "Passive Skill 1 Description": "This unit's active skills all cost 50% less TU on its first turn on the battlefield. Effects that further reduce TU will have diminishing returns while this is in effect.",
    "Passive Skill 2": "Reincarnation Revenge",
    "Passive Skill 2 Description": "Revives this unit to the very back of allied reinforcements with full HP when this unit is defeated by an enemy. The revived unit will be considered a conjured unit and will have this passive skill disabled. Use limits on active skills will be reset for the revived unit.",
    "Passive Skill 3": "HP Up Lv3",
    "Passive Skill 3 Description": "Adds 1200 to this unit's max HP.",
    "Passive Skill 4": "G.axe Resist Lv3",
    "Passive Skill 4 Description Description": "10% less damage from attacks by units equipped with Greataxes.",
    "Passive Skill 5": "Attack Up Lv3",
    "Passive Skill 5 Description": "Adds 300 to this unit's Attack.",
    "Passive Skill 6 Description": "Hammer Mastery",
    "Passive Skill 6": "Can use weapon skills of Hammers in addition to their original preferred weapon type."
  },
  {
    "quickview-portrait-image src": "https://evertaletoolbox2.runasp.net/files/images/monsters/small/InugamiRegular02_2.png",
    "Name": "Rin",
    "Title": "Canine Blademaster",
    "icon36 src (2)": "https://evertaletoolbox2.runasp.net/files/ui/elements/Dark.png",
    "Attack": "1,567",
    "HP": "6,585",
    "SPD": "355",
    "icon36 src (3)": "https://evertaletoolbox2.runasp.net/files/ui/weapons/Axe.png",
    "Leader Skill": "Dark Attack Up",
    "Leader Skill Description": "Allied Dark element units have their Attack increased by 15%.",
    "Active Skill 1": "Super Poison Strike",
    "Active Skill 1 Description": "Damage to 1 enemy and then grants them the Super Poison status effect. This attack ignores enemy damage reduction effects. Super Poison deals 4 times the damage of normal poison, and cannot be overwritten by normal Poison. This will overwrite other status effects on that enemy.",
    "Active Skill 2": "Poison Drain",
    "Active Skill 2 Description": "400% damage to 2 enemies if they are poisoned. Heals the user for 50% of max HP if damage is dealt to a poisoned enemy.",
    "Active Skill 3": "Flip Poison All",
    "Active Skill 3 Description": "Exchanges the user's current HP with the amount of HP they have currently lost, and grants all enemies the Poison status effect. This will overwrite other status effects on those enemies. Usable once each time this unit is on the battlefield.",
    "Active Skill 4": "Savage Assassin",
    "Active Skill 4 Description": "500% damage to 1 enemy. This attack ignores enemy damage reduction effects. Usable if the user has defeated 1+ units with attacks while on the battlefield.",
    "Passive Skill 1": "Auto Guard Breaker",
    "Passive Skill 1 Description": "50% bonus to attacks against units that are Guardians.",
    "Passive Skill 2": "Hold Ground+",
    "Passive Skill 2 Description": "If this unit would be defeated, it instead survives with 1 HP and then cannot be defeated until its next turn. This effect can trigger only once each time this unit enters the battlefield.",
    "Passive Skill 3": "Attack Up Lv3",
    "Passive Skill 3 Description": "Adds 300 to this unit's Attack.",
    "Passive Skill 4": "Water Resist Lv3",
    "Passive Skill 4 Description Description": "10% less damage from attacks by Water units.",
    "Passive Skill 5": "HP Up Lv3",
    "Passive Skill 5 Description": "Adds 1200 to this unit's max HP.",
    "Passive Skill 6 Description": "Sword Mastery",
    "Passive Skill 6": "Can use weapon skills of Swords in addition to their original preferred weapon type."
  },
  {
    "quickview-portrait-image src": "https://evertaletoolbox2.runasp.net/files/images/monsters/small/FreyaRegular02_2.png",
    "Name": "Freya",
    "Title": "Goddess of Love and War",
    "icon36 src (2)": "https://evertaletoolbox2.runasp.net/files/ui/elements/Fire.png",
    "Attack": "1,247",
    "HP": "8,185",
    "SPD": "350",
    "icon36 src (3)": "https://evertaletoolbox2.runasp.net/files/ui/weapons/Spear.png",
    "Leader Skill": "Fire Attack Up",
    "Leader Skill Description": "Allied Fire element units have their Attack increased by 15%.",
    "Active Skill 1": "Swift Strike",
    "Active Skill 1 Description": "75% damage to 1 enemy and allies gain 1 Spirit.",
    "Active Skill 2": "Burning Phoenix",
    "Active Skill 2 Description": "500% damage to 1 enemy, reduces the user's current HP by 40% of max and removes Burn from the user. This HP reduction will not reduce the user's HP below 1. The Hold Ground+ passive skill is reset for the user and can be triggered again. Usable if the user has the Burn status effect and more than 25% of max HP remaining.",
    "Active Skill 3": "Burning Shield",
    "Active Skill 3 Description": "For 50TU, the user becomes a Guardian and gains 50% damage reduction from attacks. The user is also granted the Burn status effect. This will overwrite other status effects on the user. For any enemy attack that would hit 1 or 2 other allies while this unit is a Guardian, 1 of the hits is instead redirected to this unit. This unit will not redirect skills that don't deal damage. Any unit that deals damage to or is dealt damage by a unit with burn will also become burned. Usable only if this unit is not already a Guardian.",
    "Active Skill 4": "Desperate Assassin",
    "Active Skill 4 Description": "400% damage to 1 enemy, and the user recovers HP by 100% of its own max HP if damage is dealt. This attack ignores damage reduction effects. Usable only if the user's HP is at 25% or less.",
    "Passive Skill 1": "Hold Ground+",
    "Passive Skill 1 Description": "If this unit would be defeated, it instead survives with 1 HP and then cannot be defeated until its next turn. This effect can trigger only once each time this unit enters the battlefield.",
    "Passive Skill 2": "War Goddess",
    "Passive Skill 2 Description": "This unit will gain the Burn status effect whenever it deals damage with or is dealt damage by an attack while this unit is not sleeping, this will overwrite other status effects on the user. If this unit is already burning when this triggers, it will become Enraged, this will overwrite the effect of other Enrage skills. If this unit is already enraged as well as burning, allies will gain 1 Spirit. Any unit that deals damage to or is dealt damage by a unit with burn will also become burned. Enraged units have their Attack increased to 1.5x until the end of their next turn.",
    "Passive Skill 3": "Attack Up Lv3",
    "Passive Skill 3 Description": "Adds 300 to this unit's Attack.",
    "Passive Skill 4": "Light Resist Lv3",
    "Passive Skill 4 Description Description": "10% less damage from attacks by Light units.",
    "Passive Skill 5": "HP Up Lv3",
    "Passive Skill 5 Description": "Adds 1200 to this unit's max HP.",
    "Passive Skill 6 Description": "Hammer Mastery",
    "Passive Skill 6": "Can use weapon skills of Hammers in addition to their original preferred weapon type."
  },
  {
    "quickview-portrait-image src": "https://evertaletoolbox2.runasp.net/files/images/monsters/small/MerlinRegular02_2.png",
    "Name": "Merlin",
    "Title": "Sorceress of Prophecy",
    "icon36 src (2)": "https://evertaletoolbox2.runasp.net/files/ui/elements/Storm.png",
    "Attack": "1,553",
    "HP": "6,655",
    "SPD": "489",
    "icon36 src (3)": "https://evertaletoolbox2.runasp.net/files/ui/weapons/Staff.png",
    "Leader Skill": "Storm Attack Up",
    "Leader Skill Description": "Allied Storm units have their Attack increased by 15%.",
    "Active Skill 1": "Drain Attack",
    "Active Skill 1 Description": "Damage to 1 enemy, and heals the user for 100% of total damage dealt.",
    "Active Skill 2": "Guard Destroyer",
    "Active Skill 2 Description": "500% damage to 1 enemy if they are a Guardian.",
    "Active Skill 3": "Stun All Exit",
    "Active Skill 3 Description": "Stuns all enemies for 100TU. The user is sent away from the battlefield to the very end of allied reinforcements if there are any. Locked for 100TU after the user has entered the battlefield. Usable once per battle.",
    "Active Skill 4": "Mage's Stand",
    "Active Skill 4 Description": "300% damage to 1 enemy and then poisons them. 500% damage if the user is alone on the battlefield. This attack ignores damage reduction effects. Usable if there are no allied reinforcements.",
    "Passive Skill 1": "Brave Armor",
    "Passive Skill 1 Description": "65% damage reduction from attacks while there are no allied reinforcements.",
    "Passive Skill 2": "Time Thief Entry",
    "Passive Skill 2 Description": "Stuns the enemy with the lowest current TU for 100TU and reduces the current TU of the ally with the highest current TU by 100. Triggered when this unit enters the battlefield from reinforcements.",
    "Passive Skill 3": "Attack Up Lv3",
    "Passive Skill 3 Description": "Adds 300 to this unit's Attack.",
    "Passive Skill 4": "Spear Hunter Lv3",
    "Passive Skill 4 Description Description": "10% bonus to attacks against units equipped with Spears.",
    "Passive Skill 5": "HP Up Lv3",
    "Passive Skill 5 Description": "Adds 1200 to this unit's max HP.",
    "Passive Skill 6 Description": "Axe Mastery",
    "Passive Skill 6": "Can use weapon skills of Axes in addition to their original preferred weapon type."
  },
  {
    "quickview-portrait-image src": "https://evertaletoolbox2.runasp.net/files/images/monsters/small/DeadlyVampire02_2.png",
    "Name": "Reina",
    "Title": "Crimson-Eyed Vampire",
    "icon36 src (2)": "https://evertaletoolbox2.runasp.net/files/ui/elements/Dark.png",
    "Attack": "1,470",
    "HP": "7,070",
    "SPD": "570",
    "icon36 src (3)": "https://evertaletoolbox2.runasp.net/files/ui/weapons/GreatAxe.png",
    "Leader Skill": "Dark ATK & HP Up",
    "Leader Skill Description": "Allied Dark element units have their Attack increased by 10% and max HP increased by 7%.",
    "Active Skill 1": "Vampiric Drain",
    "Active Skill 1 Description": "Damage to 2 enemies and steal 1 Spirit from the enemy team for each enemy damaged. The user is healed for 200% of the total damage dealt.",
    "Active Skill 2": "Blood Vampire",
    "Active Skill 2 Description": "Sacrifices the last unit in the allied reinforcements for 500% damage to 1 enemy. If damage is dealt, the user is healed for 50% of max HP and steals 1 Spirit from the enemy team. Usable only if there are 1 or more allied reinforcements left.",
    "Active Skill 3": "Deadly Doppelganger",
    "Active Skill 3 Description": "Adds another Reina to the next in line of allied reinforcements. This Reina's Level, Limit Breaks, Awakenings, Boosts, Potential, Mastery, Weapon, and Accessory will match the user. Unlocked each time the user defeats another unit with an attack. This skill is locked again after each use or if the user leaves the battlefield, and will fail if there are 3 or more conjured copies of Reina among allies on the battlefield and allied reinforcements.",
    "Active Skill 4": "Survivor's Raid",
    "Active Skill 4 Description": "400% damage to 1 enemy. This attack ignores enemy damage reduction effects. Locked for 300TU after the user has entered the battlefield.",
    "Passive Skill 1": "Summon Entry",
    "Passive Skill 1 Description": "Adds 2 Kuromoris to the very end of this unit's team. Triggered when this unit enters the battlefield from the allied reinforcements.",
    "Passive Skill 2": "Mega Poison Entry",
    "Passive Skill 2 Description": "The enemy with the highest current TU is granted the Mega Poison status effect for 100TU. Triggered when this unit enters the battlefield from reinforcements. Mega Poison deals 20 times the damage of normal Poison and cannot be overwritten by normal Poison or Super Poison. This will overwrite other status effects on that enemy.",
    "Passive Skill 3": "HP Up Lv3",
    "Passive Skill 3 Description": "Adds 1200 to this unit's max HP.",
    "Passive Skill 4": "Attack Up Lv3",
    "Passive Skill 4 Description Description": "Adds 300 to this unit's Attack.",
    "Passive Skill 5": "Sleep Resist Lv3",
    "Passive Skill 5 Description": "Reduces the duration of any enemy sleep effects on this unit by 20TU.",
    "Passive Skill 6 Description": "Hammer Mastery",
    "Passive Skill 6": "Can use weapon skills of Hammers in addition to their original preferred weapon type."
  },
  {
    "quickview-portrait-image src": "https://evertaletoolbox2.runasp.net/files/images/monsters/small/TheoRegular02_2.png",
    "Name": "Theo",
    "Title": "Cerulean Sorcerer",
    "icon36 src (2)": "https://evertaletoolbox2.runasp.net/files/ui/elements/Earth.png",
    "Attack": "984",
    "HP": "9,500",
    "SPD": "320",
    "icon36 src (3)": "https://evertaletoolbox2.runasp.net/files/ui/weapons/Staff.png",
    "Leader Skill": "Earth ATK & HP Up",
    "Leader Skill Description": "Allied Earth element units have their Attack increased by 10% and max HP increased by 7%.",
    "Active Skill 1": "Null Strike Drain",
    "Active Skill 1 Description": "Removes any status effect from 1 enemy and then deals damage to them. The user is healed for 100% of the total damage dealt. This attack ignores damage reduction effects and skin passive skills.",
    "Active Skill 2": "Super Heal",
    "Active Skill 2 Description": "Heals 1 ally for HP equal to 600% of the user's Attack.",
    "Active Skill 3": "Purify",
    "Active Skill 3 Description": "Removes negative status effects like sleep, burn or poison from 1 ally.",
    "Active Skill 4": "Inspired Drain",
    "Active Skill 4 Description": "500% damage to 1 enemy, and heals the user for 100% of the total damage dealt. Unlocked each time an enemy on the battlefield that was not conjured during battle is defeated or sacrificed by any source. This skill is locked again after each use or if the user leaves the battlefield.",
    "Passive Skill 1": "Healing Pulse",
    "Passive Skill 1 Description": "Other allies on the battlefield will each be healed for 100% of this unit's Attack when this unit gets the turn.",
    "Passive Skill 2": "Hold Ground",
    "Passive Skill 2 Description": "If this unit would be defeated by an enemy attack or a status effect while having more than 1 HP, it instead survives with 1 HP.",
    "Passive Skill 3": "HP Up Lv3",
    "Passive Skill 3 Description": "Adds 1200 to this unit's max HP.",
    "Passive Skill 4": "Attack Up Lv3",
    "Passive Skill 4 Description Description": "Adds 300 to this unit's Attack.",
    "Passive Skill 5": "Fire Resist Lv3",
    "Passive Skill 5 Description": "10% less damage from attacks by Fire units.",
    "Passive Skill 6 Description": "Sword Mastery",
    "Passive Skill 6": "Can use weapon skills of Swords in addition to their original preferred weapon type."
  },
  {
    "quickview-portrait-image src": "https://evertaletoolbox2.runasp.net/files/images/monsters/small/SnowWhiteSwimsuit02_2.png",
    "Name": "Snow White",
    "Title": "A Midsummer Snow's Dream",
    "icon36 src (2)": "https://evertaletoolbox2.runasp.net/files/ui/elements/Water.png",
    "Attack": "1,280",
    "HP": "8,020",
    "SPD": "611",
    "icon36 src (3)": "https://evertaletoolbox2.runasp.net/files/ui/weapons/Katana.png",
    "Leader Skill": "Water Attack Up",
    "Leader Skill Description": "Allied Water element units have their Attack increased by 15%.",
    "Active Skill 1": "Sneak Attack",
    "Active Skill 1 Description": "Damage to 1 enemy and allies gain 2 Spirit. This attack ignores enemy damage reduction effects.",
    "Active Skill 2": "Stealth Fury+",
    "Active Skill 2 Description": "500% damage to 1 enemy. Usable if the user has the Stealth status effect. This attack ignores any enemy status effects, damage reduction effects, revenge passive skills, and skin passive skills.",
    "Active Skill 3": "Healing Stealth",
    "Active Skill 3 Description": "Grants the Stealth status effect to the user and heals them for 50% of Max HP. This will overwrite other status effects on that unit. Stealthed units ignore the next enemy attack that would damage more than 1 target. Any damage will remove stealth. Usable if the user does not have the Stealth status effect.",
    "Active Skill 4": "Frozen Dreams",
    "Active Skill 4 Description": "600% damage to 1 enemy if they are sleeping. This attack ignores enemy damage reduction effects. If damage is dealt to a sleeping target, the user recovers HP to 100% of its own max and gains the Stealth status effect. This will overwrite other status effects on the user. Stealthed units ignore the next enemy attack that would damage more than 1 target. Any damage will remove stealth.",
    "Passive Skill 1": "Counter Skin",
    "Passive Skill 1 Description": "When this unit takes damage from an attack, they will immediately get the next turn. This cannot trigger again until TU advances. This unit cannot become a Guardian or Stun Absorber.",
    "Passive Skill 2": "Deadly Sleep",
    "Passive Skill 2 Description": "A random enemy that has not slept while on the battlefield is granted the Sleep status effect for 200TU. This will overwrite other status effects on that unit. Triggered whenever this unit defeats an enemy with an attack.",
    "Passive Skill 3": "Attack Up Lv3",
    "Passive Skill 3 Description": "Adds 300 to this unit's Attack.",
    "Passive Skill 4": "HP Up Lv3",
    "Passive Skill 4 Description Description": "Adds 1200 to this unit's max HP.",
    "Passive Skill 5": "Mace Hunter Lv3",
    "Passive Skill 5 Description": "10% bonus to attacks against units equipped with Maces.",
    "Passive Skill 6 Description": "Greatsword Mastery",
    "Passive Skill 6": "Can use weapon skills of Greatswords in addition to their original preferred weapon type."
  }
]