[
  {
    "quickview-portrait-image src": "https://evertaletoolbox2.runasp.net/files/images/monsters/small/AnimalFamiliarDojo02_2.png",
    "Name": "Beryx",
    "icon36 src": "https://evertaletoolbox2.runasp.net/files/ui/app/RarityIconSr01.png",
    "icon10 src": "https://evertaletoolbox2.runasp.net/files/ui/rarity/IconBlackStarGold01.png",
    "icon10 src (2)": "https://evertaletoolbox2.runasp.net/files/ui/rarity/IconBlackStarGold01.png",
    "icon10 src (3)": "https://evertaletoolbox2.runasp.net/files/ui/rarity/IconBlackStarGold01.png",
    "icon10 src (4)": "https://evertaletoolbox2.runasp.net/files/ui/rarity/IconBlackStarGold01.png",
    "icon10 src (5)": "https://evertaletoolbox2.runasp.net/files/ui/rarity/IconBlackStarGold01.png",
    "icon36 src (2)": "https://evertaletoolbox2.runasp.net/files/ui/elements/Dark.png",
    "Cost": "28",
    "Attack": "760",
    "HP": "3,730",
    "SPD": "294",
    "icon36 src (3)": "https://evertaletoolbox2.runasp.net/files/ui/weapons/Axe.png",
    "Title": "Attack Up",
    "Leader Skill": "Allied Dark element units have their Attack increased by 10%.",
    "Active Skill 1": "Brash Strike",
    "Active Skill 1 Description": "150% damage to 1 enemy and allies gain 1 Spirit. Reflects 30% of the damage to the user.",
    "Active Skill 2": "Attack All",
    "Active Skill 2 Description": "Damage to all enemies.",
    "Active Skill 3": "Desperate Strike",
    "Active Skill 3 Description": "400% damage to 1 enemy. Usable only if the user's HP is at 50% or less. 500% damage if the user's HP is at 25% or less.",
    "Active Skill 4": "Vengeance Strike",
    "Active Skill 4 Description": "300% damage to 2 enemies if they have defeated 1+ units with attacks while on the battlefield.",
    "Passive Skill 1": "Poison Revenge",
    "Passive Skill 1 Description": "Whenever this unit is defeated by an enemy, that enemy gains the Poison status effect. This will overwrite other status effects on that unit.",
    "Passive Skill 2": "Mace Resist Lv2",
    "Passive Skill 2 Description": "7% less damage from attacks by units equipped with Maces.",
    "Passive Skill 3": "HP Up Lv2",
    "Passive Skill 3 Description": "Adds 800 to this unit's max HP.",
    "Passive Skill 4": "Attack Up Lv2",
    "Passive Skill 4 Description Description": "Adds 200 to this unit's Attack.",
    "Passive Skill 5": "Staff Mastery",
    "Passive Skill 5 Description": "Can use weapon skills of Staffs in addition to their original preferred weapon type."
  },
  {
    "quickview-portrait-image src": "https://evertaletoolbox2.runasp.net/files/images/monsters/small/OnionBoyDojo02_2.png",
    "Name": "Kwee",
    "icon10 src": "https://evertaletoolbox2.runasp.net/files/ui/rarity/IconBrownStarBronze01.png",
    "icon36 src (2)": "https://evertaletoolbox2.runasp.net/files/ui/elements/Earth.png",
    "Cost": "8",
    "Attack": "251",
    "HP": "1,306",
    "SPD": "48",
    "icon36 src (3)": "https://evertaletoolbox2.runasp.net/files/ui/weapons/Sword.png",
    "Active Skill 1": "Attack",
    "Active Skill 1 Description": "Damage to 1 enemy and allies gain 1 Spirit.",
    "Active Skill 2": "Last Heal",
    "Active Skill 2 Description": "Sacrifices the user to heal all allies for HP equal to 250% of the user's Attack.",
    "Active Skill 3": "Poison Revenge",
    "Active Skill 3 Description": "Whenever this unit is defeated by an enemy, that enemy gains the Poison status effect. This will overwrite other status effects on that unit.",
    "icon36h32 src": "https://evertaletoolbox2.runasp.net/files/ui/app/RarityIconN01.png"
  },
  {
    "quickview-portrait-image src": "https://evertaletoolbox2.runasp.net/files/images/monsters/small/TigerApeDojo01_2.png",
    "Name": "Demonkey",
    "icon10 src": "https://evertaletoolbox2.runasp.net/files/ui/rarity/IconBrownStarBronze01.png",
    "icon10 src (2)": "https://evertaletoolbox2.runasp.net/files/ui/rarity/IconBrownStarBronze01.png",
    "icon10 src (3)": "https://evertaletoolbox2.runasp.net/files/ui/rarity/IconBrownStarBronze01.png",
    "icon36 src (2)": "https://evertaletoolbox2.runasp.net/files/ui/elements/Earth.png",
    "Cost": "16",
    "Attack": "399",
    "HP": "1,684",
    "SPD": "460",
    "icon36 src (3)": "https://evertaletoolbox2.runasp.net/files/ui/weapons/Hammer.png",
    "Active Skill 1": "Attack",
    "Active Skill 1 Description": "Damage to 1 enemy and allies gain 2 Spirit.",
    "Active Skill 2": "Final Strike",
    "Active Skill 2 Description": "400% damage to 2 enemies. Usable only if the user has no allies on the battlefield.",
    "Active Skill 3": "Grant Stealth",
    "Active Skill 3 Description": "Grants the Stealth status effect to 1 ally. This will overwrite other status effects on that unit. Stealthed units ignore the next enemy attack that would damage more than 1 target. Any damage will remove stealth.",
    "Active Skill 4": "Sleep Revenge",
    "Active Skill 4 Description": "Whenever this unit is defeated by an enemy, that enemy gains the Sleep status effect for 200TU. This will overwrite other status effects on that unit. Sleep cannot be applied to a unit that Has Slept while on the battlefield.",
    "icon36h32 src": "https://evertaletoolbox2.runasp.net/files/ui/app/RarityIconN01.png"
  },
  {
    "quickview-portrait-image src": "https://evertaletoolbox2.runasp.net/files/images/monsters/small/FurCoatWolfDojo02_2.png",
    "Name": "Baltu Merc",
    "icon36 src": "https://evertaletoolbox2.runasp.net/files/ui/app/RarityIconR01.png",
    "icon10 src": "https://evertaletoolbox2.runasp.net/files/ui/rarity/IconGreyStarSilver01.png",
    "icon10 src (2)": "https://evertaletoolbox2.runasp.net/files/ui/rarity/IconGreyStarSilver01.png",
    "icon10 src (3)": "https://evertaletoolbox2.runasp.net/files/ui/rarity/IconGreyStarSilver01.png",
    "icon10 src (4)": "https://evertaletoolbox2.runasp.net/files/ui/rarity/IconGreyStarSilver01.png",
    "icon36 src (2)": "https://evertaletoolbox2.runasp.net/files/ui/elements/Light.png",
    "Cost": "20",
    "Attack": "523",
    "HP": "2,808",
    "SPD": "274",
    "icon36 src (3)": "https://evertaletoolbox2.runasp.net/files/ui/weapons/Mace.png",
    "Active Skill 1": "Attack",
    "Active Skill 1 Description": "Damage to 1 enemy and allies gain 2 Spirit.",
    "Active Skill 2": "Attack All",
    "Active Skill 2 Description": "Damage to all enemies.",
    "Active Skill 3": "Vigor Impact",
    "Active Skill 3 Description": "250% damage to 1 enemy. Usable only if the user's HP is at 75%+.",
    "Active Skill 4": "Desperate Strike",
    "Active Skill 4 Description": "400% damage to 1 enemy. Usable only if the user's HP is at 50% or less. 500% damage if the user's HP is at 25% or less.",
    "Passive Skill 1": "Hold Ground",
    "Passive Skill 1 Description": "If this unit would be defeated by an enemy attack or a status effect while having more than 1 HP, it instead survives with 1 HP.",
    "Passive Skill 2": "Dark Resist Lv1",
    "Passive Skill 2 Description": "5% less damage from attacks by Dark units.",
    "Passive Skill 3": "HP Up Lv1",
    "Passive Skill 3 Description": "Adds 600 to this unit's max HP.",
    "Passive Skill 4": "Attack Up Lv1",
    "Passive Skill 4 Description Description": "Adds 150 to this unit's Attack.",
    "Passive Skill 5": "Sword Mastery",
    "Passive Skill 5 Description": "Can use weapon skills of Swords in addition to their original preferred weapon type."
  },
  {
    "quickview-portrait-image src": "https://evertaletoolbox2.runasp.net/files/images/monsters/small/ElfFireSamuraiDojo02_2.png",
    "Name": "Akatsuki",
    "icon36 src": "https://evertaletoolbox2.runasp.net/files/ui/app/RarityIconSsr01.png",
    "icon10 src": "https://evertaletoolbox2.runasp.net/files/ui/rarity/IconRainbowStar01.png",
    "icon10 src (2)": "https://evertaletoolbox2.runasp.net/files/ui/rarity/IconRainbowStar01.png",
    "icon10 src (3)": "https://evertaletoolbox2.runasp.net/files/ui/rarity/IconRainbowStar01.png",
    "icon10 src (4)": "https://evertaletoolbox2.runasp.net/files/ui/rarity/IconRainbowStar01.png",
    "icon10 src (5)": "https://evertaletoolbox2.runasp.net/files/ui/rarity/IconRainbowStar01.png",
    "icon36 src (2)": "https://evertaletoolbox2.runasp.net/files/ui/elements/Fire.png",
    "Cost": "34",
    "Attack": "1,149",
    "HP": "5,555",
    "SPD": "403",
    "icon36 src (3)": "https://evertaletoolbox2.runasp.net/files/ui/weapons/Katana.png",
    "Title": "Attack Up",
    "Leader Skill": "Allied Fire element units have their Attack increased by 15%.",
    "Active Skill 1": "Attack",
    "Active Skill 1 Description": "Damage to 1 enemy and allies gain 2 Spirit.",
    "Active Skill 2": "Attack All",
    "Active Skill 2 Description": "Damage to all enemies.",
    "Active Skill 3": "Burn Blast",
    "Active Skill 3 Description": "300% damage to 1 enemy. Usable if the user has the Burn status effect.",
    "Active Skill 4": "Burn Drive",
    "Active Skill 4 Description": "400% damage to 2 enemies. Usable only if there are at least 4 units with the Burn status effect and there is at least 1 other Fire ally. 500% damage if there at least 6 units with burn.",
    "Passive Skill 1": "Burning Entry",
    "Passive Skill 1 Description": "This unit gains the Burn status effect. Triggered when this unit enters the battlefield from the allied reinforcements. Any unit that deals damage to or is dealt damage by a unit with burn will also become burned.",
    "Passive Skill 2": "Burning Focus",
    "Passive Skill 2 Description": "This unit is not affected by stun effects while they have the Burn status effect.",
    "Passive Skill 3": "Hammer Hunter Lv3",
    "Passive Skill 3 Description": "10% bonus to attacks against units equipped with Hammers.",
    "Passive Skill 4": "HP Up Lv3",
    "Passive Skill 4 Description Description": "Adds 1200 to this unit's max HP.",
    "Passive Skill 5": "Attack Up Lv3",
    "Passive Skill 5 Description": "Adds 300 to this unit's Attack."
  },
  {
    "quickview-portrait-image src": "https://evertaletoolbox2.runasp.net/files/images/monsters/small/AztecWarriorDojo02_2.png",
    "Name": "Zamal",
    "icon36 src": "https://evertaletoolbox2.runasp.net/files/ui/app/RarityIconSr01.png",
    "icon10 src": "https://evertaletoolbox2.runasp.net/files/ui/rarity/IconBlackStarGold01.png",
    "icon10 src (2)": "https://evertaletoolbox2.runasp.net/files/ui/rarity/IconBlackStarGold01.png",
    "icon10 src (3)": "https://evertaletoolbox2.runasp.net/files/ui/rarity/IconBlackStarGold01.png",
    "icon10 src (4)": "https://evertaletoolbox2.runasp.net/files/ui/rarity/IconBlackStarGold01.png",
    "icon10 src (5)": "https://evertaletoolbox2.runasp.net/files/ui/rarity/IconBlackStarGold01.png",
    "icon36 src (2)": "https://evertaletoolbox2.runasp.net/files/ui/elements/Fire.png",
    "Cost": "28",
    "Attack": "768",
    "HP": "3,690",
    "SPD": "295",
    "icon36 src (3)": "https://evertaletoolbox2.runasp.net/files/ui/weapons/Sword.png",
    "Title": "Attack & HP Up",
    "Leader Skill": "Allied Fire element units have their Attack increased by 7% and max HP increased by 5%.",
    "Active Skill 1": "Attack",
    "Active Skill 1 Description": "Damage to 1 enemy and allies gain 2 Spirit.",
    "Active Skill 2": "Attack All",
    "Active Skill 2 Description": "Damage to all enemies.",
    "Active Skill 3": "Ignition",
    "Active Skill 3 Description": "The user gains the Burn status effect. This will overwrite other status effects on that unit. Any unit that deals damage to or is dealt damage by a unit with burn will also become burned.",
    "Active Skill 4": "Burn Blast",
    "Active Skill 4 Description": "300% damage to 1 enemy. Usable if the user has the Burn status effect.",
    "Passive Skill 1": "Burning Focus",
    "Passive Skill 1 Description": "This unit is not affected by stun effects while they have the Burn status effect.",
    "Passive Skill 2": "Hammer Hunter Lv2",
    "Passive Skill 2 Description": "7% bonus to attacks against units equipped with Hammers.",
    "Passive Skill 3": "HP Up Lv2",
    "Passive Skill 3 Description": "Adds 800 to this unit's max HP.",
    "Passive Skill 4": "Attack Up Lv2",
    "Passive Skill 4 Description Description": "Adds 200 to this unit's Attack.",
    "Passive Skill 5": "Mace Mastery",
    "Passive Skill 5 Description": "Can use weapon skills of Maces in addition to their original preferred weapon type."
  },
  {
    "quickview-portrait-image src": "https://evertaletoolbox2.runasp.net/files/images/monsters/small/IceSpiritDojo01_2.png",
    "Name": "Frozen Soul",
    "icon10 src": "https://evertaletoolbox2.runasp.net/files/ui/rarity/IconBrownStarBronze01.png",
    "icon10 src (2)": "https://evertaletoolbox2.runasp.net/files/ui/rarity/IconBrownStarBronze01.png",
    "icon36 src (2)": "https://evertaletoolbox2.runasp.net/files/ui/elements/Water.png",
    "Cost": "12",
    "Attack": "325",
    "HP": "1,460",
    "SPD": "53",
    "icon36 src (3)": "https://evertaletoolbox2.runasp.net/files/ui/weapons/Staff.png",
    "Active Skill 1": "Attack",
    "Active Skill 1 Description": "Sacrifices the user to grant 2 enemies the Sleep status effect for 200TU. Locked for 200TU after user enters the battlefield. This will overwrite other status effects on these units. Sleep cannot be applied to a unit that Has Slept while on the battlefield.",
    "Active Skill 2": "Sleep Bomb",
    "Active Skill 2 Description": "If this unit would be defeated by an enemy attack or a status effect while having more than 1 HP, it instead survives with 1 HP.",
    "Active Skill 3": "Hold Ground",
    "icon36h32 src": "https://evertaletoolbox2.runasp.net/files/ui/app/RarityIconN01.png"
  },
  {
    "quickview-portrait-image src": "https://evertaletoolbox2.runasp.net/files/images/monsters/small/FloatGuardianDojo01_2.png",
    "Name": "Air Sentinel",
    "icon10 src": "https://evertaletoolbox2.runasp.net/files/ui/rarity/IconBrownStarBronze01.png",
    "icon10 src (2)": "https://evertaletoolbox2.runasp.net/files/ui/rarity/IconBrownStarBronze01.png",
    "icon10 src (3)": "https://evertaletoolbox2.runasp.net/files/ui/rarity/IconBrownStarBronze01.png",
    "icon36 src (2)": "https://evertaletoolbox2.runasp.net/files/ui/elements/Storm.png",
    "Cost": "16",
    "Attack": "326",
    "HP": "1,976",
    "SPD": "263",
    "icon36 src (3)": "https://evertaletoolbox2.runasp.net/files/ui/weapons/GreatSword.png",
    "Active Skill 1": "Brash Strike",
    "Active Skill 1 Description": "135% damage to 1 enemy and allies gain 1 Spirit. Reflects 30% of the damage to the user.",
    "Active Skill 2": "Attack All",
    "Active Skill 2 Description": "Damage to all enemies.",
    "Active Skill 3": "Guard Allies",
    "Active Skill 3 Description": "The user becomes a Guardian. For any enemy attack that would hit 1 or 2 other allies, 1 of the hits is instead redirected to this unit. This unit will not redirect skills that don't deal damage. Usable only if this unit is not already a Guardian.",
    "Active Skill 4": "Hold Ground",
    "Active Skill 4 Description": "If this unit would be defeated by an enemy attack or a status effect while having more than 1 HP, it instead survives with 1 HP.",
    "icon36h32 src": "https://evertaletoolbox2.runasp.net/files/ui/app/RarityIconN01.png"
  },
  {
    "quickview-portrait-image src": "https://evertaletoolbox2.runasp.net/files/images/monsters/small/FireWolfDojo03_2.png",
    "Name": "Cinderwolf",
    "icon10 src": "https://evertaletoolbox2.runasp.net/files/ui/rarity/IconBrownStarBronze01.png",
    "icon10 src (2)": "https://evertaletoolbox2.runasp.net/files/ui/rarity/IconBrownStarBronze01.png",
    "icon10 src (3)": "https://evertaletoolbox2.runasp.net/files/ui/rarity/IconBrownStarBronze01.png",
    "icon36 src (2)": "https://evertaletoolbox2.runasp.net/files/ui/elements/Fire.png",
    "Cost": "16",
    "Attack": "417",
    "HP": "1,612",
    "SPD": "266",
    "icon36 src (3)": "https://evertaletoolbox2.runasp.net/files/ui/weapons/Katana.png",
    "Active Skill 1": "Brash Strike",
    "Active Skill 1 Description": "150% damage to 1 enemy and allies gain 1 Spirit. Reflects 30% of the damage to the user.",
    "Active Skill 2": "Guard Breaker",
    "Active Skill 2 Description": "400% damage to 1 enemy if they are a Guardian.",
    "Active Skill 3": "Time Bolt",
    "Active Skill 3 Description": "400% damage to 1 enemy if they have 150TU or more in the turn order. 500% damage if the target has 200TU or more.",
    "Active Skill 4": "Spirit+ Revenge",
    "Active Skill 4 Description": "Whenever this unit is defeated by an enemy, allies gain 2 Spirit.",
    "icon36h32 src": "https://evertaletoolbox2.runasp.net/files/ui/app/RarityIconN01.png"
  },
  {
    "quickview-portrait-image src": "https://evertaletoolbox2.runasp.net/files/images/monsters/small/FireBirdDojo02_2.png",
    "Name": "Chardinal",
    "icon10 src": "https://evertaletoolbox2.runasp.net/files/ui/rarity/IconBrownStarBronze01.png",
    "icon36 src (2)": "https://evertaletoolbox2.runasp.net/files/ui/elements/Fire.png",
    "Cost": "8",
    "Attack": "292",
    "HP": "1,142",
    "SPD": "142",
    "icon36 src (3)": "https://evertaletoolbox2.runasp.net/files/ui/weapons/Spear.png",
    "Active Skill 1": "Attack Two",
    "Active Skill 1 Description": "Damage to 2 enemies and allies gain 1 Spirit.",
    "Active Skill 2": "Link Burn",
    "Active Skill 2 Description": "175% damage to 1 enemy if there are 3 Fire allies. 225% damage if all 4 allies are Fire.",
    "icon36h32 src": "https://evertaletoolbox2.runasp.net/files/ui/app/RarityIconN01.png"
  }
]