[
  {
    "quickview-portrait-image src": "https://evertaletoolbox2.runasp.net/files/images/monsters/small/DarkRizetteChristmas02_2.png",
    "Name": "Endless Rizette",
    "Title": "Maid of Midwinter",
    "icon36 src": "https://evertaletoolbox2.runasp.net/files/ui/app/RarityIconSsr01.png",
    "icon10 src": "https://evertaletoolbox2.runasp.net/files/ui/rarity/IconRainbowStar01.png",
    "icon10 src (6)": "https://evertaletoolbox2.runasp.net/files/ui/rarity/IconRainbowStar01.png",
    "icon36 src (2)": "https://evertaletoolbox2.runasp.net/files/ui/elements/Earth.png",
    "Cost": "34",
    "Attack": "1,238",
    "HP": "8,224",
    "SPD": "324",
    "icon36 src (3)": "https://evertaletoolbox2.runasp.net/files/ui/weapons/Hammer.png",
    "Leader Skill": "Earth ATK & HP Up",
    "Leader Skill Description": "Allied Earth element units have their Attack increased by 10% and max HP increased by 7%.",
    "Active Skill 1": "Poison",
    "Active Skill 1 Description": "Grants the Poison status effect to 2 enemies. Allies gain 1 Spirit. This will overwrite other status effects on those units.",
    "Active Skill 2": "Poison Drain",
    "Active Skill 2 Description": "400% damage to 2 enemies if they are poisoned. Heals the user for 50% of max HP if damage is dealt to a poisoned enemy.",
    "Active Skill 3": "Vengeance Strike",
    "Active Skill 3 Description": "300% damage to 2 enemies if they have defeated 1+ units with attacks while on the battlefield.",
    "Active Skill 4": "Christmas Gift",
    "Active Skill 4 Description": "Exchanges the user with 1 Jinglemori. The user is sent to the next in line of allied reinforcements. Cannot be used if there are 3 or fewer allies left, or if there already is a Jinglemori among allies on the battlefield.",
    "Passive Skill 1": "Poison Entry",
    "Passive Skill 1 Description": "Poisons the 2 enemies with the lowest current TU. Triggered when this unit enters the battlefield from reinforcements. This will overwrite other status effects on those units.",
    "Passive Skill 2": "Hold Ground",
    "Passive Skill 2 Description": "If this unit would be defeated by an enemy attack or a status effect while having more than 1 HP, it instead survives with 1 HP.",
    "Passive Skill 3": "Attack Up Lv3",
    "Passive Skill 3 Description": "Adds 300 to this unit's Attack.",
    "Passive Skill 4": "HP Up Lv3",
    "Passive Skill 4 Description Description": "Adds 1200 to this unit's max HP.",
    "Passive Skill 5": "G.sword Resist Lv3",
    "Passive Skill 5 Description": "10% less damage from attacks by units equipped with Greatswords.",
    "Passive Skill 6 Description": "Spear Mastery",
    "Passive Skill 6": "Can use weapon skills of Spears in addition to their original preferred weapon type."
  },
  {
    "quickview-portrait-image src": "https://evertaletoolbox2.runasp.net/files/images/monsters/small/ChristmasMinion01_2.png",
    "Name": "Jinglemori",
    "icon36 src (2)": "https://evertaletoolbox2.runasp.net/files/ui/elements/Light.png",
    "Cost": "0",
    "Attack": "208",
    "HP": "1,099",
    "SPD": "300",
    "icon36 src (3)": "https://evertaletoolbox2.runasp.net/files/ui/weapons/Sword.png",
    "Active Skill 1": "Attack",
    "Active Skill 1 Description": "Damage to 1 enemy and allies gain 1 Spirit.",
    "Active Skill 2": "Last Gift",
    "Active Skill 2 Description": "Sacrifices the user to immediately give 1 other ally the next turn by reducing their current TU to 0. Active skills that grant turns cannot be used on turns given by this skill.",
    "Active Skill 3": "Elixir Revenge",
    "Active Skill 3 Description": "Whenever this unit is defeated by an enemy, all allies on the battlefield are healed for 30% of their own max HP and any negative status effects like sleep, burn or poison are removed from them once TU next advances. The timing of these effects in relation to any other effects or skills triggering or expiring at any time between turns is not guaranteed, and they will only apply to units that have been on the battlefield since this unit was defeated."
  },
  {
    "quickview-portrait-image src": "https://evertaletoolbox2.runasp.net/files/images/monsters/small/BunnySamurai02_2.png",
    "Name": "Nanami",
    "Title": "Fleetfoot Samurai",
    "icon36 src": "https://evertaletoolbox2.runasp.net/files/ui/app/RarityIconSr01.png",
    "icon10 src": "https://evertaletoolbox2.runasp.net/files/ui/rarity/IconBlackStarGold01.png",
    "icon36 src (2)": "https://evertaletoolbox2.runasp.net/files/ui/elements/Light.png",
    "Cost": "28",
    "Attack": "845",
    "HP": "4,573",
    "SPD": "117",
    "icon36 src (3)": "https://evertaletoolbox2.runasp.net/files/ui/weapons/Katana.png",
    "Leader Skill": "Light ATK & HP Up",
    "Leader Skill Description": "Allied Light element units have their Attack increased by 7% and max HP increased by 5%.",
    "Active Skill 1": "Attack",
    "Active Skill 1 Description": "Damage to 1 enemy and allies gain 2 Spirit.",
    "Active Skill 2": "Time Strike",
    "Active Skill 2 Description": "500% damage to 1 enemy if they have 130TU or more in the turn order. 600% damage if the target has 200TU or more.",
    "Active Skill 3": "Survivor's Fury",
    "Active Skill 3 Description": "500% damage to 1 enemy. Locked for 300TU after the user has entered the battlefield.",
    "Active Skill 4": "Stun Bolt",
    "Active Skill 4 Description": "Stuns 1 enemy for 150TU.",
    "Passive Skill 1": "Vigor Armor",
    "Passive Skill 1 Description": "50% less attack damage taken by the user while at max HP.",
    "Passive Skill 2": "Stun Revenge",
    "Passive Skill 2 Description": "When this unit is defeated by an enemy, that enemy is stunned for 200TU.",
    "Passive Skill 3": "HP Up Lv2",
    "Passive Skill 3 Description": "Adds 800 to this unit's max HP.",
    "Passive Skill 4": "Stun Resist Lv2",
    "Passive Skill 4 Description Description": "Reduces the amount of any stun effects against this unit by 15TU.",
    "Passive Skill 5": "Attack Up Lv2",
    "Passive Skill 5 Description": "Adds 200 to this unit's Attack.",
    "Passive Skill 6 Description": "Greatsword Mastery",
    "Passive Skill 6": "Can use weapon skills of Greatswords in addition to their original preferred weapon type."
  },
  {
    "quickview-portrait-image src": "https://evertaletoolbox2.runasp.net/files/images/monsters/small/OniSchoolGirl02_2.png",
    "Name": "Hibiki",
    "Title": "Demon of Class 2-B",
    "icon36 src": "https://evertaletoolbox2.runasp.net/files/ui/app/RarityIconSsr01.png",
    "icon10 src": "https://evertaletoolbox2.runasp.net/files/ui/rarity/IconRainbowStar01.png",
    "icon10 src (6)": "https://evertaletoolbox2.runasp.net/files/ui/rarity/IconRainbowStar01.png",
    "icon36 src (2)": "https://evertaletoolbox2.runasp.net/files/ui/elements/Fire.png",
    "Cost": "34",
    "Attack": "1,562",
    "HP": "6,601",
    "SPD": "511",
    "icon36 src (3)": "https://evertaletoolbox2.runasp.net/files/ui/weapons/Katana.png",
    "Leader Skill": "Fire Attack Up",
    "Leader Skill Description": "Allied Fire element units have their Attack increased by 15%.",
    "Active Skill 1": "Ignition Attack",
    "Active Skill 1 Description": "Damage to 1 enemy. The user is then granted the Burn status effect. This will overwrite other status effects on the user. Any unit that deals damage to or is dealt damage by a unit with burn will also become burned.",
    "Active Skill 2": "Ignition Rage",
    "Active Skill 2 Description": "The user gains the Burn status effect, and until the end of its next turn its Attack is increased to 1.5x. Usable only if the user does not have burn already. This will overwrite other status effects and the effects of other Enrage skills on the user. Any unit that deals damage to or is dealt damage by a unit with burn will also become burned.",
    "Active Skill 3": "Burn Blast+",
    "Active Skill 3 Description": "400% damage to 1 enemy. Usable if the user has the Burn status effect.",
    "Active Skill 4": "Crisis Drain",
    "Active Skill 4 Description": "250% damage to 2 enemies, and the user recovers their HP by 50% of its own max if damage is dealt. Usable only if the user's party has 1 or less Spirit.",
    "Passive Skill 1": "Burn Armor",
    "Passive Skill 1 Description": "50% damage reduction from attacks if this unit has the Burn status effect.",
    "Passive Skill 2": "Crisis Focus",
    "Passive Skill 2 Description": "This unit is not affected by stun effects while allies have 1 or less Spirit.",
    "Passive Skill 3": "Attack Up Lv3",
    "Passive Skill 3 Description": "Adds 300 to this unit's Attack.",
    "Passive Skill 4": "HP Up Lv3",
    "Passive Skill 4 Description Description": "Adds 1200 to this unit's max HP.",
    "Passive Skill 5": "Spear Hunter Lv3",
    "Passive Skill 5 Description": "10% bonus to attacks against units equipped with Spears.",
    "Passive Skill 6 Description": "Greataxe Mastery",
    "Passive Skill 6": "Can use weapon skills of Greataxes in addition to their original preferred weapon type."
  },
  {
    "quickview-portrait-image src": "https://evertaletoolbox2.runasp.net/files/images/monsters/small/SchoolGirlWarrior02_2.png",
    "Name": "Saya",
    "Title": "Solitary Star",
    "icon36 src": "https://evertaletoolbox2.runasp.net/files/ui/app/RarityIconSsr01.png",
    "icon10 src": "https://evertaletoolbox2.runasp.net/files/ui/rarity/IconRainbowStar01.png",
    "icon10 src (6)": "https://evertaletoolbox2.runasp.net/files/ui/rarity/IconRainbowStar01.png",
    "icon36 src (2)": "https://evertaletoolbox2.runasp.net/files/ui/elements/Light.png",
    "Cost": "34",
    "Attack": "1,417",
    "HP": "7,328",
    "SPD": "438",
    "icon36 src (3)": "https://evertaletoolbox2.runasp.net/files/ui/weapons/Katana.png",
    "Leader Skill": "Quicken Light",
    "Leader Skill Description": "Light allies have the TU costs for all of their skills reduced by 20% when they enter the battlefield at the start of battle or from reinforcements. This will overwrite the effect of previous Quicken skills.",
    "Active Skill 1": "Brash Strike",
    "Active Skill 1 Description": "115% damage to 2 enemies and allies gain 2 Spirit. Reflects 10% of the total damage to the user.",
    "Active Skill 2": "Ignition Heal",
    "Active Skill 2 Description": "Heal the user for HP equal to 250% of the user's Attack. The user also gains the Burn status effect. Usable only if the user does not have burn already. This will overwrite other status effects on the user. Any unit that deals damage to or is dealt damage by a unit with burn will also become burned.",
    "Active Skill 3": "Over Drain",
    "Active Skill 3 Description": "150% damage to all enemies and heals the user for 25% of its own max HP for each enemy damaged. Usable only if the user's party has 7 or more Spirit.",
    "Active Skill 4": "Burn Drive",
    "Active Skill 4 Description": "400% damage to 2 enemies. Usable only if there are at least 4 units with the Burn status effect. 500% damage if there are at least 6 units with burn.",
    "Passive Skill 1": "Spirit Armor",
    "Passive Skill 1 Description": "50% damage reduction from attacks while allies have 7 or more spirit.",
    "Passive Skill 2": "Burning Heart",
    "Passive Skill 2 Description": "If this unit would be defeated while it has the Burn status effect, it instead survives with 1 HP, then burn is removed from this unit.",
    "Passive Skill 3": "Attack Up Lv3",
    "Passive Skill 3 Description": "Adds 300 to this unit's Attack.",
    "Passive Skill 4": "Fire Resist Lv3",
    "Passive Skill 4 Description Description": "10% less damage from attacks by Fire units.",
    "Passive Skill 5": "HP Up Lv3",
    "Passive Skill 5 Description": "Adds 1200 to this unit's max HP.",
    "Passive Skill 6 Description": "Greatsword Mastery",
    "Passive Skill 6": "Can use weapon skills of Greatswords in addition to their original preferred weapon type."
  },
  {
    "quickview-portrait-image src": "https://evertaletoolbox2.runasp.net/files/images/monsters/small/YandereMaid02_2.png",
    "Name": "Clarice",
    "Title": "Venomous Rose",
    "icon36 src": "https://evertaletoolbox2.runasp.net/files/ui/app/RarityIconSsr01.png",
    "icon10 src": "https://evertaletoolbox2.runasp.net/files/ui/rarity/IconRainbowStar01.png",
    "icon10 src (6)": "https://evertaletoolbox2.runasp.net/files/ui/rarity/IconRainbowStar01.png",
    "icon36 src (2)": "https://evertaletoolbox2.runasp.net/files/ui/elements/Water.png",
    "Cost": "34",
    "Attack": "1,401",
    "HP": "7,406",
    "SPD": "120",
    "icon36 src (3)": "https://evertaletoolbox2.runasp.net/files/ui/weapons/Sword.png",
    "Leader Skill": "Quicken Water",
    "Leader Skill Description": "Water allies have the TU costs for all of their skills reduced by 20% when they enter the battlefield at the start of battle or from reinforcements. This will overwrite the effect of previous Quicken skills.",
    "Active Skill 1": "Swift Stealth",
    "Active Skill 1 Description": "75% damage to 1 enemy. The user is also granted the Stealth status effect. This will overwrite other status effects on the user. Stealthed units ignore the next enemy attack that would damage more than 1 target. Any damage will remove stealth.",
    "Active Skill 2": "Sleep",
    "Active Skill 2 Description": "Grants 2 enemies the Sleep status effect for 200TU. This will overwrite other status effects on those units. Sleep cannot be applied to a unit that Has Slept while on the battlefield. Usable once each time this unit is on the battlefield.",
    "Active Skill 3": "Dream Assassin",
    "Active Skill 3 Description": "600% damage to 1 enemy if they are sleeping. This attack ignores enemy damage reduction effects. Allies gain 4 Spirit if the target is asleep.",
    "Active Skill 4": "Survivor's Fury",
    "Active Skill 4 Description": "500% damage to 2 enemies. Locked for 300TU after the user has entered the battlefield.",
    "Passive Skill 1": "Hold Ground",
    "Passive Skill 1 Description": "If this unit would be defeated by an enemy attack or a status effect while having more than 1 HP, it instead survives with 1 HP.",
    "Passive Skill 2": "Survival Regeneration",
    "Passive Skill 2 Description": "When this unit gets a turn, it heals 30% of its max HP unless Survivor's Fury is unlocked by this unit.",
    "Passive Skill 3": "Attack Up Lv3",
    "Passive Skill 3 Description": "Adds 300 to this unit's Attack.",
    "Passive Skill 4": "HP Up Lv3",
    "Passive Skill 4 Description Description": "Adds 1200 to this unit's max HP.",
    "Passive Skill 5": "G.axe Hunter Lv3",
    "Passive Skill 5 Description": "10% bonus to attacks against units equipped with Greataxes.",
    "Passive Skill 6 Description": "Mace Mastery",
    "Passive Skill 6": "Can use weapon skills of Maces in addition to their original preferred weapon type."
  },
  {
    "quickview-portrait-image src": "https://evertaletoolbox2.runasp.net/files/images/monsters/small/RedElfOfficer02_2.png",
    "Name": "Timia",
    "Title": "Captain of the Guard",
    "icon36 src": "https://evertaletoolbox2.runasp.net/files/ui/app/RarityIconSr01.png",
    "icon10 src": "https://evertaletoolbox2.runasp.net/files/ui/rarity/IconBlackStarGold01.png",
    "icon36 src (2)": "https://evertaletoolbox2.runasp.net/files/ui/elements/Fire.png",
    "Cost": "28",
    "Attack": "856",
    "HP": "4,515",
    "SPD": "360",
    "icon36 src (3)": "https://evertaletoolbox2.runasp.net/files/ui/weapons/Spear.png",
    "Leader Skill": "Fire Attack Up",
    "Leader Skill Description": "Allied Fire element units have their Attack increased by 10%.",
    "Active Skill 1": "Brash Strike",
    "Active Skill 1 Description": "150% damage to 1 enemy and allies gain 1 Spirit. Reflects 30% of the damage to the user.",
    "Active Skill 2": "Ignition",
    "Active Skill 2 Description": "The user gains the Burn status effect. This will overwrite other status effects on that unit. Any unit that deals damage to or is dealt damage by a unit with burn will also become burned.",
    "Active Skill 3": "Burn Blast",
    "Active Skill 3 Description": "300% damage to 1 enemy. Usable if the user has the Burn status effect.",
    "Active Skill 4": "Crisis Blast",
    "Active Skill 4 Description": "250% damage to 2 enemies. Usable only if the user's party has 1 or less Spirit.",
    "Passive Skill 1": "Burning Focus",
    "Passive Skill 1 Description": "This unit is not affected by stun effects while they have the Burn status effect.",
    "Passive Skill 2": "Crisis Armor",
    "Passive Skill 2 Description": "65% damage reduction from attacks while allies have 1 or less Spirit.",
    "Passive Skill 3": "Mace Hunter Lv2",
    "Passive Skill 3 Description": "7% bonus to attacks against units equipped with Maces.",
    "Passive Skill 4": "HP Up Lv2",
    "Passive Skill 4 Description Description": "Adds 800 to this unit's max HP.",
    "Passive Skill 5": "Attack Up Lv2",
    "Passive Skill 5 Description": "Adds 200 to this unit's Attack.",
    "Passive Skill 6 Description": "Katana Mastery",
    "Passive Skill 6": "Can use weapon skills of Katanas in addition to their original preferred weapon type."
  },
  {
    "quickview-portrait-image src": "https://evertaletoolbox2.runasp.net/files/images/monsters/small/BlueWingDragon02_2.png",
    "Name": "Kau Lana",
    "Title": "Tidewing Raptor",
    "icon36 src": "https://evertaletoolbox2.runasp.net/files/ui/app/RarityIconSr01.png",
    "icon10 src": "https://evertaletoolbox2.runasp.net/files/ui/rarity/IconBlackStarGold01.png",
    "icon36 src (2)": "https://evertaletoolbox2.runasp.net/files/ui/elements/Water.png",
    "Cost": "28",
    "Attack": "937",
    "HP": "4,112",
    "SPD": "152",
    "icon36 src (3)": "https://evertaletoolbox2.runasp.net/files/ui/weapons/Spear.png",
    "Leader Skill": "Water Attack Up",
    "Leader Skill Description": "Allied Water element units have their Attack increased by 10%.",
    "Active Skill 1": "Attack",
    "Active Skill 1 Description": "Damage to 1 enemy and allies gain 2 Spirit.",
    "Active Skill 2": "Over Blast",
    "Active Skill 2 Description": "300% damage to 1 enemy. Usable only if the user's party has 7 or more Spirit.",
    "Active Skill 3": "Final Stand",
    "Active Skill 3 Description": "500% damage to 1 enemy. Usable only if the user has no allies on the battlefield.",
    "Active Skill 4": "Fall Back",
    "Active Skill 4 Description": "Sends user away from the battlefield to the very end of allied reinforcements. Usable once per battle, and only if there are 1 or more allied reinforcements left.",
    "Passive Skill 1": "Hold Ground",
    "Passive Skill 1 Description": "If this unit would be defeated by an enemy attack or a status effect while having more than 1 HP, it instead survives with 1 HP.",
    "Passive Skill 2": "Summon Entry",
    "Passive Skill 2 Description": "Adds 1 Suimori to next in line of allied reinforcements. Triggered when this unit enters the battlefield from the allied reinforcements.",
    "Passive Skill 3": "Attack Up Lv2",
    "Passive Skill 3 Description": "Adds 200 to this unit's Attack.",
    "Passive Skill 4": "Axe Hunter Lv2",
    "Passive Skill 4 Description Description": "7% bonus to attacks against units equipped with Axes.",
    "Passive Skill 5": "HP Up Lv2",
    "Passive Skill 5 Description": "Adds 800 to this unit's max HP.",
    "Passive Skill 6 Description": "Greataxe Mastery",
    "Passive Skill 6": "Can use weapon skills of Greataxes in addition to their original preferred weapon type."
  },
  {
    "quickview-portrait-image src": "https://evertaletoolbox2.runasp.net/files/images/monsters/small/Ossia02_2.png",
    "Name": "Ossia",
    "Title": "The Hollow Heart",
    "icon36 src": "https://evertaletoolbox2.runasp.net/files/ui/app/RarityIconSsr01.png",
    "icon10 src": "https://evertaletoolbox2.runasp.net/files/ui/rarity/IconRainbowStar01.png",
    "icon10 src (6)": "https://evertaletoolbox2.runasp.net/files/ui/rarity/IconRainbowStar01.png",
    "icon36 src (2)": "https://evertaletoolbox2.runasp.net/files/ui/elements/Storm.png",
    "Cost": "34",
    "Attack": "1,480",
    "HP": "7,013",
    "SPD": "358",
    "icon36 src (3)": "https://evertaletoolbox2.runasp.net/files/ui/weapons/Mace.png",
    "Leader Skill": "Quicken Storm",
    "Leader Skill Description": "Storm allies have the TU costs for all of their skills reduced by 20% when they enter the battlefield at the start of battle or from reinforcements. This will overwrite the effect of previous Quicken skills.",
    "Active Skill 1": "Swift Strike",
    "Active Skill 1 Description": "75% damage to 1 enemy and allies gain 1 Spirit.",
    "Active Skill 2": "Guard Destroyer",
    "Active Skill 2 Description": "500% damage to 1 enemy if they are a Guardian.",
    "Active Skill 3": "Combo Burst",
    "Active Skill 3 Description": "300% damage to 2 enemies. Unlocked each time the user damages an enemy with another attack. This skill is locked again after each use or if the user leaves the battlefield.",
    "Active Skill 4": "Flip Stun Random",
    "Active Skill 4 Description": "Exchanges the user's current HP with the amount of HP they have currently lost, and stuns 2 random enemies for 100TU. Usable once per battle.",
    "Passive Skill 1": "Auto Time Strike",
    "Passive Skill 1 Description": "50% bonus to attacks against units that have a current TU of 130 or more. This bonus is increased to 100% against units that have a current TU of 200 or more.",
    "Passive Skill 2": "Hold Ground+",
    "Passive Skill 2 Description": "If this unit would be defeated, it instead survives with 1 HP and then cannot be defeated until its next turn. This effect can trigger only once each time this unit enters the battlefield.",
    "Passive Skill 3": "Attack Up Lv3",
    "Passive Skill 3 Description": "Adds 300 to this unit's Attack.",
    "Passive Skill 4": "HP Up Lv3",
    "Passive Skill 4 Description Description": "Adds 1200 to this unit's max HP.",
    "Passive Skill 5": "Sleep Resist Lv3",
    "Passive Skill 5 Description": "Reduces the duration of any enemy sleep effects on this unit by 20TU.",
    "Passive Skill 6 Description": "Sword Mastery",
    "Passive Skill 6": "Can use weapon skills of Swords in addition to their original preferred weapon type."
  },
  {
    "quickview-portrait-image src": "https://evertaletoolbox2.runasp.net/files/images/monsters/small/IkemenSamurai02_2.png",
    "Name": "Ryouma",
    "Title": "Warrior of the Nameless Beast",
    "icon36 src": "https://evertaletoolbox2.runasp.net/files/ui/app/RarityIconSsr01.png",
    "icon10 src": "https://evertaletoolbox2.runasp.net/files/ui/rarity/IconRainbowStar01.png",
    "icon10 src (6)": "https://evertaletoolbox2.runasp.net/files/ui/rarity/IconRainbowStar01.png",
    "icon36 src (2)": "https://evertaletoolbox2.runasp.net/files/ui/elements/Water.png",
    "Cost": "34",
    "Attack": "1,513",
    "HP": "6,849",
    "SPD": "197",
    "icon36 src (3)": "https://evertaletoolbox2.runasp.net/files/ui/weapons/Katana.png",
    "Leader Skill": "Water ATK & HP Up",
    "Leader Skill Description": "Allied Water element units have their Attack increased by 10% and max HP increased by 7%.",
    "Active Skill 1": "Swift Strike",
    "Active Skill 1 Description": "75% damage to 1 enemy and allies gain 1 Spirit.",
    "Active Skill 2": "Sleep",
    "Active Skill 2 Description": "Grants 1 enemy the Sleep status effect for 200TU. This will overwrite other status effects on that unit. Sleep cannot be applied to a unit that Has Slept while on the battlefield.",
    "Active Skill 3": "Triumph Sleep",
    "Active Skill 3 Description": "Grants 1 enemy the Sleep status effect for 200TU. This will overwrite other status effects on that unit. Unlocked each time the user defeats another unit with an attack. This skill is locked again after each use or if the user leaves the battlefield. Sleep cannot be applied to a unit that Has Slept while on the battlefield.",
    "Active Skill 4": "Dream Hunter",
    "Active Skill 4 Description": "600% damage to 2 enemies if they are sleeping. Allies gain 3 Spirit for each sleeping target.",
    "Passive Skill 1": "Hold Ground",
    "Passive Skill 1 Description": "If this unit would be defeated by an enemy attack or a status effect while having more than 1 HP, it instead survives with 1 HP.",
    "Passive Skill 2": "Vigor Armor",
    "Passive Skill 2 Description": "50% less attack damage taken by the user while at max HP.",
    "Passive Skill 3": "Attack Up Lv3",
    "Passive Skill 3 Description": "Adds 300 to this unit's Attack.",
    "Passive Skill 4": "Katana Hunter Lv3",
    "Passive Skill 4 Description Description": "10% bonus to attacks against units equipped with Katanas.",
    "Passive Skill 5": "HP Up Lv3",
    "Passive Skill 5 Description": "Adds 1200 to this unit's max HP.",
    "Passive Skill 6 Description": "Spear Mastery",
    "Passive Skill 6": "Can use weapon skills of Spears in addition to their original preferred weapon type."
  }
]