[
  {
    "quickview-portrait-image src": "https://evertaletoolbox2.runasp.net/files/images/monsters/small/SkeletonHelmetOrc01_2.png",
    "Name": "Orc Vet",
    "icon10 src (2)": "https://evertaletoolbox2.runasp.net/files/ui/rarity/IconBrownStarBronze01.png",
    "icon36 src": "https://evertaletoolbox2.runasp.net/files/ui/elements/Storm.png",
    "Cost": "12",
    "Attack": "333",
    "HP": "1,428",
    "SPD": "52",
    "icon36 src (2)": "https://evertaletoolbox2.runasp.net/files/ui/weapons/Axe.png",
    "Active Skill 1": "Attack Two",
    "Active Skill 1 Description": "Damage to 2 enemies and allies gain 1 Spirit.",
    "Active Skill 2": "Blood Shot",
    "Active Skill 2 Description": "Sacrifices the last unit in the allied reinforcements for 400% damage to 1 enemy. Usable only if there are 1 or more allied reinforcements left."
  },
  {
    "quickview-portrait-image src": "https://evertaletoolbox2.runasp.net/files/images/monsters/small/IceSpirit01_2.png",
    "Name": "Frozen Soul",
    "icon10 src (2)": "https://evertaletoolbox2.runasp.net/files/ui/rarity/IconBrownStarBronze01.png",
    "icon36 src": "https://evertaletoolbox2.runasp.net/files/ui/elements/Water.png",
    "Cost": "12",
    "Attack": "325",
    "HP": "1,460",
    "SPD": "53",
    "icon36 src (2)": "https://evertaletoolbox2.runasp.net/files/ui/weapons/Staff.png",
    "Active Skill 1": "Attack",
    "Active Skill 1 Description": "Damage to 1 enemy and allies gain 1 Spirit.",
    "Active Skill 2": "Sleep Bomb",
    "Active Skill 2 Description": "Sacrifices the user to grant 2 enemies the Sleep status effect for 200TU. Locked for 200TU after user enters the battlefield. This will overwrite other status effects on these units. Sleep cannot be applied to a unit that Has Slept while on the battlefield.",
    "Active Skill 3": "Hold Ground",
    "Active Skill 3 Description": "If this unit would be defeated by an enemy attack or a status effect while having more than 1 HP, it instead survives with 1 HP."
  },
  {
    "quickview-portrait-image src": "https://evertaletoolbox2.runasp.net/files/images/monsters/small/Skeletonsaurus01_2.png",
    "Name": "Dinowraith",
    "icon10 src (2)": "https://evertaletoolbox2.runasp.net/files/ui/rarity/IconBrownStarBronze01.png",
    "icon36 src": "https://evertaletoolbox2.runasp.net/files/ui/elements/Fire.png",
    "Cost": "16",
    "Attack": "409",
    "HP": "1,644",
    "SPD": "268",
    "icon36 src (2)": "https://evertaletoolbox2.runasp.net/files/ui/weapons/GreatAxe.png",
    "Active Skill 1": "Attack",
    "Active Skill 1 Description": "Damage to 1 enemy and allies gain 2 Spirit.",
    "Active Skill 2": "Attack All",
    "Active Skill 2 Description": "Damage to all enemies.",
    "Active Skill 3": "Desperate Blow",
    "Active Skill 3 Description": "300% damage to 1 enemy. Usable only if the user's HP is at 50% or less. 400% damage if the user's HP is at 25% or less.",
    "icon10 src (3)": "https://evertaletoolbox2.runasp.net/files/ui/rarity/IconBrownStarBronze01.png",
    "Active Skill 4": "Auto Guard",
    "Active Skill 4 Description": "This unit is a Guardian. For any enemy attack that would hit 1 or 2 other allies, this unit has a 60% chance to redirect 1 hit to itself instead. This unit will not redirect skills that don't deal damage."
  },
  {
    "quickview-portrait-image src": "https://evertaletoolbox2.runasp.net/files/images/monsters/small/GoldenScorpion01_2.png",
    "Name": "Topazpion",
    "icon10 src (2)": "https://evertaletoolbox2.runasp.net/files/ui/rarity/IconBrownStarBronze01.png",
    "icon36 src": "https://evertaletoolbox2.runasp.net/files/ui/elements/Earth.png",
    "Cost": "12",
    "Attack": "348",
    "HP": "1,368",
    "SPD": "87",
    "icon36 src (2)": "https://evertaletoolbox2.runasp.net/files/ui/weapons/Mace.png",
    "Active Skill 1": "Attack",
    "Active Skill 1 Description": "Damage to 1 enemy and allies gain 1 Spirit.",
    "Active Skill 2": "Poison Eater",
    "Active Skill 2 Description": "300% damage to 2 enemies if they are poisoned.",
    "Active Skill 3": "Spirit- Revenge",
    "Active Skill 3 Description": "Whenever this unit is defeated by an enemy, the enemy party loses 2 Spirit."
  },
  {
    "quickview-portrait-image src": "https://evertaletoolbox2.runasp.net/files/images/monsters/small/FlyingOtter02_2.png",
    "Name": "Lutrimax",
    "icon10 src (2)": "https://evertaletoolbox2.runasp.net/files/ui/rarity/IconBrownStarBronze01.png",
    "icon36 src": "https://evertaletoolbox2.runasp.net/files/ui/elements/Earth.png",
    "Cost": "12",
    "Attack": "295",
    "HP": "1,580",
    "SPD": "210",
    "icon36 src (2)": "https://evertaletoolbox2.runasp.net/files/ui/weapons/Axe.png",
    "Active Skill 1": "Attack Two",
    "Active Skill 1 Description": "Damage to 2 enemies and allies gain 1 Spirit.",
    "Active Skill 2": "Last Call x2",
    "Active Skill 2 Description": "Sacrifices the user to add 2 Himoris to the very end of the allied reinforcements. Locked for 100TU after user enters the battlefield.",
    "Active Skill 3": "Sleep Revenge",
    "Active Skill 3 Description": "Whenever this unit is defeated by an enemy, that enemy gains the Sleep status effect for 200TU. This will overwrite other status effects on that unit. Sleep cannot be applied to a unit that Has Slept while on the battlefield."
  },
  {
    "quickview-portrait-image src": "https://evertaletoolbox2.runasp.net/files/images/monsters/small/FloatGuardian01_2.png",
    "Name": "Air Sentinel",
    "icon10 src (2)": "https://evertaletoolbox2.runasp.net/files/ui/rarity/IconBrownStarBronze01.png",
    "icon36 src": "https://evertaletoolbox2.runasp.net/files/ui/elements/Storm.png",
    "Cost": "16",
    "Attack": "326",
    "HP": "1,976",
    "SPD": "263",
    "icon36 src (2)": "https://evertaletoolbox2.runasp.net/files/ui/weapons/GreatSword.png",
    "Active Skill 1": "Brash Strike",
    "Active Skill 1 Description": "135% damage to 1 enemy and allies gain 1 Spirit. Reflects 30% of the damage to the user.",
    "Active Skill 2": "Attack All",
    "Active Skill 2 Description": "Damage to all enemies.",
    "Active Skill 3": "Guard Allies",
    "Active Skill 3 Description": "The user becomes a Guardian. For any enemy attack that would hit 1 or 2 other allies, 1 of the hits is instead redirected to this unit. This unit will not redirect skills that don't deal damage. Usable only if this unit is not already a Guardian.",
    "icon10 src (3)": "https://evertaletoolbox2.runasp.net/files/ui/rarity/IconBrownStarBronze01.png",
    "Active Skill 4": "Hold Ground",
    "Active Skill 4 Description": "If this unit would be defeated by an enemy attack or a status effect while having more than 1 HP, it instead survives with 1 HP."
  },
  {
    "quickview-portrait-image src": "https://evertaletoolbox2.runasp.net/files/images/monsters/small/MaleKnight01_2.png",
    "Name": "Sapph Knight",
    "icon10 src (2)": "https://evertaletoolbox2.runasp.net/files/ui/rarity/IconBrownStarBronze01.png",
    "icon36 src": "https://evertaletoolbox2.runasp.net/files/ui/elements/Light.png",
    "Cost": "12",
    "Attack": "271",
    "HP": "1,676",
    "SPD": "208",
    "icon36 src (2)": "https://evertaletoolbox2.runasp.net/files/ui/weapons/Sword.png",
    "Active Skill 1": "Attack",
    "Active Skill 1 Description": "Damage to 1 enemy and allies gain 1 Spirit.",
    "Active Skill 2": "Purify",
    "Active Skill 2 Description": "Removes negative status effects like sleep, burn or poison from 1 ally.",
    "Active Skill 3": "Auto Guard",
    "Active Skill 3 Description": "This unit is a Guardian. For any enemy attack that would hit 1 or 2 other allies, this unit has a 60% chance to redirect 1 hit to itself instead. This unit will not redirect skills that don't deal damage."
  },
  {
    "quickview-portrait-image src": "https://evertaletoolbox2.runasp.net/files/images/monsters/small/GhostKnight01_2.png",
    "Name": "Returner",
    "icon36 src": "https://evertaletoolbox2.runasp.net/files/ui/elements/Dark.png",
    "Cost": "8",
    "Attack": "297",
    "HP": "1,122",
    "SPD": "240",
    "icon36 src (2)": "https://evertaletoolbox2.runasp.net/files/ui/weapons/GreatAxe.png",
    "Active Skill 1": "Attack",
    "Active Skill 1 Description": "Damage to 1 enemy and allies gain 1 Spirit.",
    "Active Skill 2": "Dream Ender",
    "Active Skill 2 Description": "500% damage to 1 enemy if they are sleeping. Allies gain 3 Spirit if the target is asleep.",
    "Active Skill 3": "Spirit+ Revenge",
    "Active Skill 3 Description": "Whenever this unit is defeated by an enemy, allies gain 2 Spirit."
  },
  {
    "quickview-portrait-image src": "https://evertaletoolbox2.runasp.net/files/images/monsters/small/GlowingTreant01_2.png",
    "Name": "Sprout",
    "icon36 src": "https://evertaletoolbox2.runasp.net/files/ui/elements/Earth.png",
    "Cost": "8",
    "Attack": "231",
    "HP": "1,386",
    "SPD": "95",
    "icon36 src (2)": "https://evertaletoolbox2.runasp.net/files/ui/weapons/GreatAxe.png",
    "Active Skill 1": "Attack",
    "Active Skill 1 Description": "Damage to 1 enemy and allies gain 1 Spirit.",
    "Active Skill 2": "Grant Stealth",
    "Active Skill 2 Description": "Grants the Stealth status effect to 1 ally. This will overwrite other status effects on that unit. Stealthed units ignore the next enemy attack that would damage more than 1 target. Any damage will remove stealth.",
    "Active Skill 3": "Auto Guard",
    "Active Skill 3 Description": "This unit is a Guardian. For any enemy attack that would hit 1 or 2 other allies, this unit has a 60% chance to redirect 1 hit to itself instead. This unit will not redirect skills that don't deal damage."
  },
  {
    "quickview-portrait-image src": "https://evertaletoolbox2.runasp.net/files/images/monsters/small/TattooedShaman01_2.png",
    "Name": "Nomad",
    "icon10 src (2)": "https://evertaletoolbox2.runasp.net/files/ui/rarity/IconBrownStarBronze01.png",
    "icon36 src": "https://evertaletoolbox2.runasp.net/files/ui/elements/Earth.png",
    "Cost": "12",
    "Attack": "312",
    "HP": "1,512",
    "SPD": "153",
    "icon36 src (2)": "https://evertaletoolbox2.runasp.net/files/ui/weapons/Staff.png",
    "Active Skill 1": "Poison",
    "Active Skill 1 Description": "Grants the Poison status effect to 1 enemy. Allies gain 1 Spirit. This will overwrite other status effects on that unit.",
    "Active Skill 2": "Poison Eater",
    "Active Skill 2 Description": "400% damage to 1 enemy if they are poisoned."
  }
]