[
  {
    "quickview-portrait-image src": "https://evertaletoolbox2.runasp.net/files/images/monsters/small/VenusRegular02_2.png",
    "Name": "Venus",
    "Title": "Goddess of Love",
    "icon36 src (2)": "https://evertaletoolbox2.runasp.net/files/ui/elements/Light.png",
    "Attack": "1,344",
    "HP": "7,700",
    "SPD": "406",
    "icon36 src (3)": "https://evertaletoolbox2.runasp.net/files/ui/weapons/Mace.png",
    "Leader Skill": "Light ATK & HP Up",
    "Leader Skill Description": "Allied Light element units have their Attack increased by 10% and max HP increased by 7%.",
    "Active Skill 1": "Heartfelt Strike",
    "Active Skill 1 Description": "600% damage to 1 enemy. Minus 100% damage for each sleeping, burning or poisoned ally on the battlefield (max of -400% if there are 4 affected allies). This attack ignores damage reduction effects, skin passive skills and the Counter Stance status effect. Heals the user for 100% of total damage dealt. Damage from this attack does not wake up sleeping enemies.\n\nThen the target hit will become Weakened, and is granted a Rage ward. This will overwrite any existing Weak or Enrage effects on that unit.\n\nWeakened units have their Attack reduced to 0.75x until the end of their next turn. The effect of Weakening may be diminished if the affected unit's Attack is increased by other effects and it can be overwritten by Enrage effects. Rage Wards will prevent a unit from becoming Enraged once, then be removed. Rage Wards cannot stack.",
    "Active Skill 2": "Goddess Charm",
    "Active Skill 2 Description": "All enemies on the battlefield have their Stealth, Poison Wards, Sleep Wards and Stun Wards removed.\n\nThen all enemies on the battlefield have a 50% chance each to be Charmed for 50TU. A Charmed unit has their attack greatly reduced (e.g. to 0.5x of their original Attack for a unit with no other Attack modifiers. The effect of Charmed may be diminished if the affected unit's Attack is increased by other effects). Charmed overwrites Enrage and Weaken effects, and units that are Charmed cannot be Enraged or Weakened. Charmed units are less likely to target the unit that Charmed them with most active skills. Charmed is not a status effect and cannot be removed by Purify skills, but will end if the Charmed unit leaves the battlefield.\n\nThis skill cannot be used if an enemy is already Charmed or if the user is alone on the battlefield.",
    "Active Skill 3": "Overflowing Love",
    "Active Skill 3 Description": "Heals all allies on the battlefield for 1500% of the user's attack. Removes Sleep, Burn and Poison (including Deep Sleep, Mega Healing Burn, and Lethal Poison) from all allies. For each type of status effect removed, the user is granted an immunity to that status effect for 50TU.\n\nThen all allies are Purified (any negative status effects are removed).\n\nUsable if an ally on the battlefield is burning, sleeping or poisoned. This skill becomes locked for 50TU after use.",
    "Active Skill 4": "Divine Kiss",
    "Active Skill 4 Description": "300% damage to 2 enemies, plus 100% for each 100TU the user has survived on the battlefield (800% max after 500TU). This attack ignores enemy damage reduction effects, any effects of non-boss enemies that would prevent the target from being defeated, skin passive skills, and the Counter Stance status effect.\n\nWhen this attack hits a Charmed, non-boss, non-Ephemeral target and that target has 10% or less of max HP remaining after damage, that target is immediately defeated (the user is considered to have defeated the target with an attack if successful). This effect ignores Revenge passive skills, Revival passive skills, and any passive skills or effects of active skills that would prevent the enemy from being defeated.\n\nThis skill becomes locked for 100TU after use.",
    "Passive Skill 1": "Goddess Of Love",
    "Passive Skill 1 Description": "This unit cannot be sent to the reinforcements from the battlefield.\n\nThis unit has 50% damage reduction from attacks, plus 10% for each other ally on the battlefield (up to 80% max).\n\nUntil the end of this unit's first turn while on the battlefield, this unit has Sleep immunity, Stun Immunity, Poison Immunity and Burn Immunity.\n\nThis unit will have a 60% chance, plus 10% per Awakening (up to 100% chance if this unit has 4 Awakenings) to become Purified and have its TU reduced to 0, at the end of the turn, whenever a Charmed enemy gets the turn. If this is triggered 3 times within 50TU, it cannot trigger again for 50TU.\n\nThis unit cannot be Charmed.",
    "Passive Skill 2": "Boundless Beauty",
    "Passive Skill 2 Description": "This unit enters battle with 2 Charges. If this unit would be defeated while it has any charges, this unit will consume 1 charge to survive with 1HP remaining instead. Certain skills are affected by and may consume charges. A unit can store a maximum of 3 charges.\n\nThis unit will gain a Charge at the end of the turn each time:\n- an ally gets the turn.\n- a non-conjured ally on the battlefield is defeated or sacrificed by any source.\n\nIf this unit has at least:\n- 2 Charges, it will ignore attacks that would damage exactly 2 targets. Attacks that target all allies will not be ignored.\n- 3 Charges at the start of its turn, this unit will Enrage all allies on the battlefield at the end of that turn. An Enraged unit's attack is increased to 1.5x until the end of their next turn. Enrage will overwrite any existing Weak or Enrage effects on the user.\n\nEach time this unit takes damage from an attack and survives until after the end of the turn, this unit will be Purified, and heal for 50% of its max HP. This heal is increased to 100% if this unit has any allies on the battlefield or in reinforcements.",
    "Passive Skill 3": "HP Up Lv3",
    "Passive Skill 3 Description": "Adds 1200 to this unit's max HP.",
    "Passive Skill 4": "Attack Up Lv3",
    "Passive Skill 4 Description Description": "Adds 300 to this unit's Attack.",
    "Passive Skill 5": "G.axe Resist Lv3",
    "Passive Skill 5 Description": "10% less damage from attacks by units equipped with Greataxes.",
    "Passive Skill 6 Description": "Staff Mastery",
    "Passive Skill 6": "Can use weapon skills of Staffs in addition to their original preferred weapon type."
  },
  {
    "quickview-portrait-image src": "https://evertaletoolbox2.runasp.net/files/images/monsters/small/RizetteBrave02_2.png",
    "Name": "Rizette",
    "Title": "Cerulean Valkyrie",
    "icon36 src (2)": "https://evertaletoolbox2.runasp.net/files/ui/elements/Light.png",
    "Attack": "1,719",
    "HP": "8,105",
    "SPD": "409",
    "icon36 src (3)": "https://evertaletoolbox2.runasp.net/files/ui/weapons/Sword.png",
    "Leader Skill": "Light HP Up",
    "Leader Skill Description": "Allied Light element units have their max HP increased by 10%.",
    "Active Skill 1": "Linked Edge",
    "Active Skill 1 Description": "300% damage to 1 enemy. This attack ignores damage reduction effects, any effects of non-boss enemies that would prevent the target from being defeated, skin passive skills and the Counter Stance status effect.\n\nThen give all allies that have Rizette's Link the next turns by reducing their current TU (the user will act first). Active skills that grant turns cannot be used by any affected units until after they have had the turn. This skill can be used on such turns, but will not grant the extra turns.",
    "Active Skill 2": "Restore Link",
    "Active Skill 2 Description": "Grants Rizette's Link to another random non-conjured ally that does not already have a Link.\n\nThen that ally and the user:\n- are healed for 100% max HP.\n- have the TU costs for all of their skills reduced by 30%. This will overwrite the effects of other Quicken skills.\n- are granted a Sleep Ward, Stun Ward, Poison Ward and Instant Death Ward.\n\nUsable only if no other ally on the battlefield has Rizette's Link already, and there is a valid target. Usable 3 times per battle.\n\nEach Ward prevents their named effect from being applied once, then is removed. An Instant Death Ward prevents this unit from being immediately defeated without damage by a non-boss enemy once, then is removed. Instant Death Wards cannot be ignored. Identical Wards cannot stack.",
    "Active Skill 3": "Elemental Cure",
    "Active Skill 3 Description": "Heals all allies on the battlefield for 800% of the user's attack. Allies gain 2 Spirit for each ally on the battlefield with Rizette's Link.\n\nThen if at least 1 enemy on the battlefield is:\n- Water, remove sleep (including Deep Sleep) from all allies on the battlefield and grant them Sleep Wards.\n- Fire, remove burn (including Mega Healing Burn) from all units on the battlefield and grant them Burn Wards.\n- Earth, remove poison (including Lethal Poison) from all allies on the battlefield and grant them Poison Wards.\n- Storm, all allies who have a current TU of 100 or more have their current TU reduced by 50TU. This effect repeats once for each additional Storm enemy on the battlefield. Then grant all allies Stun Wards.\n- Dark, grant all allies Stealth, and a Stealth Shield.\n- Light, all allies will be Purified (negative status effects like sleep, burn or poison are removed). Then if there is no Purify Chain among allies a random ally is granted a Purify Chain.\n\nThis skill becomes locked for 50TU after use.\n\nStealth will overwrite other Status effects on affected units. Stealth Shields prevent the next other status effect a unit would gain while Stealthed from applying. Stealthed units ignore the next enemy attack that would damage more than 1 target. Any damage will remove stealth. A unit with a Purify Chain will Purify another random ally after their turn, then they will pass the Purify Chain to that ally. Purify Chains will end only if the unit with the Purify Chain is defeated, leaves the battlefield, or falls asleep.",
    "Active Skill 4": "Cerulean Blade",
    "Active Skill 4 Description": "300% damage to 1 enemy, plus 150% for each non-conjured unit on the battlefield defeated or sacrificed by any source since this unit entered the battlefield (max of 750% total damage after 3 non-conjured units have been defeated). This attack ignores damage reduction effects, any effects of non-boss enemies that would prevent the target from being defeated, skin passive skills and the Counter Stance status effect.",
    "Passive Skill 1": "Instant Link",
    "Passive Skill 1 Description": "This unit starts with Rizette's Link. When this unit enters battle it grants Rizette's Link to another random non-conjured ally that does not have a Link already. Then that ally and this unit have the TU costs for all of their skills reduced by 30% (This will overwrite the effects of other Quicken skills), and are granted a Sleep Ward, Stun Ward, Poison Ward and Instant Death Ward.\n\nA unit with Rizette's Link has these effects:\n\nEach time an ally with Rizette's Link gets the turn, this unit will be healed for 50% of its max HP.\n\nThis unit has 0.25x of their original Attack added to their Attack while they are not Enraged. This increase will stack with other Attack increases (e.g. 1.5x + 0.25x => 1.75x total).\n\nWhen this unit defeats an enemy with an attack, if the defeated enemy is:\n- Fire or Light, 2 random non-sleeping enemies gain the Sleep status effect for 100TU, even if they have already slept while on the battlefield.\n- Storm or Earth, 2 random non-burning enemies gain the Lethal Poison status effect.\n- Water or Dark, 2 random enemies that have a current TU of 50 or less are stunned for 100TU.\nThese effects may trigger before or after other effects.\n\nThis Link is removed if this unit or the unit that granted it leaves the battlefield. This unit cannot gain other Links.\n\nLethal Poison will overwrite other status effects, lasts 999 TU, cannot be overwritten by status effects other than Burn or Stealth, and cannot be Purified. Lethal Poison deals 2 times the damage of normal Poison, and ignores passive skills or effects of active skills that would prevent the target from being defeated, other than those which specifically prevent defeat from Poison or non-attack damage. Lethal Poison cannot apply to Burning or Boss units.",
    "Passive Skill 2": "Cerulean Valkyrie",
    "Passive Skill 2 Description": "If this unit would be defeated by an enemy attack or a status effect while having more than 1 HP, it instead survives with 1 HP.\n\nThis unit cannot be sent to the reinforcements from the battlefield.\n\nThis unit's attacks will not wake sleeping enemies and heal this unit for 100% of total damage dealt.\n\nThis unit has 80% damage reduction from attacks for 100TU. Afterwards this unit has 40% damage reduction instead.\n\nEach time an ally with Rizette's Link gets the turn, this unit will be Purified at the end of the turn.\n\nThis unit has Sleep immunity and Stun immunity. These immunity effects are removed from this unit if this is the only ally on the battlefield with Rizette's Link (these immunity effects cannot be restored).",
    "Passive Skill 3": "Attack Up Lv3",
    "Passive Skill 3 Description": "Adds 300 to this unit's Attack.",
    "Passive Skill 4": "HP Up Lv3",
    "Passive Skill 4 Description Description": "Adds 1200 to this unit's max HP.",
    "Passive Skill 5": "G.sword Resist Lv3",
    "Passive Skill 5 Description": "10% less damage from attacks by units equipped with Greatswords.",
    "Passive Skill 6 Description": "Axe Mastery",
    "Passive Skill 6": "Can use weapon skills of Axes in addition to their original preferred weapon type."
  },
  {
    "quickview-portrait-image src": "https://evertaletoolbox2.runasp.net/files/images/monsters/small/ZeusRegular02_2.png",
    "Name": "Zeus",
    "Title": "God of Absolute Dominion",
    "icon36 src (2)": "https://evertaletoolbox2.runasp.net/files/ui/elements/Storm.png",
    "Attack": "1,497",
    "HP": "6,935",
    "SPD": "507",
    "icon36 src (3)": "https://evertaletoolbox2.runasp.net/files/ui/weapons/GreatAxe.png",
    "Leader Skill": "Storm ATK & HP Up",
    "Leader Skill Description": "Allied Storm element units have their Attack increased by 10% and max HP increased by 7%.",
    "Active Skill 1": "Disabling Strike",
    "Active Skill 1 Description": "300% damage to 1 enemy. 600% damage instead if the target has 100TU or more. This attack ignores damage reduction effects, skin passive skills and the Counter Stance status effect.\n\nThe first time each enemy is damaged by Disabling Strike since entering the battlefield, it has a 20% chance plus 20% per Awakening of the user (up to 100% chance if the user has 4 Awakenings) to have its Active Skills disabled for 50TU. When a unit's Active Skills are disabled and they get the turn, they will lose the turn as if they were sleeping. This effect cannot affect boss units, cannot be purified, and will end if the user is defeated.\n\nThis skill unlocks Oblivion Blast upon use, and becomes locked after use until the user uses Oblivion Blast.",
    "Active Skill 2": "Zeus's Blessing",
    "Active Skill 2 Description": "The user is granted 3 Charges.\n\nAll non-fire and non-water allies on the battlefield are granted Sleep Immunity for 100TU, Stun Immunity for 100TU (this cannot apply to Stun Absorbers), and the Armor status effect. Armor grants 50% damage reduction from the next attack, then the effect is removed. Armor will overwrite other status effects on those units.\n\nThen all allies on the battlefield heal for 1000% of the user's attack, and have their current TU reduced by 50TU.\n\nUnlocked each time the user defeats a non-conjured enemy with an attack. This skill is locked again after each use.",
    "Active Skill 3": "God Storm",
    "Active Skill 3 Description": "Stun a random enemy for 100TU. Then stun a random enemy for 200TU. Then stun a random enemy for 300TU.\n\nThen 1 random enemy at 50TU or less has their Active Skills disabled for 50TU. When a unit's Active Skills are disabled and they get the turn, they will lose the turn as if they were sleeping. This effect cannot affect boss units, cannot be purified, and will end if the user is defeated.\n\nLocked for the first 3 turns the user gets while on the battlefield, and again for 100TU after each use.",
    "Active Skill 4": "Oblivion Blast",
    "Active Skill 4 Description": "300% damage to 1 enemy. 600% damage instead if the target has 100TU or more. 900% damage instead if the target has 200TU or more. 1200% damage instead if the target has 400TU or more. This attack ignores any effects of non-boss enemies that would prevent the target from being defeated, the Counter Stance Status Effect, and the effects of Skin passive skills.\n\nThis skill is locked until it becomes unlocked by Disabling Strike. This skill is locked again after each use or if the user leaves the battlefield.",
    "Passive Skill 1": "Godly Lightning",
    "Passive Skill 1 Description": "This unit's attacks ignore Guardians and heal this unit for 100% of total damage dealt.\n\nThis unit cannot be sent to the reinforcements from the battlefield.\n\nThis unit has Sleep immunity and Stun immunity. These immunity effects are removed from this unit when this unit activates Zeus's Blessing.\n\nWhen this unit takes damage from an attack, they will immediately get the next turn, this cannot trigger again until TU advances. This is a skin effect. This unit cannot become a Guardian or Stun Absorber.\n\nThis unit enters battle with 3 Charges. Certain skills are affected by and may consume charges. A unit can store a maximum of 3 charges.\n\nAt the end of this unit's turn, if this unit has exactly:\n- 3 Charges, all enemies on the battlefield that have a current TU of 50 or less are stunned for 100TU.\n- 2 Charges, all enemies on the battlefield that have a current TU of 100 or less are stunned for 200TU.\n- 1 Charge, all enemies on the battlefield that have a current TU of 200 or less are stunned for 300TU.\nThen a Charge is consumed by this unit.",
    "Passive Skill 2": "Omnipotence",
    "Passive Skill 2 Description": "If this unit would be defeated by an enemy attack or a status effect while having more than 1 HP, it instead survives with 1 HP.\n\nEach time a unit gets the turn, this unit will be healed for 30% of its max HP.\n\nAfter entering battle, this unit cannot be burned for 200TU.\n\nEach time this unit takes damage from an attack and survives until after the end of the turn, this unit will heal for 50% of its max HP and be Purified (any negative status effects like sleep, burn or poison are removed).\n\nThis unit's attack has 0.25x of their original Attack added to their Attack for each enemy on the battlefield that has a current TU of 50 or less (max of 1.0x if 4 enemies have a current TU of 50 or less). This does stack on top of Enrage effects, and other Attack increases (e.g. 1.5x + 0.25x => 1.75x total).",
    "Passive Skill 3": "HP Up Lv3",
    "Passive Skill 3 Description": "Adds 1200 to this unit's max HP.",
    "Passive Skill 4": "Attack Up Lv3",
    "Passive Skill 4 Description Description": "Adds 300 to this unit's Attack.",
    "Passive Skill 5": "Storm Resist Lv3",
    "Passive Skill 5 Description": "10% less damage from attacks by Storm units.",
    "Passive Skill 6 Description": "Spear Mastery",
    "Passive Skill 6": "Can use weapon skills of Spears in addition to their original preferred weapon type."
  },
  {
    "quickview-portrait-image src": "https://evertaletoolbox2.runasp.net/files/images/monsters/small/SiegfriedRegular02_2.png",
    "Name": "Siegfried",
    "Title": "Dragonslayer of Legends",
    "icon36 src (2)": "https://evertaletoolbox2.runasp.net/files/ui/elements/Water.png",
    "Attack": "1,397",
    "HP": "7,435",
    "SPD": "407",
    "icon36 src (3)": "https://evertaletoolbox2.runasp.net/files/ui/weapons/Sword.png",
    "Leader Skill": "Water HP Up",
    "Leader Skill Description": "Allied Water element units have their max HP increased by 10%.",
    "Active Skill 1": "Scale Breaker",
    "Active Skill 1 Description": "300% damage to 1 enemy. This attack ignores enemy damage reduction effects and any effects of non-boss enemies that would prevent the target from being defeated.\n\nGrants the Sleep status effect for 100TU to one other enemy per Charge stored on the user (max of 3 targets), even if they have already slept while on the battlefield.",
    "Active Skill 2": "Icy Awakening",
    "Active Skill 2 Description": "Heals the user fully. The user is granted a Charge, Sleep Ward, Poison Ward, and the Armor status effect. Armor will overwrite other status effects. Then the user is Enraged, and will Endure the next damage that would defeat it with 1HP.\n\nUnlocked each time the user defeats a non-conjured enemy on the battlefield with an attack. This skill is locked again after each use.\n\nCertain skills are affected by and may consume charges. A unit can store a maximum of 3 charges, and all charges are removed from a unit that leaves the battlefield. Each Ward prevents their named effect from being applied once, then is removed. Identical Wards and Endure effects cannot stack. Armor grants 50% damage reduction from the next attack, then the effect is removed. An Enraged unit's attack is increased to 1.5x until the end of their next turn. Enrage will overwrite any existing Weak or Enrage effects on the user.",
    "Active Skill 3": "Chilling Geyser",
    "Active Skill 3 Description": "200% damage to 2 enemies, plus 200% for each time this unit has defeated an enemy with an attack while on the battlefield (max of 800% total damage after defeating 3 enemies). This attack ignores enemy damage reduction effects, any effects of non-boss enemies that would prevent the target from being defeated, skin passive skills, and the Counter Stance status effect.",
    "Active Skill 4": "Snow Storm",
    "Active Skill 4 Description": "500% damage to all enemies. 700% damage instead if the user has survived 100TU+ on the battlefield. This attack ignores any effects of non-boss enemies that would prevent the target from being defeated. All enemies hit are then granted Frostburn.\n\nLocked for 100TU after the user has entered the battlefield or until a non-conjured ally on the battlefield is defeated or sacrificed by any source. Usable once per battle.\n\nWhen a unit has Frostburn and they get the turn, they will lose the turn as if they were sleeping, then Frostburn is removed and that unit is granted the Burn status effect. Frostburn is not a status effect, but effects that remove negative status effects will also remove Frostburn. Frostburn will end if the affected unit is defeated or leaves the battlefield. Frostburn cannot apply to boss units, and cannot stack. Burn will overwrite other status effects. Any unit that deals damage to or is dealt damage by a unit with burn will also become burned.",
    "Passive Skill 1": "Dragonslayer",
    "Passive Skill 1 Description": "This unit's attacks will not wake sleeping enemies, and heal this unit for 100% of total damage dealt.\n\nThis unit cannot be sent to the reinforcements from the battlefield.\n\nUntil this unit defeats a non-conjured enemy with an attack while on the battlefield, this unit:\n- is immune to Sleep status effects.\n- is immune to Poison status effects.\n- has 50% damage reduction from attacks.\n\nThis unit always counts as having the Burn status effect for skills that count or affect burning units. This unit cannot gain the Burn status effect. Any non-sleeping unit that is dealt damage by this unit will become burned, attacking this unit will not cause units to become burned.",
    "Passive Skill 2": "Returning Legend",
    "Passive Skill 2 Description": "This unit enters battle with 1 Charge, 10% HP Regen for 200TU, and will Endure the first damage that would defeat it with 1HP. A unit with 10% HP Regen will heal for 10% of their max HP after every turn. HP Regen effects will overwrite existing HP Regen effects.\n\nThis unit cannot be stunned if there is a unit on the battlefield that is Fire element, or has a Burn Blast or Burn Drive type active skill.\n\nThis unit's active skills all cost 25% less TU for each charge it has stored, up to 75% less max with 3 charges. Other effects that further reduce TU will have diminishing returns while this is in effect.\n\nAt the end of each enemy turn, if no enemies had frostburn at the start of the turn, a random non-sleeping enemy is granted frostburn. This effect has a 20% chance plus 20% per Awakening (up to 100% chance if this unit has 4 Awakenings) to trigger and cannot trigger if Siegfried has no other allies on the battlefield.",
    "Passive Skill 3": "Attack Up Lv3",
    "Passive Skill 3 Description": "Adds 300 to this unit's Attack.",
    "Passive Skill 4": "HP Up Lv3",
    "Passive Skill 4 Description Description": "Adds 1200 to this unit's max HP.",
    "Passive Skill 5": "Sword Resist Lv3",
    "Passive Skill 5 Description": "10% less damage from attacks by units equipped with Swords.",
    "Passive Skill 6 Description": "Axe Mastery",
    "Passive Skill 6": "Can use weapon skills of Axes in addition to their original preferred weapon type."
  },
  {
    "quickview-portrait-image src": "https://evertaletoolbox2.runasp.net/files/images/monsters/small/ElmKouhaiRegular02_2.png",
    "Name": "Cera",
    "Title": "Red Dragon Knight of Virtue",
    "icon36 src (2)": "https://evertaletoolbox2.runasp.net/files/ui/elements/Earth.png",
    "Attack": "1,508",
    "HP": "6,880",
    "SPD": "574",
    "icon36 src (3)": "https://evertaletoolbox2.runasp.net/files/ui/weapons/Katana.png",
    "Leader Skill": "Earth Attack Up",
    "Leader Skill Description": "Allied Earth element units have their Attack increased by 15%.",
    "Active Skill 1": "Cutting Edge",
    "Active Skill 1 Description": "300% damage to 1 enemy. 500% damage instead if any enemy on the battlefield is poisoned or sleeping. This attack ignores Guardians and damage reduction effects.\n\nThen immediately give 1 other random ally the next turn by reducing their current TU to 0. Active skills that grant turns cannot be used on turns given by this skill. This skill can be used on such turns, but will not grant the extra turn.",
    "Active Skill 2": "Inspiring Virtue",
    "Active Skill 2 Description": "Allies gain 2 Spirit for each ally on the battlefield. All allies on the battlefield heal for 500% of the user's attack, gain the Armor status effect, and Earthen Might. Then, immediately give all other allies that are at max HP the next turns by reducing their current TU. Active skills that grant turns cannot be used by any affected units until after they have had the turn.\n\nUsable if the user has defeated 1+ units with attacks while on the battlefield, and if no ally has Earthen Might already. Usable once each time this unit is on the battlefield.\n\nArmor grants 50% damage reduction from the next attack, then the effect is removed. Armor will overwrite other status effects on those units. A unit with Earthen Might has 0.5x of their original Attack added to their Attack while they are not burning. This does stack on top of Enrage effects, and other Attack increases (e.g. 1.5x + 0.5x => 2.0x total), but cannot stack with itself. Earthen Might ends for all allies if the unit who granted it leaves the battlefield, and is removed from units that leave the battlefield.",
    "Active Skill 3": "Pacifying Flare",
    "Active Skill 3 Description": "Targets all enemies. All burning targets are weakened and granted a Rage ward. All non-burning targets are granted the Cursed Sleep status effect for 200TU. Then all non-sleeping targets are granted the Mega Poison status effect for 200TU, and all non-burning allies are granted Sleep Thorns.\n\nUsable if at least 1 enemy on the battlefield is not burning. This skill becomes locked for 100TU after use.\n\nWeakened units have their Attack reduced to 0.75x until the end of their next turn. These effects will overwrite any existing Weak or Enrage effects on affected units. The effect of Weakening may be diminished if the affected unit's Attack is increased by other effects and it can be overwritten by Enrage effects. Rage Wards will prevent a unit from becoming Enraged once, then be removed. Rage Wards cannot stack. Mega Poison deals 20 times the damage of normal Poison and cannot be overwritten by normal Poison or Super Poison. Mega Poison will overwrite other status effects.",
    "Active Skill 4": "Red Dragon Wrath",
    "Active Skill 4 Description": "300% damage to 2 random enemies. 600% damage instead to targets that are poisoned or sleeping. 800% damage instead to targets that have the Mega Poison status effect or the Cursed Sleep status effect. This attack cannot be redirected by Guardians, and will ignore any effects of non-boss enemies that would prevent the targets from being defeated, enemy damage reduction effects, the Counter Stance Status Effect, and the effects of Skin passive skills. This attack can hit targets that have the Stealth Status Effect or a passive effect that ignores multiple target attacks.\n\nUnlocked each time the user damages an enemy with another attack. This skill is locked again after each use or if the user leaves the battlefield.",
    "Passive Skill 1": "Virtuous March",
    "Passive Skill 1 Description": "This unit's attacks will not wake sleeping enemies, and heal this unit for 100% of total damage dealt.\n\nThis unit is immune to Poison status effects. If any ally has Sleep Thorns, this unit is immune to Stun effects.\n\nWhenever this unit enters the battlefield:\n- All non-burning allies on the battlefield are granted Sleep Thorns.\n- For 200TU, unless burning, this unit cannot be defeated by damage and has 60% damage reduction from attacks.\n\nAt the end of each of this unit's turns, all ally Imposters on the battlefield are immediately defeated. This unit is considered to have defeated with attacks as many units as are defeated by this effect. This effect ignores Revenge passive skills, Revival passive skills, and any passive skills or effects of active skills that would prevent the targets from being defeated.",
    "Passive Skill 2": "Red Dragon Tactics",
    "Passive Skill 2 Description": "Whenever an enemy enters the battlefield from reinforcements, they have a 50% chance to be granted the Cursed Sleep status effect for 200TU. Then they have a 50% chance to be granted the Mega Poison status effect for 200TU.\n\nEach time a Poisoned or Sleeping unit gets the turn, this unit will be healed for 30% of its max HP.\n\nWhenever another non-conjured Ally on the battlefield is defeated or sacrificed by any source:\n- this unit gains the Armor status effect, and is healed for 100% of max HP.\n- all non-burning allies on the battlefield are granted Sleep Thorns.\n- 2 random allies on the battlefield have their current TU reduced by 50TU.\n\nWhen a unit with Sleep Thorns is dealt damage by an attack, that unit's Sleep Thorns will be consumed to immediately grant the Cursed Sleep status effect for 200TU to the attacker. Burn or attacks that grant Burn will remove Sleep Thorns and prevent Cursed Sleep from applying. Cursed Sleep will overwrite status effects other than Burn, cannot be overwritten by Poison, can be applied repeatedly to units that have already slept while on the battlefield, and will not end from damage caused by Dream Hunter type active skills.",
    "Passive Skill 3": "HP Up Lv3",
    "Passive Skill 3 Description": "Adds 1200 to this unit's max HP.",
    "Passive Skill 4": "Attack Up Lv3",
    "Passive Skill 4 Description Description": "Adds 300 to this unit's Attack.",
    "Passive Skill 5": "Stun Resist Lv3",
    "Passive Skill 5 Description": "Reduces the amount of any stun effects against this unit by 20TU.",
    "Passive Skill 6 Description": "Greatsword Mastery",
    "Passive Skill 6": "Can use weapon skills of Greatswords in addition to their original preferred weapon type."
  },
  {
    "quickview-portrait-image src": "https://evertaletoolbox2.runasp.net/files/images/monsters/small/BahamutGirlRegular02_2.png",
    "Name": "Bahamut",
    "Title": "Dragon Maiden of Calamity",
    "icon36 src (2)": "https://evertaletoolbox2.runasp.net/files/ui/elements/Light.png",
    "Attack": "1,414",
    "HP": "7,350",
    "SPD": "434",
    "icon36 src (3)": "https://evertaletoolbox2.runasp.net/files/ui/weapons/Axe.png",
    "Leader Skill": "Light Attack Up",
    "Leader Skill Description": "Allied Light element units have their Attack increased by 15%.",
    "Active Skill 1": "Meteor Lance",
    "Active Skill 1 Description": "300% damage to 1 enemy, plus 100% for each charge stored by the user (max of 600% total damage). This attack does not consume charges. This attack ignores any effects of non-boss enemies that would prevent the target from being defeated. That enemy will also be granted the Burn status effect, and become infected with it.\n\nAfter the end of each turn, this infection will trigger to apply Burn to a random non-burning unit on the infected unit's team. Infection ends after 3 triggers (even if they find no valid target) or once the infected enemy is defeated or leaves the battlefield. Infection is not a status effect and cannot be prevented or purified, but the status effect spread by the infection may be. A unit cannot get a new infection until their existing one ends.\n\nBurn will overwrite other status effects. Any unit that deals damage to or is dealt damage by a unit with burn will also become burned.",
    "Active Skill 2": "Draconic Intensity",
    "Active Skill 2 Description": "Heals all allies for 800% of the user's attack, grants them Piercing, and Intense Rage. A unit with Piercing will have their Attacks ignore enemy damage reduction effects until the end of their next turn. Intense Rage increases a unit's Attack to 1.5x for their next 3 turns, and will overwrite existing Weak or Enrage effects. It cannot be overwritten by other Enrage effects but can be overwritten by Weak effects.\n\nAll allies that are Fire element or have a Burn Blast or Burn Drive type active skill are granted the Burn status effect. Then the user is granted the Mega Healing Burn status effect for 100TU.\n\nLocked for 100TU after the user has entered the battlefield, and locks again for 100TU after each use.\n\nA unit with Mega Healing Burn will heal after each turn at 20 times the rate as Healing Burn. This will overwrite other status effects including Healing Burn on the user, cannot be overwritten by Burn, Poison or Sleep status effects, and cannot be Purified. Any unit that deals damage to or is dealt damage by a unit with Mega Healing Burn will gain the Burn status effect. A unit with Mega Healing Burn will be granted Healing Burn for 300TU when Mega Healing Burn expires.",
    "Active Skill 3": "Bahamut Blast!",
    "Active Skill 3 Description": "400% damage to 2 enemies, plus 100% for each burning unit on the battlefield (max of 800% total damage if 4 or more units on the battlefield are burning). All non-burning enemies hit are then granted the Burn status effect. This attack ignores any effects of non-boss enemies that would prevent the targets from being defeated, the Counter Stance Status Effect, and the effects of Skin passive skills. This is considered a Burn Drive type skill.\n\nUnlocked each time a unit on the battlefield is defeated or sacrificed by any source. This skill is locked again after each use unless it defeats an enemy.",
    "Active Skill 4": "Dragon Reborn",
    "Active Skill 4 Description": "Heals all allies for 800% of the user's attack. The user is granted 3 Charges, and the Mega Healing Burn status effect for 100TU.\n\nThen the user has their current TU reduced by 10TU for each burning ally on the battlefield. All other non-sleeping allies are granted the next turns by reducing their current TU. Active skills that grant turns cannot be used by any affected units until after they have had the turn.\n\nUsable only if the user has 1 or fewer Charges stored. Usable 10 times per battle. Certain skills are affected by and may consume charges. A unit can store a maximum of 3 charges, and all charges are removed from a unit that leaves the battlefield.",
    "Passive Skill 1": "Dragon's Might",
    "Passive Skill 1 Description": "This unit cannot be defeated by damage from Poison or Burn status effects.\n\nThis unit's attacks heal this unit for 100% of total damage dealt.\n\nThis unit enters battle with the Mega Healing Burn status effect for 100TU, a Burn Shield, and 3 Charges. Burn Shields prevent the next non-burn status effect a unit would gain while Burning from applying.\n\nIf this unit would be defeated while it has any charges, this unit will consume 1 charge to survive with 1HP remaining instead.\n\nIf this unit is burning, each time this unit takes damage from an attack and survives until after the end of the turn, this unit will spend a Charge to heal for 100% of max HP and immediately get the turn by having its TU reduced to 0. This extra turn may be interrupted by other effects that influence the turn order (e.g. stuns targeting the lowest TU target). This is not considered a Counter Skin type effect.",
    "Passive Skill 2": "Radiant Heat",
    "Passive Skill 2 Description": "This unit has 35% damage reduction from attacks.\n\nThis unit is not affected by stun effects and cannot be sent to the reinforcements from the battlefield.\n\nWhen this unit enters battle, all allies will be granted Heated Barrier. A unit with Heated Barrier will gain 35% damage reduction from attacks if they are burning. Allies that enter from reinforcements will be granted a Heated Barrier as long as this unit is on the battlefield. Heated Barrier's effect can stack with other damage reduction effects such as this passive skill's damage reduction effect, but will not stack with itself or other ally Barrier type skills. Heated Barrier are removed from units that leave the battlefield.\n\nWhenever a non-conjured enemy on the battlefield is defeated or sacrificed by any source, all allies are healed for 100% of max HP. Then all allies that are Fire element or have a Burn Blast or Burn Drive type active skill are granted the Burn status effect.",
    "Passive Skill 3": "Attack Up Lv3",
    "Passive Skill 3 Description": "Adds 300 to this unit's Attack.",
    "Passive Skill 4": "HP Up Lv3",
    "Passive Skill 4 Description Description": "Adds 1200 to this unit's max HP.",
    "Passive Skill 5": "Earth Resist Lv3",
    "Passive Skill 5 Description": "10% less damage from attacks by Earth units.",
    "Passive Skill 6 Description": "Sword Mastery",
    "Passive Skill 6": "Can use weapon skills of Swords in addition to their original preferred weapon type."
  },
  {
    "quickview-portrait-image src": "https://evertaletoolbox2.runasp.net/files/images/monsters/small/AnastasiaRegular02_2.png",
    "Name": "Anastasia",
    "Title": "Frostbound Princess",
    "icon36 src (2)": "https://evertaletoolbox2.runasp.net/files/ui/elements/Water.png",
    "Attack": "1,367",
    "HP": "7,585",
    "SPD": "505",
    "icon36 src (3)": "https://evertaletoolbox2.runasp.net/files/ui/weapons/GreatSword.png",
    "Leader Skill": "Water Attack Up",
    "Leader Skill Description": "Allied Water element units have their Attack increased by 15%.",
    "Active Skill 1": "Cold Steel",
    "Active Skill 1 Description": "300% damage to 1 enemy, plus 150% for each time this skill has damaged a non-sleeping enemy while on the battlefield (max of 750% total damage). Then give 1 other random ally a Monarch Token. This attack ignores damage reduction effects.\n\nMonarch Tokens cannot stack. Any attack damage will remove Monarch Tokens.",
    "Active Skill 2": "Royal Blizzard",
    "Active Skill 2 Description": "Grants all enemies the Sleep status effect for 200TU, even if they have already slept while on the battlefield. This will overwrite other status effects on those units.\n\nThen if any enemy on the battlefield is not asleep (e.g. due to a Sleep Ward), all non-sleeping enemies are granted Frostburn, and the user will immediately get the next turn. This skill becomes locked for 150TU after use.\n\nWhen a unit has Frostburn and they get the turn, they will lose the turn as if they were sleeping, then Frostburn is removed and that unit is granted the Burn status effect. Frostburn is not a status effect, but effects that remove negative status effects will also remove Frostburn. Frostburn will end if the affected unit is defeated or leaves the battlefield. Frostburn cannot apply to boss units, and cannot stack. Burn will overwrite other status effects. Any unit that deals damage to or is dealt damage by a unit with burn will also become burned.",
    "Active Skill 3": "Cold Decree",
    "Active Skill 3 Description": "300% damage to 2 enemies. 600% damage instead to targets that are sleeping, burning or frostburned. All non-sleeping enemies hit are then granted the Sleep status effect for 200TU, even if they have already slept while on the battlefield. This attack ignores enemy damage reduction effects, skin passive skills, and the Counter Stance status effect.",
    "Active Skill 4": "Blizzard Slash",
    "Active Skill 4 Description": "500% damage to 1 enemy. 700% damage instead if the user has survived 200TU+ on the battlefield. This attack cannot be redirected by Guardians. This attack ignores enemy damage reduction effects and any effects of non-boss enemies that would prevent the target from being defeated.\n\nLocked for 200TU after the user has entered the battlefield. This lock is ignored while all enemies on the battlefield are sleeping, burning or frostburned.",
    "Passive Skill 1": "Icy Princess",
    "Passive Skill 1 Description": "This unit's attacks will not wake sleeping enemies.\n\nWhenever this unit defeats any number of non-conjured enemies with an attack, an Imposter is added to the next in line of enemy reinforcements.\n\nEach time an ally with a Monarch token is damaged by an enemy attack (even if defeated), this unit will immediately have its TU reduced to 0.\n\nEach time this unit damages:\n- a non-sleeping enemy with an attack, a random ally has their current TU reduced by 10TU.\n- a sleeping, burning or frostburned enemy with an attack, this unit heals for 100% of max HP, and it will Endure the next damage that would defeat it with 1HP. Endure effects cannot stack.",
    "Passive Skill 2": "Cold Winds",
    "Passive Skill 2 Description": "This unit cannot be burned or poisoned.\n\nWhenever another Water or Fire ally enters the battlefield from reinforcements:\n- 2 random non-sleeping enemies are granted Frostburn.\n- 2 random non-burning allies on the battlefield are Purified (negative status effects like sleep or poison are removed).\n\nUntil the end of this unit's third turn while on the battlefield, this unit cannot be defeated by damage and heals for 25% of max HP at the end of every turn.\n\nAt the start of every turn while this unit is on the battlefield, if there is a sleeping, burning or frostburned unit on the battlefield:\n- this unit heals for 25% of max HP.\n- this unit will have its TU reduced to 0 at the end of the turn. This effect cannot trigger again until 50TU advances.\n- Allies gain 1 Spirit at the end of the turn.",
    "Passive Skill 3": "HP Up Lv3",
    "Passive Skill 3 Description": "Adds 1200 to this unit's max HP.",
    "Passive Skill 4": "Attack Up Lv3",
    "Passive Skill 4 Description Description": "Adds 300 to this unit's Attack.",
    "Passive Skill 5": "Fire Resist Lv3",
    "Passive Skill 5 Description": "10% less damage from attacks by Fire units.",
    "Passive Skill 6 Description": "Greataxe Mastery",
    "Passive Skill 6": "Can use weapon skills of Greataxes in addition to their original preferred weapon type."
  },
  {
    "quickview-portrait-image src": "https://evertaletoolbox2.runasp.net/files/images/monsters/small/DonQuixoteRegular02_2.png",
    "Name": "Don Quixote",
    "Title": "Relentless Knight",
    "icon36 src (2)": "https://evertaletoolbox2.runasp.net/files/ui/elements/Fire.png",
    "Attack": "621",
    "HP": "19,561",
    "SPD": "328",
    "icon36 src (3)": "https://evertaletoolbox2.runasp.net/files/ui/weapons/Spear.png",
    "Leader Skill": "Fire ATK & HP Up",
    "Leader Skill Description": "Allied Fire element units have their Attack increased by 10% and max HP increased by 7%.",
    "Active Skill 1": "Heated Lance",
    "Active Skill 1 Description": "250% damage to 1 enemy. 500% damage instead if the user is burning. 1000% damage instead if all units on the battlefield are burning. Then another random ally is granted Piercing. This attack ignores any effects of non-boss enemies that would prevent the target from being defeated.\n\nA unit with Piercing will have their Attacks ignore enemy damage reduction effects until the end of their next turn.",
    "Active Skill 2": "Overflowing Burn",
    "Active Skill 2 Description": "Burns all units on the battlefield, and grants them a Burn Shield. This will overwrite other status effects on those units.\n\nThen the user is granted Healing Burn for 300TU, all other allies heal for 1000% of the user's attack, and Allies gain 1 Spirit for each unit on the battlefield that is burning. This skill becomes locked for 100TU after use.\n\nBurn Shields prevent the next non-burn status effect a unit would gain while Burning from applying. A unit with Healing Burn will heal after each turn at the same rate as Burn would deal damage instead of taking damage from Burn. Healing Burn will overwrite other status effects on the user and can replace the Burn status effect, but cannot be replaced by Burn. Any unit that deals damage to or is dealt damage by a unit with Healing Burn will gain the Burn status effect. Healing Burn will not be removed by Purify skills.",
    "Active Skill 3": "Burning Path",
    "Active Skill 3 Description": "Targets all enemies. 1500% damage to 1 random enemy. 500% damage to all other targets. Then all allies heal for 500% of the user's attack. This attack ignores any effects of non-boss enemies that would prevent the targets from being defeated, the Counter Stance Status Effect, and the effects of Skin passive skills.\n\nUnlocked each time the user damages an enemy with another attack. This skill is locked again after each use or if the user leaves the battlefield.",
    "Active Skill 4": "Lance Cannon",
    "Active Skill 4 Description": "1000% damage to 1 enemy, and exchanges the user's current HP with the amount of HP the user has currently lost. This attack ignores effects of non-boss enemies that would prevent the target from being defeated. Usable only if the user's HP is at 50% or less. Usable 3 times per battle.",
    "Passive Skill 1": "Hero's Journey",
    "Passive Skill 1 Description": "This unit is a Guardian. For any enemy attack that would hit 1 or 2 other allies, this unit has a 100% chance to redirect 1 hit to itself instead. This unit will not redirect skills that don't deal damage.\n\nThis unit cannot be sent to the reinforcements from the battlefield.\n\nThis unit cannot be defeated if it has the Mega Healing Burn status effect.\n\nThis unit enters battle with Mega Healing Burn for 100TU, and an Instant Death Ward.\n\nAt the end of each of the first 3 turns this unit gets on the battlefield:\n- Burn all units on the battlefield. This will overwrite other status effects on those units.\n- Then this unit is granted Mega Healing Burn for 100TU.\n- Then this unit is granted an Instant Death Ward.\n\nAn Instant Death Ward prevents this unit from being immediately defeated without damage by a non-boss enemy once, then is removed. Instant Death Wards cannot be ignored and cannot stack. A unit with Mega Healing Burn will heal after each turn at 20 times the rate as Healing Burn. This will overwrite other status effects including Healing Burn on the user, cannot be overwritten by Burn, Poison or Sleep status effects, and cannot be Purified. Any unit that deals damage to or is dealt damage by a unit with Mega Healing Burn will gain the Burn status effect. A unit with Mega Healing Burn will be granted Healing Burn for 300TU when Mega Healing Burn expires.",
    "Passive Skill 2": "Unwavering Strength",
    "Passive Skill 2 Description": "This unit is not affected by stun effects.\n\nAt the end of each ally unit's turn while this unit is on the battlefield, if there are 4 or more burning units on the battlefield, a random burning non-water enemy will be stunned for 25TU. This may trigger before or after other effects.\n\nUntil this unit has survived for 150TU on the battlefield, this unit has 80% damage reduction from attacks. Afterwards, this unit has 40% damage reduction from attacks.\n\nIf this unit takes damage from an attack and survives until after the end of the turn:\n- this unit will heal for 10% of max HP for each burning ally on the battlefield (max 40%).\n- a random burning non-guardian ally will immediately get the turn by having its TU reduced to 0. Active skills that grant turns cannot be used by any affected units until after they have had the turn.",
    "Passive Skill 3": "Attack Up Lv3",
    "Passive Skill 3 Description": "Adds 300 to this unit's Attack.",
    "Passive Skill 4": "HP Up Lv3",
    "Passive Skill 4 Description Description": "Adds 1200 to this unit's max HP.",
    "Passive Skill 5": "G.sword Resist Lv3",
    "Passive Skill 5 Description": "10% less damage from attacks by units equipped with Greatswords.",
    "Passive Skill 6 Description": "Greatsword Mastery",
    "Passive Skill 6": "Can use weapon skills of Greatswords in addition to their original preferred weapon type."
  },
  {
    "quickview-portrait-image src": "https://evertaletoolbox2.runasp.net/files/images/monsters/small/KingArthurEvil02_2.png",
    "Name": "King Arthur",
    "Title": "Revenant of the Round Table",
    "icon36 src (2)": "https://evertaletoolbox2.runasp.net/files/ui/elements/Dark.png",
    "Attack": "1,252",
    "HP": "8,160",
    "SPD": "538",
    "icon36 src (3)": "https://evertaletoolbox2.runasp.net/files/ui/weapons/Axe.png",
    "Leader Skill": "Dark Attack Up",
    "Leader Skill Description": "Allied Dark element units have their Attack increased by 15%.",
    "Active Skill 1": "Infectious Evil",
    "Active Skill 1 Description": "300% damage to 1 enemy, plus 100% for each turn the user has gotten and survived until after the end of the turn on the battlefield (max of 600% total damage). If that enemy is not burning, they will also be granted the Lethal Poison status effect, and become infected with it. This attack ignores damage reduction effects, skin passive skills and the Counter Stance status effect.\n\nAfter the end of each turn, this infection will trigger to apply Lethal Poison to a random non-burning, non-Lethal Poisoned unit on the infected unit's team. Infection ends after 3 triggers (even if they find no valid target) or once the infected enemy is defeated or leaves the battlefield. Infection is not a status effect and cannot be prevented or purified, but the status effect spread by the infection may be. A unit cannot get a new infection until their existing one ends.\n\nLethal Poison will overwrite other status effects, lasts 999 TU, cannot be overwritten by status effects other than Burn or Stealth, and cannot be Purified. Lethal Poison deals 2 times the damage of normal Poison, and ignores passive skills or effects of active skills that would prevent the target from being defeated, other than those which specifically prevent defeat from Poison or non-attack damage. Lethal Poison cannot apply to Burning or Boss units.",
    "Active Skill 2": "Dark Rebirth",
    "Active Skill 2 Description": "Heals all Dark allies for 100% of max HP. The user is granted Stealth, a Stealth Shield, a Sleep Ward, Stun Ward, and Poison Ward. The user's Hold Ground+ passive skill effect is reset for the user and can be triggered again.\n\nWhen the user activates this skill a third time, a random non-boss, non-Ephemeral enemy on or below 25% of max HP and on the battlefield will be immediately defeated (the user is considered to have defeated that enemy with an attack). This secondary effect ignores Revenge passive skills, Revival passive skills, and any passive skills or effects of active skills that would prevent the random enemy from being defeated.\n\nThis skill is locked until the user's Hold Ground+ passive skill effect is triggered while on the battlefield and is locked again after each use. This skill can be used only three times per battle.\n\nStealth will overwrite other Status effects on the user. Stealth Shields prevent the next other status effect a unit would gain while Stealthed from applying. Stealthed units ignore the next enemy attack that would damage more than 1 target. Any damage will remove stealth. Each Ward prevents their named effect from being applied once, then is removed. Identical Wards cannot stack.",
    "Active Skill 3": "Regal Cataclysm",
    "Active Skill 3 Description": "200% damage to all enemies, plus 100% for each time this skill has already been used while on the battlefield (max of 500% total damage). The user and another random ally are granted Stealth and a Stealth Shield. This attack ignores enemy damage reduction effects and any effects of non-boss enemies that would prevent the target from being defeated.\n\nUnlocked each time the user damages an enemy with another attack. This skill is locked again after each use or if the user leaves the battlefield.",
    "Active Skill 4": "Devouring Eclipse",
    "Active Skill 4 Description": "Immediately defeats 1 random non-boss, non-conjured enemy. Then all remaining non-boss, non-ephemeral enemies on the battlefield have a 25% chance each of being immediately defeated. These effects ignore Revenge passive skills, Revival passive skills, any passive skills or effects of active skills that would prevent the target from being defeated, and cannot be redirected by Guardians. The user is considered to have defeated with attacks as many units as are defeated by any of these effects.\n\nUnlocked after 5 or more non-conjured units on the battlefield are defeated or sacrificed by any source while this unit is on the battlefield. Usable if a valid target exists, and once per battle.",
    "Passive Skill 1": "Tainted King",
    "Passive Skill 1 Description": "If this unit would be defeated, it instead survives with 1 HP and then cannot be defeated or stunned until its next turn. This effect can trigger only once each time this unit enters the battlefield, and is considered a Hold Ground+ effect.\n\nThis unit's attacks heal this unit for 100% of total damage dealt.\n\nEach time this unit takes damage from an attack and survives until after the end of the turn with more than 1 HP, this unit will immediately get the turn by having its TU reduced to 0. This extra turn may be interrupted by other effects that influence the turn order (e.g. other stuns targeting the lowest TU target). This is not considered a Counter Skin type effect.\n\nThis unit enters battle with 10% HP Regen for 200TU, and an Instant Death Ward.\n\nAn Instant Death Ward prevents this unit from being immediately defeated without damage by a non-boss enemy once, then is removed. Instant Death Wards cannot be ignored and cannot stack. A unit with 10% HP Regen will heal for 10% of their max HP after every turn. HP Regen effects will overwrite existing HP Regen effects.",
    "Passive Skill 2": "King's Dawn+",
    "Passive Skill 2 Description": "This unit's Attack is increased to 1.5x.\nThis unit's Active Skill TU Costs are reduced by 50%.\nThis unit has 50% damage reduction from attacks.\n\nAll of these effects are triggered when this unit begins on the battlefield at the very start of battle, and will end if this unit leaves the battlefield. This unit cannot be sent to the reinforcements from the battlefield.\n\n-This Attack increase does not stack with Enrage effects.\n-This will not reduce TU Costs to below 1TU.\n-Quicken effects will not further reduce this unit's TU costs.",
    "Passive Skill 3": "HP Up Lv3",
    "Passive Skill 3 Description": "Adds 1200 to this unit's max HP.",
    "Passive Skill 4": "Attack Up Lv3",
    "Passive Skill 4 Description Description": "Adds 300 to this unit's Attack.",
    "Passive Skill 5": "Storm Resist Lv3",
    "Passive Skill 5 Description": "10% less damage from attacks by Storm units.",
    "Passive Skill 6 Description": "Sword Mastery",
    "Passive Skill 6": "Can use weapon skills of Swords in addition to their original preferred weapon type."
  },
  {
    "quickview-portrait-image src": "https://evertaletoolbox2.runasp.net/files/images/monsters/small/PeachGirlRegular02_2.png",
    "Name": "Momotaro",
    "Title": "Peachy Big Sister",
    "icon36 src (2)": "https://evertaletoolbox2.runasp.net/files/ui/elements/Water.png",
    "Attack": "1,285",
    "HP": "7,995",
    "SPD": "509",
    "icon36 src (3)": "https://evertaletoolbox2.runasp.net/files/ui/weapons/Staff.png",
    "Leader Skill": "Water ATK & HP Up",
    "Leader Skill Description": "Allied Water element units have their Attack increased by 10% and max HP increased by 7%.",
    "Active Skill 1": "Peach Cut",
    "Active Skill 1 Description": "300% damage to 1 enemy, plus 150% for each time this skill has damaged a burning or sleeping enemy while on the battlefield (max of 750% total damage). This attack ignores damage reduction effects, any effects of non-boss enemies that would prevent the target from being defeated, skin passive skills and the Counter Stance status effect.\n\nThe first time this skill is activated while on the battlefield, the user will get the next turn by having their TU reduced to 0. Then this skill becomes usable only if the user's party has 2 or less Spirit.",
    "Active Skill 2": "Heartful Push",
    "Active Skill 2 Description": "Exchanges 1 random non-sleeping, non-immovable enemy with an Imposter. The exchanged enemy will be sent to a random place in line of enemy reinforcements. If this skill is used 3 times within 10TU, it becomes locked for 200TU, minus 25TU per awakening (100TU if the user has 4 Awakenings). Usable only if there are 4 enemies on the battlefield, at least 2 of them are not Imposters, and a valid target exists. Usable 15 times per battle.",
    "Active Skill 3": "Inescapable Love",
    "Active Skill 3 Description": "500% damage to 1 enemy, and the user is granted a Power Charge. 700% damage instead if the target is sleeping or burning. This attack cannot be redirected by Guardians. This attack ignores the Counter Stance Status Effect, and the effects of Skin passive skills.\n\nIf this damage does not defeat the target, the user exchanges that enemy with an Imposter. The exchanged enemy will be sent to a random place in line of enemy reinforcements. This will not trigger if the target is Immovable or if there are less than 4 enemies on the battlefield (no Imposter will be added), and cannot trigger more than 3 times per battle.\n\nUnlocked each time the user damages an enemy with another attack. This skill is locked again after each use or if the user leaves the battlefield. Power Charges cannot stack and will be removed when the user leaves the battlefield.",
    "Active Skill 4": "Peachburst",
    "Active Skill 4 Description": "800% damage to 2 enemies, and the user will Endure the next damage that would defeat it with 1HP. Endure effects cannot stack. Minus 100% damage for each enemy on the battlefield that is not burning or sleeping (max of -400% if 4 enemies are not burning or sleeping). If this attack damages a target, the user's Power Charge is consumed. This attack ignores damage reduction effects, any effects of non-boss enemies that would prevent the target from being defeated, skin passive skills and the Counter Stance status effect. Usable only if the user has a Power Charge.",
    "Passive Skill 1": "Demon Slayer",
    "Passive Skill 1 Description": "This unit cannot be burned, or be sent to the reinforcements from the battlefield.\n\nThis unit has 30% damage reduction from attacks. While there is a sleeping or burning enemy on the battlefield, this unit has 60% damage reduction instead.\n\nThe first time this unit is damaged by an attack while it does not have its Active Skills disabled, this unit will have its TU reduced to 0.\n\nThis unit's attacks:\n- Will not wake sleeping enemies.\n- Heal this unit for 100% of total damage dealt.\n- Remove burn status effects (including Mega Healing Burn) from hit targets.\n- Then grant hit targets the Sleep status effect for 200TU, even if they have already slept while on the battlefield. This effect cannot trigger if Momotaro has no other allies on the battlefield.",
    "Passive Skill 2": "Flashy Entrance",
    "Passive Skill 2 Description": "This unit cannot be stunned if there is an enemy on the battlefield that is Fire element, or has a Burn Blast or Burn Drive type active skill.\n\nWhenever an imposter on the battlefield is defeated or sacrificed by any source, a random ally will have their current TU reduced by 50TU.\n\nWhen this unit enters battle, for 150TU:\n- This unit cannot be defeated by damage (including Lethal Poison).\n- Each time this unit takes damage from an attack and survives until after the end of the turn, this unit will heal for 100% of its max HP and be Purified (any negative status effects like sleep, burn or poison are removed).\nAfter 150TU on the battlefield, each time this unit takes damage from an attack and survives until after the end of the turn, this unit will heal for 30% of its max HP and be Purified.\n\nWhenever this unit defeats any number of non-conjured enemies with an attack, this unit will grant the Deep Sleep status effect for 100TU to the next enemy that enters the battlefield. Deep Sleep will overwrite other status effects, cannot be overwritten by Burn or Sleep status effects, and cannot be Purified.",
    "Passive Skill 3": "Attack Up Lv3",
    "Passive Skill 3 Description": "Adds 300 to this unit's Attack.",
    "Passive Skill 4": "HP Up Lv3",
    "Passive Skill 4 Description Description": "Adds 1200 to this unit's max HP.",
    "Passive Skill 5": "Fire Resist Lv3",
    "Passive Skill 5 Description": "10% less damage from attacks by Fire units.",
    "Passive Skill 6 Description": "Sword Mastery",
    "Passive Skill 6": "Can use weapon skills of Swords in addition to their original preferred weapon type."
  }
]