[
  {
    "quickview-portrait-image src": "https://evertaletoolbox2.runasp.net/files/images/monsters/small/OdinRegular02_2.png",
    "Name": "Odin",
    "Title": "Goddess of All Laws",
    "icon36 src": "https://evertaletoolbox2.runasp.net/files/ui/app/RarityIconSsr01.png",
    "icon10 src": "https://evertaletoolbox2.runasp.net/files/ui/rarity/IconRainbowStar01.png",
    "icon36 src (2)": "https://evertaletoolbox2.runasp.net/files/ui/elements/Storm.png",
    "Cost": "34",
    "Attack": "1,482",
    "HP": "7,010",
    "SPD": "400",
    "icon36 src (3)": "https://evertaletoolbox2.runasp.net/files/ui/weapons/Spear.png",
    "Leader Skill": "Storm ATK & HP Up",
    "Leader Skill Description": "Allied Storm element units have their Attack increased by 10% and max HP increased by 7%.",
    "Active Skill 1": "Time Blaster",
    "Active Skill 1 Description": "Targets 1 enemy and deals 100% damage minimum. If the target has 50+ TU, deals 300% damage and steals 1 Spirit from enemies. 500% damage and 2 Spirit stolen instead if the target has 100+ TU.",
    "Active Skill 2": "Supreme Stun",
    "Active Skill 2 Description": "Stuns 1 enemy for 500TU. The user is fully healed and purified (any negative status effects such as Sleep, Burn, or Poison are removed from the user). Usable once per battle.",
    "Active Skill 3": "Gungnir",
    "Active Skill 3 Description": "Sacrifices the ally Winged Shade on the battlefield with the highest current TU for 600% damage to 1 enemy, then adds 2 Winged Shades to random places in ally reinforcements. The user is healed fully and is purified. This does not prevent new status effects from applying to the user. Usable only if there is an ally Winged Shade on the battlefield.",
    "Active Skill 4": "Ragnarok",
    "Active Skill 4 Description": "Sacrifices the user to deal 600% damage to all enemies. This attack ignores enemy damage reduction effects and the Stealth status effect. Adds 1 Winged Shade to a random place in ally reinforcements for each Awakening the user has, up to 4 max when fully awakened. Locked for 200TU after the user has entered the battlefield.",
    "Passive Skill 1": "Eyes of Odin",
    "Passive Skill 1 Description": "Add a number of Winged Shades to random places in ally reinforcements equal to the number of Awakenings this unit has plus 1, up to 5 max when fully awakened. Triggered when this unit enters battle (whether at the start of battle or from reinforcements), so long as this unit is not conjured and there are at least 5 non-conjured units in the ally team (including reinforcements). The number of Winged Shades added by this effect will be doubled if there are at least 10 non-conjured units in the ally team, up to 10 max when fully awakened.\n\nIf this unit is not conjured, this unit cannot be sent to the reinforcements from the battlefield.\n\nEvery Winged Shade conjured by this unit will have its Level, Limit Breaks, Awakenings, Boosts, Potential, Mastery, Weapon, and Accessory match this unit.",
    "Passive Skill 2": "Supreme Will",
    "Passive Skill 2 Description": "If this unit would be defeated by an enemy attack or a status effect while having more than 1 HP, it instead survives with 1 HP.\n\nThis unit enters battle with a Sleep Ward.\n\nIf this unit is conjured, it immediately gets the turn by having its TU reduced to 0 whenever it enters the battlefield from reinforcements.\n\nWhenever an ally Winged Shade gets the turn or enters the battlefield, this unit will be healed for 50% of max HP, will wake up if it is Sleeping, and will gain a Sleep Ward.\n\n-Sleep Ward prevents Sleep from being applied once, then is removed. Sleep Wards cannot stack.",
    "Passive Skill 3": "Attack Up Lv3",
    "Passive Skill 3 Description": "Adds 300 to this unit's Attack.",
    "Passive Skill 4": "Storm Resist Lv3",
    "Passive Skill 4 Description Description": "10% less damage from attacks by Storm units.",
    "Passive Skill 5": "HP Up Lv3",
    "Passive Skill 5 Description": "Adds 1200 to this unit's max HP.",
    "Passive Skill 6 Description": "Greatsword Mastery",
    "Passive Skill 6": "Can use weapon skills of Greatswords in addition to their original preferred weapon type."
  },
  {
    "quickview-portrait-image src": "https://evertaletoolbox2.runasp.net/files/images/monsters/small/KaguyahimeRegular02_2.png",
    "Name": "Kaguya",
    "Title": "White Rabbit Princess",
    "icon36 src": "https://evertaletoolbox2.runasp.net/files/ui/app/RarityIconSsr01.png",
    "icon10 src": "https://evertaletoolbox2.runasp.net/files/ui/rarity/IconRainbowStar01.png",
    "icon36 src (2)": "https://evertaletoolbox2.runasp.net/files/ui/elements/Earth.png",
    "Cost": "34",
    "Attack": "1,359",
    "HP": "7,625",
    "SPD": "458",
    "icon36 src (3)": "https://evertaletoolbox2.runasp.net/files/ui/weapons/Hammer.png",
    "Leader Skill": "Earth Attack Up",
    "Leader Skill Description": "Allied Earth element units have their Attack increased by 15%.",
    "Active Skill 1": "Moonlight",
    "Active Skill 1 Description": "75% damage to 2 enemies. 500% damage instead to targets that are sleeping. Allies gain 1 additional Spirit for each sleeping target hit.",
    "Active Skill 2": "Gravity Cannon",
    "Active Skill 2 Description": "600% damage to 1 enemy if they do not have the Burn status effect. Usable if the user has the Stealth status effect. This attack ignores any enemy status effects, damage reduction effects, revenge passive skills, and skin passive skills.",
    "Active Skill 3": "Lunar Veil",
    "Active Skill 3 Description": "The user gains the Stealth status effect with a Stealth shield. This will overwrite other Status effects on the user. The user will also Endure the next damage that would defeat it with 1HP. Endure effects cannot stack. Usable if the user does not have the Stealth or Burn status effects. Stealthed units ignore the next enemy attack that would damage more than 1 target. Any damage will remove stealth. Stealth Shield prevents the next other status effect the user would gain while Stealthed from applying.",
    "Active Skill 4": "Survivor's Barrage",
    "Active Skill 4 Description": "600% damage to 1 enemy and heals the user for 100% of max HP if damage is dealt. This attack ignores enemy damage reduction effects. Locked for 300TU after the user has entered the battlefield.",
    "Passive Skill 1": "Lunar Knockout",
    "Passive Skill 1 Description": "This unit's attacks will not wake sleeping enemies.\n\nWhenever an enemy survives an attack from this unit with 25% or less of max HP they will be granted the Cursed Sleep status effect for 200TU unless this unit is Burning.\n\nWhenever this unit defeats any number of enemies with an attack, 1 random non-sleeping enemy is granted the Cursed Sleep status effect for 200TU.\n\nCursed Sleep will overwrite status effects other than Burn, cannot be overwritten by Poison, can be applied repeatedly to units that have already slept while on the battlefield, and will not end from damage caused by Dream Hunter type active skills.",
    "Passive Skill 2": "Lunar Curse",
    "Passive Skill 2 Description": "Grants a random enemy the Cursed Sleep status effect for 200TU. 20% chance plus 20% per Awakening (up to 100% chance if this unit has 4 Awakenings) to trigger after each enemy turn if no enemy is sleeping already.\n\nWhen this unit enters battle (whether at the start of battle or from reinforcements) it will Endure the next damage that would defeat it with 1HP.\n\nWhenever a Sleeping enemy gets a turn, this unit heals 50% of its max HP and will again Endure the next damage that would defeat it with 1HP. Endure effects cannot stack.\n\nReduces the amount of any stun effects against this unit by 50TU.",
    "Passive Skill 3": "HP Up Lv3",
    "Passive Skill 3 Description": "Adds 1200 to this unit's max HP.",
    "Passive Skill 4": "Fire Resist Lv3",
    "Passive Skill 4 Description Description": "10% less damage from attacks by Fire units.",
    "Passive Skill 5": "Attack Up Lv3",
    "Passive Skill 5 Description": "Adds 300 to this unit's Attack.",
    "Passive Skill 6 Description": "Spear Mastery",
    "Passive Skill 6": "Can use weapon skills of Spears in addition to their original preferred weapon type."
  },
  {
    "quickview-portrait-image src": "https://evertaletoolbox2.runasp.net/files/images/monsters/small/HimikoRegular02_2.png",
    "Name": "Himiko",
    "Title": "Priestess of the Sun",
    "icon36 src": "https://evertaletoolbox2.runasp.net/files/ui/app/RarityIconSsr01.png",
    "icon10 src": "https://evertaletoolbox2.runasp.net/files/ui/rarity/IconRainbowStar01.png",
    "icon36 src (2)": "https://evertaletoolbox2.runasp.net/files/ui/elements/Storm.png",
    "Cost": "34",
    "Attack": "1,633",
    "HP": "6,255",
    "SPD": "466",
    "icon36 src (3)": "https://evertaletoolbox2.runasp.net/files/ui/weapons/Mace.png",
    "Leader Skill": "Storm Attack Up",
    "Leader Skill Description": "Allied Storm units have their Attack increased by 15%.",
    "Active Skill 1": "Thunder Blast",
    "Active Skill 1 Description": "50% damage to 1 enemy. 300% damage instead and the user gains a Power Charge every second time this skill is activated while on the battlefield. 30% chance of stunning another random enemy for 100TU if the target is not defeated by this attack. This attack ignores the Counter Stance Status Effect and the effects of Skin passive skills. Power Charges cannot stack and will be removed when the user leaves the battlefield.",
    "Active Skill 2": "Time Dominator",
    "Active Skill 2 Description": "Targets 1 enemy. If the target has 100+ TU, deals 500% damage and the user gains a Power Charge. If the target does not have 100+ TU but the user has a Power Charge, it will be consumed to still deal 500% damage. This attack ignores enemy damage reduction effects.",
    "Active Skill 3": "Thunder Breaker",
    "Active Skill 3 Description": "500% damage to 1 enemy if they are a Guardian. This attack ignores enemy damage reduction effects. Stuns another random enemy for 200TU if the target was a Guardian and survives this attack with 35% or less of max HP. This skill will be locked after use until the end of the user's next turn.",
    "Active Skill 4": "Divine Reflection",
    "Active Skill 4 Description": "Heals all allies for 800% of the user's Attack and Purifies them. Allies other than the user also become Enraged, having their attack increased to 1.5x until the end of their next turn, and their current TU is reduced by 50 if their current TU is 50 or more.\n\nThis skill becomes locked for 200TU after use. When any unit gets the turn after this lock expires, the lowest TU enemy will be stunned for 50TU, and then the user will be Purified (even if sleeping) and get the next turn instead by having their TU reduced to 0. This extra turn may be interrupted by other effects that influence the turn order (e.g. other stuns targeting the lowest TU target).",
    "Passive Skill 1": "Wall Breaker",
    "Passive Skill 1 Description": "Each time this unit damages an enemy that has 100% of their max HP with an attack, this unit will immediately get the next turn.\n\nWhenever this unit defeats an enemy with an attack, all allies are purified.\n\n- The extra turn is granted after Counter Skin type effects triggered by this unit's attacks, and so this unit will act before a countering enemy.\n- Effects that influence TU order may interrupt the extra turn (e.g. Stuns targeting the lowest TU target).\n- The extra turn cannot trigger again against the same target until TU advances.",
    "Passive Skill 2": "The Power of Rice!",
    "Passive Skill 2 Description": "If this unit would be defeated by an enemy attack or a status effect while having more than 1 HP, it instead survives with 1 HP.\n\nWhen this unit deals damage to an enemy with an attack, this unit is healed for 100% of total damage dealt.\n\nIf this unit takes damage from an attack and survives until after the end of the turn, this unit has a 60% chance to heal for 30% of max HP.",
    "Passive Skill 3": "Attack Up Lv3",
    "Passive Skill 3 Description": "Adds 300 to this unit's Attack.",
    "Passive Skill 4": "Mace Hunter Lv3",
    "Passive Skill 4 Description Description": "10% bonus to attacks against units equipped with Maces.",
    "Passive Skill 5": "HP Up Lv3",
    "Passive Skill 5 Description": "Adds 1200 to this unit's max HP.",
    "Passive Skill 6 Description": "Staff Mastery",
    "Passive Skill 6": "Can use weapon skills of Staffs in addition to their original preferred weapon type."
  },
  {
    "quickview-portrait-image src": "https://evertaletoolbox2.runasp.net/files/images/monsters/small/JeanneDarkSwimsuit02_2.png",
    "Name": "Dark Jeanne",
    "Title": "Summertime Fallen Angel",
    "icon36 src": "https://evertaletoolbox2.runasp.net/files/ui/app/RarityIconSsr01.png",
    "icon10 src": "https://evertaletoolbox2.runasp.net/files/ui/rarity/IconRainbowStar01.png",
    "icon36 src (2)": "https://evertaletoolbox2.runasp.net/files/ui/elements/Dark.png",
    "Cost": "34",
    "Attack": "1,584",
    "HP": "6,500",
    "SPD": "643",
    "icon36 src (3)": "https://evertaletoolbox2.runasp.net/files/ui/weapons/Spear.png",
    "Leader Skill": "Dark Attack Up",
    "Leader Skill Description": "Allied Dark element units have their Attack increased by 15%.",
    "Active Skill 1": "Dark Spirit",
    "Active Skill 1 Description": "Damage to 1 enemy. If the user's current HP is at 50% or less, exchanges the user's current HP with the amount of HP the user has currently lost. Otherwise, allies gain 2 additional Spirit.",
    "Active Skill 2": "Stealth Zone",
    "Active Skill 2 Description": "Each ally with a Stealth Strike type active skill is healed for HP equal to 500% of the user's Attack, becomes Enraged, and gains Stealth with a Stealth Shield. Allies gain 3 Spirit for each other affected ally. Cannot be used if the user already has both Stealth and a Stealth Shield.\n\n-Stealth Strike type active skills are any skills that are unlocked while their user has Stealth.\n-Stealth Shields prevent the next other status effect a unit would gain while Stealthed from applying.\n-Stealth will overwrite other status effects on affected units. Stealthed units ignore the next enemy attack that would damage more than 1 target. Any damage will remove stealth.\n-Enraged units have their Attack increased to 1.5x until the end of their next turn. This will overwrite the effects of other Enrage skills on affected units.",
    "Active Skill 3": "Stealth Ravager",
    "Active Skill 3 Description": "500% damage to 2 enemies. Allies gain 1 Spirit for each ally that has the Stealth status effect. Usable only if the user has the Stealth status effect. This attack ignores any enemy status effects (including Stealth), damage reduction effects, revenge passive skills, and skin passive skills.",
    "Active Skill 4": "Survivor's Rush",
    "Active Skill 4 Description": "500% damage to 1 enemy. This attack ignores enemy damage reduction effects. The user will also Endure the next damage that would defeat it with 1HP, is healed fully, and is granted the Stealth status effect with a Stealth Shield. Endure effects cannot stack. Locked for 300TU after the user has entered the battlefield, and locks again for 50TU after each use.",
    "Passive Skill 1": "Shadow Dash",
    "Passive Skill 1 Description": "Allies gain 3 Spirit. This unit is healed for 99.9% of Max HP, gains the Stealth status effect, and will immediately get the turn by having its TU reduced to 0. These effects are all triggered whenever this unit enters the battlefield from reinforcements.\n\nThis unit's Active Skill TU Costs are reduced by 40% while this unit has the Stealth status effect. Other allies on the battlefield with Stealth Strike type active skills are Quickened by 30% whenever this unit enters the battlefield, whether at the start of battle or from reinforcements. This will overwrite the effects of other Quicken effects on those allies.\n\n-Other effects that further reduce TU will have diminishing returns while this TU Cost reduction is in effect.\n-Quicken effects will not further reduce this unit's TU costs.",
    "Passive Skill 2": "Mikaela's Rescue",
    "Passive Skill 2 Description": "The first time this unit would be defeated by an attack while on the battlefield, it will instead survive the turn on 1HP. Then if this unit has not used Survivor's Rush while on the battlefield and there are any other non-conjured allies on the battlefield, this unit will be sent away from the battlefield to be next in line of allied reinforcements. If there are no allied reinforcements to replace this unit, enough Kuromoris (up to 3) will be added to the ally team so that it can still return to reinforcements.\n\nIf this unit survives on 1HP in this way and has used Survivor's Rush while on the battlefield, it will instead heal to full HP, gain the Stealth status effect (this will overwrite other status effects on this unit), and will Endure the next damage that would defeat it with 1HP, Endure effects cannot stack.\n\nThis passive skill will be disabled if there is another ally \"Dark Jeanne, Summertime Fallen Angel\" on the battlefield or in ally reinforcements.",
    "Passive Skill 3": "HP Up Lv3",
    "Passive Skill 3 Description": "Adds 1200 to this unit's max HP.",
    "Passive Skill 4": "Attack Up Lv3",
    "Passive Skill 4 Description Description": "Adds 300 to this unit's Attack.",
    "Passive Skill 5": "Earth Resist Lv3",
    "Passive Skill 5 Description": "10% less damage from attacks by Earth units.",
    "Passive Skill 6 Description": "Greatsword Mastery",
    "Passive Skill 6": "Can use weapon skills of Greatswords in addition to their original preferred weapon type."
  },
  {
    "quickview-portrait-image src": "https://evertaletoolbox2.runasp.net/files/images/monsters/small/YandereMaidRaceQueen02_2.png",
    "Name": "Clarice",
    "Title": "Full-Throttle Racer",
    "icon36 src": "https://evertaletoolbox2.runasp.net/files/ui/app/RarityIconSsr01.png",
    "icon10 src": "https://evertaletoolbox2.runasp.net/files/ui/rarity/IconRainbowStar01.png",
    "icon36 src (2)": "https://evertaletoolbox2.runasp.net/files/ui/elements/Storm.png",
    "Cost": "34",
    "Attack": "1,456",
    "HP": "7,140",
    "SPD": "670",
    "icon36 src (3)": "https://evertaletoolbox2.runasp.net/files/ui/weapons/GreatSword.png",
    "Leader Skill": "Storm ATK & HP Up",
    "Leader Skill Description": "Allied Storm element units have their Attack increased by 10% and max HP increased by 7%.",
    "Active Skill 1": "Rallying Queen",
    "Active Skill 1 Description": "Damage to 1 enemy. Allies on the battlefield with active skills that can Stun or Combo Burst type active skills are granted Sleep Wards and become Enraged (this will overwrite the effects of other Enrage skills on those allies). Combo Burst type active skills also become unlocked for allies on the battlefield.\n\n-Active Attack skills that unlock for one use when their user deals damage with an attack are considered Combo Burst type skills. They will still lock again after use or if their user leaves the battlefield.\n-Sleep Ward prevents Sleep from being applied once, then is removed. Sleep Wards cannot stack.\n-Enraged units have their Attack increased to 1.5x until the end of their next turn.",
    "Active Skill 2": "Combo Drain+",
    "Active Skill 2 Description": "500% damage to 1 enemy. Heals the user for 100% of max HP if damage is dealt. Unlocked each time the user damages an enemy with another attack. This skill is locked again after each use or if the user leaves the battlefield.",
    "Active Skill 3": "Deadly Command",
    "Active Skill 3 Description": "Immediately give 2 other allies the next turns by reducing their current TU, and remove negative status effects like sleep, burn or poison from them and the user. Effects that influence TU order may interrupt the given turns (e.g. Counter Stance and Stuns targeting the lowest TU target). Unlocked each time the user defeats another unit with an attack. This skill is locked again after each use or if the user leaves the battlefield. Active skills that grant turns cannot be used by any affected units until after they have had the turn. Cannot be used if the user is alone on the battlefield, and will not reduce the user's TU if they are targeted.",
    "Active Skill 4": "Fatal Frenzy",
    "Active Skill 4 Description": "250% damage to 1 enemy. 400% damage instead if the user has defeated 2+ units with attacks while on the battlefield. This attack ignores any passive skills or effects of active skills of non-boss enemies that would prevent the target from being defeated. Heals the user for 100% of max HP if damage is dealt. Usable if the user has defeated 1+ units with attacks while on the battlefield.",
    "Passive Skill 1": "Queen's Momentum",
    "Passive Skill 1 Description": "This unit gains 3 Charges and a Sleep Ward. Triggered both at the very start of the battle if this unit is on the battlefield, and when this unit enters the battlefield from reinforcements. If this unit would be defeated while it has any charges, this unit will consume 1 charge to survive with 1HP remaining instead. Other skills may also be affected by and may consume charges. A unit can store up to 3 charges.\n\nEach time this unit defeats an enemy with an attack, this unit will get another turn and gain 3 Charges.\n\n-Effects that influence TU order may interrupt the extra turn (e.g. Stuns targeting the lowest TU target).",
    "Passive Skill 2": "Turbo Gear",
    "Passive Skill 2 Description": "This unit's active skills all cost 20% less TU for each charge it has stored, up to 60% less max with 3 charges. This unit is not affected by Quicken effects.",
    "Passive Skill 3": "Attack Up Lv3",
    "Passive Skill 3 Description": "Adds 300 to this unit's Attack.",
    "Passive Skill 4": "Spear Hunter Lv3",
    "Passive Skill 4 Description Description": "10% bonus to attacks against units equipped with Spears.",
    "Passive Skill 5": "HP Up Lv3",
    "Passive Skill 5 Description": "Adds 1200 to this unit's max HP.",
    "Passive Skill 6 Description": "Greataxe Mastery",
    "Passive Skill 6": "Can use weapon skills of Greataxes in addition to their original preferred weapon type."
  },
  {
    "quickview-portrait-image src": "https://evertaletoolbox2.runasp.net/files/images/monsters/small/KingArthurRegular02_2.png",
    "Name": "King Arthur",
    "Title": "Ruler of the Round Table",
    "icon36 src": "https://evertaletoolbox2.runasp.net/files/ui/app/RarityIconSsr01.png",
    "icon10 src": "https://evertaletoolbox2.runasp.net/files/ui/rarity/IconRainbowStar01.png",
    "icon36 src (2)": "https://evertaletoolbox2.runasp.net/files/ui/elements/Dark.png",
    "Cost": "34",
    "Attack": "1,172",
    "HP": "8,560",
    "SPD": "424",
    "icon36 src (3)": "https://evertaletoolbox2.runasp.net/files/ui/weapons/GreatSword.png",
    "Leader Skill": "Dark ATK & HP Up",
    "Leader Skill Description": "Allied Dark element units have their Attack increased by 10% and max HP increased by 7%.",
    "Active Skill 1": "Regal Pressure",
    "Active Skill 1 Description": "Grants the Super Poison status effect to 2 enemies and adds 2 Kuromoris to the very end of the allied reinforcements if there was no Kuromori at the very end of allied reinforcements already. Otherwise adds 1 Kuromori. Super Poison will overwrite other status effects on those enemies. Super Poison deals 4 times the damage of normal poison, and cannot be overwritten by normal poison.",
    "Active Skill 2": "Regal Fangsbane",
    "Active Skill 2 Description": "500% damage to 2 enemies if they are poisoned. Heals the user for 100% of max HP if damage is dealt to a poisoned enemy.",
    "Active Skill 3": "Regal Cometflare",
    "Active Skill 3 Description": "500% damage to 1 enemy if they have defeated 1+ units with attacks while on the battlefield. If the target has not defeated any units and there are any allied reinforcements, instead the last unit in the allied reinforcements is sacrificed to still deal 500% damage. This attack ignores the Counter Stance status effect, and the effects of Skin passive skills. This skill becomes locked for 50TU after use.",
    "Active Skill 4": "Regal Eclipse",
    "Active Skill 4 Description": "Immediately defeats 1 non-boss enemy that has not defeated any units with attacks while on the battlefield, the user is considered to have defeated the target with an attack if successful. This effect ignores Revenge passive skills, Revival passive skills, any passive skills or effects of active skills that would prevent the target from being defeated, and cannot be redirected by Guardians. Usable only if the user has stored 3 Charges, and only up to 3 times per battle. Consumes all Charges on the user.",
    "Passive Skill 1": "King's Dawn",
    "Passive Skill 1 Description": "This unit's Attack is increased to 1.5x.\nThis unit's Active Skill TU Costs are reduced by 50%.\nThis unit has 50% damage reduction from attacks.\n\nAll of these effects are triggered when this unit begins on the battlefield at the very start of battle, and will end if this unit leaves the battlefield. This unit cannot be sent away from the battlefield during an ally turn.\n\n-This Attack increase does not stack with Enrage effects.\n-This will not reduce TU Costs to below 1TU.\n-Quicken effects will not further reduce this unit's TU costs.",
    "Passive Skill 2": "Cursed Hold Ground+",
    "Passive Skill 2 Description": "If this unit would be defeated, it instead survives with 1 HP and then cannot be defeated until its next turn. This effect ends after triggering once each time this unit enters the battlefield.\n\nWhenever this unit defeats an enemy with an attack or Regal Eclipse, this unit is healed for 100% of its max HP and this Hold Ground+ effect is reset so it can trigger again.\n\nWhenever a non-conjured enemy on the battlefield is defeated or sacrificed by any source, this unit gains 1 Charge. Certain skills are affected by and may consume charges. A unit can store a maximum of 3 charges, and all charges are removed from a unit that leaves the battlefield.",
    "Passive Skill 3": "Hammer Hunter Lv3",
    "Passive Skill 3 Description": "10% bonus to attacks against units equipped with Hammers.",
    "Passive Skill 4": "HP Up Lv3",
    "Passive Skill 4 Description Description": "Adds 1200 to this unit's max HP.",
    "Passive Skill 5": "Attack Up Lv3",
    "Passive Skill 5 Description": "Adds 300 to this unit's Attack.",
    "Passive Skill 6 Description": "Greataxe Mastery",
    "Passive Skill 6": "Can use weapon skills of Greataxes in addition to their original preferred weapon type."
  },
  {
    "quickview-portrait-image src": "https://evertaletoolbox2.runasp.net/files/images/monsters/small/RoundTableKnightBride02_2.png",
    "Name": "Lancelot",
    "Title": "Swordmaster Bride",
    "icon36 src": "https://evertaletoolbox2.runasp.net/files/ui/app/RarityIconSsr01.png",
    "icon10 src": "https://evertaletoolbox2.runasp.net/files/ui/rarity/IconRainbowStar01.png",
    "icon36 src (2)": "https://evertaletoolbox2.runasp.net/files/ui/elements/Storm.png",
    "Cost": "34",
    "Attack": "707",
    "HP": "14,508",
    "SPD": "252",
    "icon36 src (3)": "https://evertaletoolbox2.runasp.net/files/ui/weapons/Sword.png",
    "Leader Skill": "Storm HP Up",
    "Leader Skill Description": "Allied Storm element units have their max HP increased by 10%.",
    "Active Skill 1": "Swift Rage",
    "Active Skill 1 Description": "75% damage to 1 enemy. The user becomes Enraged, having its Attack increased to 1.5x until the end of its next turn. This will overwrite the effects of other Enrage skills.",
    "Active Skill 2": "Purify Stun",
    "Active Skill 2 Description": "Removes negative status effects like sleep, burn or poison from 2 allies. Stuns 1 random enemy for 50TU for each time a non-Burn status effect is removed by this skill.\n\nIf the user is in Battle Trance, the user will immediately get the next turn by having its TU reduced to 0, then this skill will become locked until the user leaves Battle Trance. Effects that influence TU order may interrupt the extra turn (e.g. Stuns targeting the lowest TU target).",
    "Active Skill 3": "Bonds of Agony",
    "Active Skill 3 Description": "500% damage to 1 enemy. The user becomes Enraged, having its Attack increased to 1.5x until the end of its next turn. This will overwrite the effects of other Enrage skills. Usable only if this unit is in Battle Trance.",
    "Active Skill 4": "Bridal Swiftslash",
    "Active Skill 4 Description": "500% damage to 1 enemy, and the user recovers HP by 100% of its own max HP if damage is dealt. The user will also recover HP by 100% of its own max the next time it survives an attack. (The user must survive until after the end of the turn it is attacked for this to trigger.) This attack ignores damage reduction effects. Usable only if the user's HP is at 50% or less and the user is not in Battle Trance.",
    "Passive Skill 1": "Thunder Guard",
    "Passive Skill 1 Description": "Every time this unit takes damage from an attack and survives until after the end of the turn, this unit will heal for 10% of max HP. Every second time this unit takes damage from an attack, the attacker will be stunned for 100TU (this is not considered a Skin effect).\n\nThis unit cannot be defeated by damage from the Burn or normal Poison status effects (stronger poisons such as Super Poison or Mega Poison can still defeat this unit).\n\nThis unit is a Guardian. For any enemy attack that would hit 1 or 2 other allies, this unit has a 100% chance to redirect 1 hit to itself instead. This unit will not redirect skills that don't deal damage.",
    "Passive Skill 2": "Ultimate Defiance",
    "Passive Skill 2 Description": "If this unit would be defeated by an attack, it has a 20% chance plus 20% per Awakening (up to 100% chance if this unit has 4 Awakenings) to instead enter Battle Trance for 150TU. While in Battle Trance, this unit cannot be defeated by attacks. If this unit defeats an enemy with an attack while in Battle Trance, it will lose Battle Trance and recover full HP. Otherwise, once Battle Trance ends, this unit will be defeated.\n\nThis unit cannot enter Battle Trance while there are any allies with Burn Blast or Burn Drive type active skills on the battlefield.",
    "Passive Skill 3": "HP Up Lv3",
    "Passive Skill 3 Description": "Adds 1200 to this unit's max HP.",
    "Passive Skill 4": "Sword Resist Lv3",
    "Passive Skill 4 Description Description": "10% less damage from attacks by units equipped with Swords.",
    "Passive Skill 5": "Attack Up Lv3",
    "Passive Skill 5 Description": "Adds 300 to this unit's Attack.",
    "Passive Skill 6 Description": "Mace Mastery",
    "Passive Skill 6": "Can use weapon skills of Maces in addition to their original preferred weapon type."
  },
  {
    "quickview-portrait-image src": "https://evertaletoolbox2.runasp.net/files/images/monsters/small/MagicalRabbit01_2.png",
    "Name": "Morphie",
    "Title": "Dreamy Familiar",
    "icon36 src (2)": "https://evertaletoolbox2.runasp.net/files/ui/elements/Water.png",
    "Cost": "0",
    "Attack": "50",
    "HP": "1,690",
    "SPD": "1,000",
    "icon36 src (3)": "https://evertaletoolbox2.runasp.net/files/ui/weapons/Hammer.png",
    "Active Skill 1": "Purify Heal",
    "Active Skill 1 Description": "Removes negative status effects like sleep, burn or poison from 2 allies, and heals them each for 25% of their max HP.",
    "Active Skill 2": "Morphie Forcefield",
    "Active Skill 2 Description": "Until the end of the user's next turn, the user will become a Guardian and cannot be defeated. For any enemy attack that would hit 1 or 2 other allies while this unit is a Guardian, 1 of the hits is instead redirected to this unit. This unit will not redirect skills that don't deal damage. Usable once each time this unit is conjured.",
    "Active Skill 3": "Starlight Sacrifice",
    "Active Skill 3 Description": "The user is sacrificed to grant \"Alice, Dreamy Magical Girl\" her Starlight Champion form. When Alice enters Starlight Champion form her Hold Ground+ is reset so it can trigger again, she will be purified, healed for 100% of her max HP, Quickened by 20% (this will overwrite the effects of other quicken skills), and will immediately get the next turn by having her TU reduced to 0. While in Starlight Champion form, Alice will heal 15% of max HP on every ally and enemy turn, has a 50% chance to gain 1 Spirit after every ally and enemy turn, has her Attack increased to 1.5x (this will not stack with Enrage effects), and cannot be sent to the reinforcements from the battlefield. Only usable when an ally \"Alice, Dreamy Magical Girl\" unit on the battlefield no longer has Hold Ground+ active.",
    "Active Skill 4": "Meet Morphie!",
    "Active Skill 4 Description": "When this unit enters battle all allies become Enraged, having their Attack increased to 1.5x until the end of their next turns, and allies gain 3 Spirit.\n\nThis unit will immediately get the turn by having its TU reduced to 0 whenever it enters the battlefield.",
    "Passive Skill 1": "Stun Immunity",
    "Passive Skill 1 Description": "This unit is not affected by stun effects."
  },
  {
    "quickview-portrait-image src": "https://evertaletoolbox2.runasp.net/files/images/monsters/small/AliceMagicalGirl02_2.png",
    "Name": "Alice",
    "Title": "Dreamy Magical Girl",
    "icon36 src": "https://evertaletoolbox2.runasp.net/files/ui/app/RarityIconSsr01.png",
    "icon10 src": "https://evertaletoolbox2.runasp.net/files/ui/rarity/IconRainbowStar01.png",
    "icon36 src (2)": "https://evertaletoolbox2.runasp.net/files/ui/elements/Water.png",
    "Cost": "34",
    "Attack": "1,354",
    "HP": "7,650",
    "SPD": "148",
    "icon36 src (3)": "https://evertaletoolbox2.runasp.net/files/ui/weapons/Staff.png",
    "Leader Skill": "Water Attack Up",
    "Leader Skill Description": "Allied Water element units have their Attack increased by 15%.",
    "Active Skill 1": "Swift Strike+",
    "Active Skill 1 Description": "75% damage to 1 enemy and allies gain 2 Spirit.",
    "Active Skill 2": "Call Morphie",
    "Active Skill 2 Description": "Adds Morphie next in line of allied reinforcements, then exchanges 1 other ally with it if there are already 4 allies on the battlefield. Usable only if there is at least 1 other ally on the battlefield, and there is not already an ally Morphie on the battlefield or in allied reinforcements. This skill becomes locked once Alice is in Starlight Champion form.",
    "Active Skill 3": "Magical Starshower",
    "Active Skill 3 Description": "300% damage to all enemies. This attack ignores the Counter Stance and Stealth status effects, revenge passive skills, and the effects of Skin passive skills. Usable only if the user's party has 6 or more Spirit.",
    "Active Skill 4": "Magical Drain",
    "Active Skill 4 Description": "600% damage to 1 enemy, and the user recovers HP by 100% of its own max HP if damage is dealt. This attack ignores damage reduction effects. Usable only if the user's HP is at 50% or less.",
    "Passive Skill 1": "Hold Ground+",
    "Passive Skill 1 Description": "If this unit would be defeated, it instead survives with 1 HP and then cannot be defeated until its next turn. This effect can trigger only once each time this unit enters the battlefield.",
    "Passive Skill 2": "Magical Knockout",
    "Passive Skill 2 Description": "Enemies hit by this unit's attacks have a 30% chance of falling asleep for 200TU, Sleep will overwrite other status effects if applied in this way. This unit's attacks will not wake sleeping enemies.",
    "Passive Skill 3": "Attack Up Lv3",
    "Passive Skill 3 Description": "Adds 300 to this unit's Attack.",
    "Passive Skill 4": "HP Up Lv3",
    "Passive Skill 4 Description Description": "Adds 1200 to this unit's max HP.",
    "Passive Skill 5": "Sleep Resist Lv3",
    "Passive Skill 5 Description": "Reduces the duration of any enemy sleep effects on this unit by 20TU.",
    "Passive Skill 6 Description": "Sword Mastery",
    "Passive Skill 6": "Can use weapon skills of Swords in addition to their original preferred weapon type."
  },
  {
    "quickview-portrait-image src": "https://evertaletoolbox2.runasp.net/files/images/monsters/small/BurnedGirlRegular02_2.png",
    "Name": "Honnoji",
    "Title": "Flame-Catching Streamer",
    "icon36 src": "https://evertaletoolbox2.runasp.net/files/ui/app/RarityIconSsr01.png",
    "icon10 src": "https://evertaletoolbox2.runasp.net/files/ui/rarity/IconRainbowStar01.png",
    "icon36 src (2)": "https://evertaletoolbox2.runasp.net/files/ui/elements/Fire.png",
    "Cost": "34",
    "Attack": "1,580",
    "HP": "6,520",
    "SPD": "249",
    "icon36 src (3)": "https://evertaletoolbox2.runasp.net/files/ui/weapons/Axe.png",
    "Leader Skill": "Fire Attack Up",
    "Leader Skill Description": "Allied Fire element units have their Attack increased by 15%.",
    "Active Skill 1": "Raging Charge",
    "Active Skill 1 Description": "75% damage to 1 enemy, the user is granted 1 Charge and becomes Enraged, having its Attack increased to 1.5x until the end of its next turn. This will overwrite the effects of other Enrage skills.\n\nCertain skills are affected by and may consume charges. A unit can store a maximum of 3 charges, and all charges are removed from a unit that leaves the battlefield.",
    "Active Skill 2": "Honnoji Bazooka",
    "Active Skill 2 Description": "Targets all enemies and ignores the Stealth status effect. Deals either 100%, 200%, or 400% damage, chosen at random for each target. This attack ignores the Counter Stance Status Effect and the effects of Skin passive skills. Usable only if the user has stored at least one charge. Consumes 1 charge on the user.",
    "Active Skill 3": "Instant Bazooka",
    "Active Skill 3 Description": "400% damage to 1 enemy, heals the user fully and grants 1 Charge to the user. Usable if the user has the Burn status effect. 500% damage and gain 2 Charges instead if there are at least 4 units with the Burn status effect. 600% damage and 3 Charges if there are at least 6 units with burn.\n\nThis skill becomes locked for 50TU for each Charge stored by the user after use, up to 150TU for 3 Charges stored.",
    "Active Skill 4": "Honnoji Missile",
    "Active Skill 4 Description": "400% damage to 1 enemy. The user gains the Healing Burn status effect for 300TU and a Stun Ward. Usable only if the user does not have Healing Burn already and has stored at least one charge. Consumes 1 charge on the user.\n\n-Stun Ward prevents Stun from being applied once, then is removed. Stun Wards cannot stack.\n-A unit with Healing Burn will heal after each turn at the same rate as Burn would deal damage instead of taking damage from Burn. Healing Burn will overwrite other status effects on the user and can replace the Burn status effect, but cannot be replaced by Burn. Any unit that deals damage to or is dealt damage by a unit with Healing Burn will gain the Burn status effect. Healing Burn will not be removed by Purify skills.",
    "Passive Skill 1": "Face the Flames",
    "Passive Skill 1 Description": "This unit starts with the Healing Burn status effect for 300TU and 1 Charge, both at the very start of the battle if this unit is on the battlefield, and when this unit enters the battlefield from reinforcements.\n\nIf this unit would be defeated while it has any charges, this unit will consume 1 charge to survive with 1HP remaining instead. Other skills may also be affected by and may consume charges. A unit can store up to 3 charges.",
    "Passive Skill 2": "Viral Livestream",
    "Passive Skill 2 Description": "This unit gains the Healing Burn status effect for 300TU, is Enraged (its Attack is increased to 1.5x until the end of its next turn), and gains a Stun Ward. Allies gain 1 Spirit. All of these effects are triggered whenever another non-conjured unit (ally or enemy) on the battlefield is defeated or sacrificed by any source while this unit is not Sleeping. This may not trigger if this unit is defeated or sacrificed at the same time. This will overwrite other status effects and the effects of other Enrage skills on this unit. Healing Burn's duration will be reset if this unit already has it. Stun Wards cannot stack. Triggered effects on enemies that cause this unit to Sleep (e.g. Sleep Thorns) may prevent these effects from triggering.",
    "Passive Skill 3": "Attack Up Lv3",
    "Passive Skill 3 Description": "Adds 300 to this unit's Attack.",
    "Passive Skill 4": "HP Up Lv3",
    "Passive Skill 4 Description Description": "Adds 1200 to this unit's max HP.",
    "Passive Skill 5": "Staff Hunter Lv3",
    "Passive Skill 5 Description": "10% bonus to attacks against units equipped with Staffs.",
    "Passive Skill 6 Description": "Sword Mastery",
    "Passive Skill 6": "Can use weapon skills of Swords in addition to their original preferred weapon type."
  }
]