[
  {
    "quickview-portrait-image src": "https://evertaletoolbox2.runasp.net/files/images/monsters/small/ChronosRegular02_2.png",
    "Name": "Chronos",
    "Title": "Primordial of Time",
    "icon36 src": "https://evertaletoolbox2.runasp.net/files/ui/app/RarityIconSsr01.png",
    "icon10 src": "https://evertaletoolbox2.runasp.net/files/ui/rarity/IconRainbowStar01.png",
    "icon36 src (2)": "https://evertaletoolbox2.runasp.net/files/ui/elements/Storm.png",
    "Cost": "34",
    "Attack": "1,236",
    "HP": "8,240",
    "SPD": "398",
    "icon36 src (3)": "https://evertaletoolbox2.runasp.net/files/ui/weapons/GreatAxe.png",
    "Leader Skill": "Storm HP Up",
    "Leader Skill Description": "Allied Storm element units have their max HP increased by 10%.",
    "Active Skill 1": "Time Spears",
    "Active Skill 1 Description": "Targets 1 enemy and ignores Guardians. If the target has 50TU or more, or if Time Stop is active, deals 600% damage.\n\nIf Time Stop is not active, Stuns the target for 300TU, then if the hit target has 200TU or more and is not a Stun Absorber, they can no longer be Stunned by this active skill unless they leave the battlefield.",
    "Active Skill 2": "Time Stop",
    "Active Skill 2 Description": "Activates Time Stop For 100TU. While Time Stop is active, the user:\n- Cannot be defeated by Poison or Burn damage (including Lethal Poison).\n- Is immune to Poison, and Burn status effects.\n- Has their Active Skill TU Costs reduced by 50%. This does not stack with Quicken effects.\n- Disables the Active Skills of all other units on the battlefield (including new units that enter from reinforcements).\n\nWhen Time Stop expires, all allies will be healed for 100% of max HP and be Purified (any negative status effects like sleep, burn or poison are removed), and all non-boss enemies on the battlefield that are below 10% of their max HP will be immediately defeated (the user is considered to have defeated those enemies with an attack). This effect ignores Revenge passive skills, Revival passive skills, and any passive skills or effects of active skills that would prevent the enemy from being defeated. Time Stop expiring may trigger before or after other effects.\n\nUsable once per battle. The effects of Time Stop cannot be Purified and will be cancelled if the user is defeated. When a unit's Active Skills are disabled and they get the turn, they will lose the turn as if they were sleeping.",
    "Active Skill 3": "Undo Existence",
    "Active Skill 3 Description": "Immediately defeats 2 non-boss enemies that have 300TU or more, (the user is considered to have defeated those enemies with an attack). Then for each enemy that is defeated, Allies gain 2 Spirit. This effect ignores Revenge passive skills, Revival passive skills, any passive skills or effects of active skills that would prevent the target from being defeated, and cannot be redirected by Guardians. Usable if 2 or more enemies have 300TU or more and only once per battle.",
    "Active Skill 4": "Sands of Time",
    "Active Skill 4 Description": "200% damage to 1 enemy, plus 200% for each time this unit has defeated an enemy with an attack while on the battlefield (max of 1000% total damage after defeating 4 enemies). This attack ignores enemy damage reduction effects and any effects of non-boss enemies that would prevent the target from being defeated.",
    "Passive Skill 1": "Ruler of Time",
    "Passive Skill 1 Description": "This unit cannot fall asleep, be stunned or be sent to the reinforcements from the battlefield.\n\nAfter each ally and enemy turn, if this unit is on the battlefield and Time Stop is not active, there is a 25% chance for a random enemy to be Stunned for 25TU and a random ally to have its TU reduced by 25TU. This Stun cannot be redirected by enemy Stun Absorbers.",
    "Passive Skill 2": "Primordial Might",
    "Passive Skill 2 Description": "Each time a unit gets the turn, this unit will be healed for 30% of its max HP.\n\nIf this unit would be defeated, it instead survives with 1 HP and then cannot be defeated until its next turn. This effect can trigger once each time this unit enters the battlefield. Whenever an ally on the battlefield damages any number of units with 100TU or more with an attack, Allies gain 2 Spirit at the end of the turn. Then If Allies have 10 Spirit, this Hold Ground+ effect is reset so it can trigger again.",
    "Passive Skill 3": "Attack Up Lv3",
    "Passive Skill 3 Description": "Adds 300 to this unit's Attack.",
    "Passive Skill 4": "HP Up Lv3",
    "Passive Skill 4 Description Description": "Adds 1200 to this unit's max HP.",
    "Passive Skill 5": "Light Resist Lv3",
    "Passive Skill 5 Description": "10% less damage from attacks by Light units.",
    "Passive Skill 6 Description": "Spear Mastery",
    "Passive Skill 6": "Can use weapon skills of Spears in addition to their original preferred weapon type."
  },
  {
    "quickview-portrait-image src": "https://evertaletoolbox2.runasp.net/files/images/monsters/small/NikeRegular02_2.png",
    "Name": "Nike",
    "Title": "Goddess of Victory",
    "icon36 src": "https://evertaletoolbox2.runasp.net/files/ui/app/RarityIconSsr01.png",
    "icon10 src": "https://evertaletoolbox2.runasp.net/files/ui/rarity/IconRainbowStar01.png",
    "icon36 src (2)": "https://evertaletoolbox2.runasp.net/files/ui/elements/Storm.png",
    "Cost": "34",
    "Attack": "1,298",
    "HP": "7,930",
    "SPD": "474",
    "icon36 src (3)": "https://evertaletoolbox2.runasp.net/files/ui/weapons/Hammer.png",
    "Leader Skill": "Storm ATK & HP Up",
    "Leader Skill Description": "Allied Storm element units have their Attack increased by 10% and max HP increased by 7%.",
    "Active Skill 1": "Storm of Blades",
    "Active Skill 1 Description": "200% damage to 1 enemy. If the user has a Power Charge, it will be consumed to deal 400% damage instead and the user will immediately get the next turn. This extra turn may be interrupted by other effects that influence the turn order (e.g. stuns targeting the lowest TU target). This attack ignores enemy damage reduction effects and any effects of non-boss enemies that would prevent the target from being defeated.",
    "Active Skill 2": "Stun Barrage",
    "Active Skill 2 Description": "Stun a random enemy for 100TU, this effect triggers 4 times. If the user has a Power Charge, it will be consumed to trigger this effect 8 times instead. This skill locks after each use until the user defeats a non-conjured enemy on the battlefield with an attack. Usable 3 times per battle.",
    "Active Skill 3": "Divine Blast",
    "Active Skill 3 Description": "300% damage to 2 enemies. For each target with 50+ TU, deals 400% damage to that target instead. For each target with 100+ TU, deals 600% damage to that target instead. If at least one of the hit enemies is not defeated by this attack, the user gains a Power Charge. This attack ignores any effects of non-boss enemies that would prevent the targets from being defeated, the Counter Stance Status Effect, and the effects of Skin passive skills. Power Charges cannot stack and will be removed when the user leaves the battlefield.",
    "Active Skill 4": "Declare Victory",
    "Active Skill 4 Description": "Immediately defeats 1 non-boss enemy. The user is considered to have defeated the target with an attack if successful. This effect ignores Revenge passive skills, Revival passive skills, and any passive skills or effects of active skills that would prevent the target from being defeated. Usable if the user has defeated 1+ units with attacks while on the battlefield, and there is only 1 enemy unit left on the battlefield.",
    "Passive Skill 1": "Wings of Victory",
    "Passive Skill 1 Description": "If this unit would be defeated by an enemy attack or a status effect while having more than 1 HP, it instead survives with 1 HP.\n\nThis unit will ignore attacks that would damage exactly 2 targets (attacks that target All allies will not be ignored). If this unit gains the Stealth status effect, it will not be lost when ignoring attacks in this way.\n\nThis unit's attacks heal this unit for 100% of total damage dealt.\n\nWhenever this unit takes damage from an attack by an enemy unit that has defeated 0 units with attacks while on the battlefield, and survives until after the end of the turn, this unit will Purified (any negative status effects like sleep, burn or poison are removed), and will get the next turn by having its TU reduced to 0. This extra turn may be interrupted by other effects that influence the turn order (e.g. other stuns targeting the lowest TU target).",
    "Passive Skill 2": "Victory Cry",
    "Passive Skill 2 Description": "This unit cannot fall asleep.\n\nWhen this unit enters battle, for 200TU, at the end of each turn an ally gets, the ally:\n- will heal for 10% of their max HP, plus 10% per Awakening Nike has (up to 50% if Nike has 4 Awakenings).\n- will have Sleep and Poison status effects other than Lethal Poison removed.\n- may gain a Sleep Ward, Stun Ward and a Poison Ward (50% chance for each ward).\nThis effect will end if this unit leaves the battlefield. Each Ward prevents their named effect from being applied once, then is removed. Identical Wards cannot stack.\n\nIf all allies on the battlefield are at max HP when this unit enters battle, this unit gains a Power Charge and Intense Rage. Otherwise, all allies are healed for 100% of their max HP, Purified, and may gain a Sleep Ward, Stun Ward, and a Poison Ward (50% chance for each ward).\n\nIntense Rage increases a units Attack to 1.5x for their next 3 turns, and will overwrite existing Weak or Enrage effects. It cannot be overwritten by other Enrage effects but can be by Weak effects.",
    "Passive Skill 3": "HP Up Lv3",
    "Passive Skill 3 Description": "Adds 1200 to this unit's max HP.",
    "Passive Skill 4": "Attack Up Lv3",
    "Passive Skill 4 Description Description": "Adds 300 to this unit's Attack.",
    "Passive Skill 5": "Sword Resist Lv3",
    "Passive Skill 5 Description": "10% less damage from attacks by units equipped with Swords.",
    "Passive Skill 6 Description": "Greatsword Mastery",
    "Passive Skill 6": "Can use weapon skills of Greatswords in addition to their original preferred weapon type."
  },
  {
    "quickview-portrait-image src": "https://evertaletoolbox2.runasp.net/files/images/monsters/small/YandereMaidDark02_2.png",
    "Name": "Dark Clarice",
    "Title": "Maid of Darkness",
    "icon36 src": "https://evertaletoolbox2.runasp.net/files/ui/app/RarityIconSsr01.png",
    "icon10 src": "https://evertaletoolbox2.runasp.net/files/ui/rarity/IconRainbowStar01.png",
    "icon36 src (2)": "https://evertaletoolbox2.runasp.net/files/ui/elements/Dark.png",
    "Cost": "34",
    "Attack": "1,456",
    "HP": "7,140",
    "SPD": "468",
    "icon36 src (3)": "https://evertaletoolbox2.runasp.net/files/ui/weapons/Axe.png",
    "Leader Skill": "Dark Attack Up",
    "Leader Skill Description": "Allied Dark element units have their Attack increased by 15%.",
    "Active Skill 1": "Lethal Plague",
    "Active Skill 1 Description": "Grants 1 enemy the Lethal Poison status effect, and Infects them with it.\n\nAfter the end of each turn, this infection will trigger to apply Lethal Poison to a random non-burning, non-Lethal Poisoned unit on the infected unit's team. Infection ends after 3 triggers (even if they find no valid target) or once the infected enemy is defeated or leaves the battlefield. Infection is not a status effect and cannot be prevented or purified, but the status effect spread by the infection may be. A unit cannot get a new infection until their existing one ends.\n\nThis skill is locked for 100TU after use. Usable 5 times per battle.\n\nLethal Poison will overwrite other status effects, lasts 999 TU, cannot be overwritten by status effects other than Burn or Stealth, and cannot be Purified. Lethal Poison deals 2 times the damage of normal Poison, and ignores passive skills or effects of active skills that would prevent the target from being defeated, other than those which specifically prevent defeat from Poison or non-attack damage. Lethal Poison cannot apply to Burning or Boss units.",
    "Active Skill 2": "Throw Knives",
    "Active Skill 2 Description": "500% damage to 1 random enemy. Minus 100% damage for each non-poisoned enemy on the battlefield (max of -400% if there are 4 non-poisoned enemies). This attack cannot be redirected by Guardians, and ignores damage reduction effects, skin passive skills and the Counter Stance status effect.\n\nThen the target hit has its Poison Wards removed, burn removed (including Mega Healing Burn) and is randomly granted either Super Poison, Mega Poison for 200TU, or Lethal Poison for 999TU. This will overwrite other status effects on that enemy. If this skill is used 3 times within 10TU, it becomes locked for 50TU.\n\nSuper Poison deals 4 times the damage of normal poison, and cannot be overwritten by normal poison. Mega Poison deals 20 times the damage of normal Poison and cannot be overwritten by normal Poison or Super Poison.",
    "Active Skill 3": "Massacre",
    "Active Skill 3 Description": "100% damage to all enemies, plus 100% for each time this skill has already been used while on the battlefield (max of 400% total damage). This attack ignores damage reduction effects, skin passive skills and the Counter Stance status effect.",
    "Active Skill 4": "Death's Kiss",
    "Active Skill 4 Description": "Immediately defeats 1 non-boss enemy that has 50% or less of max HP, the user is considered to have defeated the target with an attack if successful. This effect ignores Revenge passive skills, Revival passive skills, any passive skills or effects of active skills that would prevent the target from being defeated, and cannot be redirected by Guardians. Usable if all enemies on the battlefield are poisoned. Usable 3 times per battle.",
    "Passive Skill 1": "Toxic Maid",
    "Passive Skill 1 Description": "If this unit would be defeated by an attack while there is a Poisoned enemy on the battlefield, this unit will survive with 1HP remaining instead. Then this unit will remove poison (including Lethal Poison) from a random poisoned enemy at the end of turn.\n\nThis unit heals for 50% of max HP whenever it damages a poisoned enemy with an attack (triggers once per poisoned enemy hit).\n\nThis unit's Attack is increased by:\n- 1.25x if there is exactly 1 Poisoned enemy on the battlefield.\n- 1.5x if there are exactly 2 Poisoned enemies on the battlefield.\n- 1.75x if there are exactly 3 Poisoned enemies on the battlefield.\n- 2.0x if there are exactly 4 Poisoned enemies on the battlefield.\nThese Attack increases do not stack with Enrage effects.",
    "Passive Skill 2": "Relentless Killer",
    "Passive Skill 2 Description": "This unit cannot be defeated by damage from Poison or Burn status effects.\n\nEach time a unit gets the turn, this unit will be healed for 10% of its max HP.\n\nIf no enemy is Poisoned at the start of an enemy turn, then at the end of that turn this unit will be Purified (any negative status effects like sleep, burn or poison are removed), and will have its TU reduced to 0. Then this effect cannot trigger again until 100TU advances (minus 20TU per Awakening).\n\nAfter entering battle, for 200TU, this unit:\n- Cannot be burned\n- Reduces the amount of any stun effects against this unit by 100TU.\n- Will ignore attacks that would damage exactly 2 targets (attacks that target all allies will not be ignored).",
    "Passive Skill 3": "Attack Up Lv3",
    "Passive Skill 3 Description": "Adds 300 to this unit's Attack.",
    "Passive Skill 4": "HP Up Lv3",
    "Passive Skill 4 Description Description": "Adds 1200 to this unit's max HP.",
    "Passive Skill 5": "G.axe Resist Lv3",
    "Passive Skill 5 Description": "10% less damage from attacks by units equipped with Greataxes.",
    "Passive Skill 6 Description": "Sword Mastery",
    "Passive Skill 6": "Can use weapon skills of Swords in addition to their original preferred weapon type."
  },
  {
    "quickview-portrait-image src": "https://evertaletoolbox2.runasp.net/files/images/monsters/small/ElizabethRegular02_2.png",
    "Name": "Elizabeth",
    "Title": "Glorious Queen",
    "icon36 src": "https://evertaletoolbox2.runasp.net/files/ui/app/RarityIconSsr01.png",
    "icon10 src": "https://evertaletoolbox2.runasp.net/files/ui/rarity/IconRainbowStar01.png",
    "icon36 src (2)": "https://evertaletoolbox2.runasp.net/files/ui/elements/Water.png",
    "Cost": "34",
    "Attack": "1,278",
    "HP": "8,030",
    "SPD": "515",
    "icon36 src (3)": "https://evertaletoolbox2.runasp.net/files/ui/weapons/GreatSword.png",
    "Leader Skill": "Water Attack Up",
    "Leader Skill Description": "Allied Water element units have their Attack increased by 15%.",
    "Active Skill 1": "Queen's Slash",
    "Active Skill 1 Description": "200% damage to 2 enemies. Every second time this skill is activated while on the battlefield, this skill will randomly deal either 400% or 600% damage instead. This attack ignores the Counter Stance Status Effect and the effects of Skin passive skills.",
    "Active Skill 2": "Afternoon Tea",
    "Active Skill 2 Description": "Grants all enemies the Sleep status effect for 200TU, even if they have already slept while on the battlefield. This will overwrite other status effects on those units. Then for each enemy that is not asleep (e.g. due to a Sleep Ward), allies gain 3 Spirit.\n\nThis skill becomes locked for 150TU after use. If all enemy units on the battlefield are Fire or have Burn Blast, or Burn Drive type active skills, this skill becomes locked for 100TU after use instead.",
    "Active Skill 3": "Dream Shatter",
    "Active Skill 3 Description": "Targets 1 enemy. This attack ignores damage reduction effects and does not wake sleeping targets. If the target is sleeping, deals 600% damage. Then if the hit target is sleeping, non-boss, non-Ephemeral and has 1HP remaining, it is immediately defeated (the user is considered to have defeated that enemy with an attack). This secondary effect ignores Revenge passive skills, Revival passive skills, and any passive skills or effects of active skills that would prevent the enemy from being defeated.",
    "Active Skill 4": "Queen's Drive",
    "Active Skill 4 Description": "500% damage to 2 enemies. This attack ignores damage reduction effects, skin passive skills and the Counter Stance status effect. Removes any Sleep Wards from hit targets. Usable only if allies have 6 or more Spirit. If this skill is used 3 times within 10TU, it becomes locked for 100TU.",
    "Passive Skill 1": "Monarch's Will",
    "Passive Skill 1 Description": "When an ally, including this unit enters the battlefield at the very start of battle or from reinforcements, all allies other than this unit receive a Monarch Token. Monarch Tokens cannot stack. Any attack damage will remove Monarch Tokens.\n\nEach time an ally with a Monarch token is damaged by an enemy attack (even if defeated), this unit will immediately have its TU reduced to 0.\n\nTriggered when this unit enters the battlefield from the allied reinforcements:\n- Ally Spirit is doubled. If Ally Spirit is at 0, gain 1 Spirit instead.\n- Then remove burn (including Mega Healing Burn) from 1 random non-sleeping enemy and grant them Sleep (Forced) for 200TU. This triggers an additional time for each 2 Spirit allies have (up to 5 additional times with 10 Spirit).\n- Then if all enemies are sleeping, all allies have their current TU reduced by 100TU.\n\nWhenever another ally enters the battlefield from reinforcements, the ally team gains 2 Spirit, all allies gain Stealth, and a Stealth Shield.\n\nStealth will overwrite other Status effects on those units. Stealth Shields prevent the next other status effect a unit would gain while Stealthed from applying. Stealthed units ignore the next enemy attack that would damage more than 1 target. Any damage will remove stealth.",
    "Passive Skill 2": "Long Live The Queen",
    "Passive Skill 2 Description": "If this unit would be defeated by an enemy attack or a status effect while having more than 1 HP, it instead survives with 1 HP. This unit's attacks will not wake sleeping enemies.\n\nThis unit has 75% damage reduction from attacks if allies have 6 or more Spirit.\n\nWhenever this unit damages any number of units with an attack, ally Spirit is doubled at the end of the turn, if ally Spirit is at 0, gain 1 Spirit instead. Then if allies have 10 Spirit, remove burn (including Mega Healing Burn) from 1 random non-sleeping enemy and grant them Sleep (Forced) for 200TU.\n\nWhenever ally Spirit is at 10 at the end of any turn, all allies will be healed for 1000% of this unit's attack and be Purified (negative status effects like sleep, burn or poison are removed). This effect cannot trigger again until 50TU advances.",
    "Passive Skill 3": "HP Up Lv3",
    "Passive Skill 3 Description": "Adds 1200 to this unit's max HP.",
    "Passive Skill 4": "Attack Up Lv3",
    "Passive Skill 4 Description Description": "Adds 300 to this unit's Attack.",
    "Passive Skill 5": "Sleep Resist Lv3",
    "Passive Skill 5 Description": "Reduces the duration of any enemy sleep effects on this unit by 20TU.",
    "Passive Skill 6 Description": "Greataxe Mastery",
    "Passive Skill 6": "Can use weapon skills of Greataxes in addition to their original preferred weapon type."
  },
  {
    "quickview-portrait-image src": "https://evertaletoolbox2.runasp.net/files/images/monsters/small/LudmillaDarkNew02_2.png",
    "Name": "Dark Ludmilla",
    "Title": "Marshal of Darkness",
    "icon36 src": "https://evertaletoolbox2.runasp.net/files/ui/app/RarityIconSsr01.png",
    "icon10 src": "https://evertaletoolbox2.runasp.net/files/ui/rarity/IconRainbowStar01.png",
    "icon36 src (2)": "https://evertaletoolbox2.runasp.net/files/ui/elements/Dark.png",
    "Cost": "34",
    "Attack": "1,077",
    "HP": "12,658",
    "SPD": "361",
    "icon36 src (3)": "https://evertaletoolbox2.runasp.net/files/ui/weapons/Hammer.png",
    "Leader Skill": "Dark ATK & HP Up",
    "Leader Skill Description": "Allied Dark element units have their Attack increased by 10% and max HP increased by 7%.",
    "Active Skill 1": "Dark Drain",
    "Active Skill 1 Description": "Grants all allies Stealth, and a Burn Ward. Grants all enemies the Mega Poison status effect for 200TU. This will overwrite other status effects on those units. Then steals up to 1 Spirit from the enemy team for each Poisoned enemy on the battlefield. The user will immediately get the next turn, then this additional turn effect cannot trigger again until TU advances.\n\nMega Poison deals 20 times the damage of normal Poison and cannot be overwritten by normal Poison or Super Poison. Stealthed units ignore the next enemy attack that would damage more than 1 target. Any damage will remove stealth. Burn Wards prevent Burn from being applied once, then are removed. Burn Wards cannot stack.",
    "Active Skill 2": "Degrading Slice",
    "Active Skill 2 Description": "Damage to 2 enemies depending on the enemy team's Spirit:\n- 6+ Enemy Spirit: 250%\n- 4-5 Enemy Spirit: 400%\n- 1-3 Enemy Spirit: 550%\n- 0 Enemy Spirit: 700%\nThis attack ignores the Counter Stance Status Effect, and the effects of Skin passive skills.",
    "Active Skill 3": "Unleash Chaos",
    "Active Skill 3 Description": "Heals all allies for 1000% of the user's attack. Steals all Spirit from the enemy team. The Hold Ground+ passive skill effect is reset for the user and can be triggered again. Then the user enters Chaos Rage for 100TU. While in Chaos Rage, the user's attack is increased by 1.5x (this does not stack with Enrage effects), and the user cannot fall asleep, or be stunned. The user cannot enter Chaos Rage while there are any allies with Burn Blast or Burn Drive type active skills on the battlefield.\n\nThis skill is locked until the user's Hold Ground+ passive skill effect is triggered while on the battlefield and is locked again after each use. This skill can be used only three times per battle.",
    "Active Skill 4": "Full Force",
    "Active Skill 4 Description": "600% damage to 1 enemy. This attack ignores enemy damage reduction effects. Usable if the user is not a Guardian.",
    "Passive Skill 1": "Corrupted Guard",
    "Passive Skill 1 Description": "If this unit would be defeated, it instead survives with 1 HP and then cannot be defeated or stunned until its next turn. This effect can trigger only once each time this unit enters the battlefield, and is considered a Hold Ground+ effect.\n\nThis unit cannot be sent to the reinforcements from the battlefield. This unit has 25% damage reduction from attacks, plus 10% per Awakening (up to 65% if this unit has 4 Awakenings). This unit will be healed for 50% of its max HP each time an enemy gets the turn while the enemy team's Spirit is at 2 or less.\n\nThis unit will become a Guardian:\n- When this unit enters the battlefield, if there is no ally Guardian on the battlefield\n- Each time this unit defeats a non-conjured enemy with an attack while on the battlefield, and has any other allies left.\n\nWhile this unit is a Guardian, for any enemy attack that would hit 1 or 2 other allies, this unit has a 100% chance to redirect 1 hit to itself instead. This unit will not redirect skills that don't deal damage.\n\nThis unit stops being a Guardian each time it activates Unleash Chaos.",
    "Passive Skill 2": "Diabolic Knight",
    "Passive Skill 2 Description": "This unit's attacks:\n- Ignore any effects of non-boss enemies that would prevent their targets from being defeated.\n- Heal the user for 100% of total damage dealt.\n- Weaken all enemies hit. This will overwrite any existing Weak or Enrage effects on those units.\n\nNew enemies entering the battlefield will be Weakened.\n\nIf this unit takes damage from an attack and survives until after the end of the turn, this unit will heal for 10% of max HP and be granted Stealth. This healing is increased to 75% of max HP for the first 3 times it triggers either after entering the battlefield or after using Unleash Chaos.\n\nStealth will overwrite other Status effects on this unit. Weakened units have their Attack reduced to 0.75x until the end of their next turn. The effect of Weakening may be diminished if the affected unit's Attack is increased by other effects and it can be overwritten by Enrage effects.",
    "Passive Skill 3": "Attack Up Lv3",
    "Passive Skill 3 Description": "Adds 300 to this unit's Attack.",
    "Passive Skill 4": "HP Up Lv3",
    "Passive Skill 4 Description Description": "Adds 1200 to this unit's max HP.",
    "Passive Skill 5": "Fire Resist Lv3",
    "Passive Skill 5 Description": "10% less damage from attacks by Fire units.",
    "Passive Skill 6 Description": "Greatsword Mastery",
    "Passive Skill 6": "Can use weapon skills of Greatswords in addition to their original preferred weapon type."
  },
  {
    "quickview-portrait-image src": "https://evertaletoolbox2.runasp.net/files/images/monsters/small/SuperAirMinion01_2.png",
    "Name": "Super Denmori",
    "icon36 src (2)": "https://evertaletoolbox2.runasp.net/files/ui/elements/Storm.png",
    "Cost": "0",
    "Attack": "208",
    "HP": "1,099",
    "SPD": "84",
    "icon36 src (3)": "https://evertaletoolbox2.runasp.net/files/ui/weapons/Sword.png",
    "Active Skill 1": "Attack",
    "Active Skill 1 Description": "Damage to 1 enemy and allies gain 1 Spirit.",
    "Active Skill 2": "Stun Bomb",
    "Active Skill 2 Description": "Sacrifices the user to stun 2 enemies for 200TU. Locked for 100TU after user enters the battlefield.",
    "Active Skill 3": "Lightning Rod",
    "Active Skill 3 Description": "This unit is a Guardian. For any enemy attack that would hit 1 or 2 other allies, this unit has a 100% chance to redirect 1 hit to itself instead. This unit will not redirect skills that don't deal damage.\n\nThis unit is a Stun Absorber. Whenever any ally would be affected by stun, this unit takes the stun instead.",
    "Active Skill 4": "Ephemeral",
    "Active Skill 4 Description": "This unit is never considered to be defeated by attacks and does not trigger any skills of other units whenever it is defeated or sacrificed by any source while on the battlefield.\n\nThis unit will be fully healed after each turn if it takes damage but is not defeated. This unit will be defeated after any ally or enemy turn if this unit has any of the Burn, Super Poison, or Mega Poison status effects.\n\nDamage dealt to this unit is increased to 2.5 times the normal amount."
  },
  {
    "quickview-portrait-image src": "https://evertaletoolbox2.runasp.net/files/images/monsters/small/KirinGirlRegular02_2.png",
    "Name": "Kirin",
    "Title": "Arbiter of the Heavens",
    "icon36 src": "https://evertaletoolbox2.runasp.net/files/ui/app/RarityIconSsr01.png",
    "icon10 src": "https://evertaletoolbox2.runasp.net/files/ui/rarity/IconRainbowStar01.png",
    "icon36 src (2)": "https://evertaletoolbox2.runasp.net/files/ui/elements/Storm.png",
    "Cost": "34",
    "Attack": "1,402",
    "HP": "7,410",
    "SPD": "497",
    "icon36 src (3)": "https://evertaletoolbox2.runasp.net/files/ui/weapons/Spear.png",
    "Leader Skill": "Storm Attack Up",
    "Leader Skill Description": "Allied Storm units have their Attack increased by 15%.",
    "Active Skill 1": "Lightning Bolts",
    "Active Skill 1 Description": "300% damage to 1 enemy, and a random enemy is Stunned for 100TU. This attack ignores damage reduction effects, skin passive skills and the Counter Stance status effect. Then the user becomes Enraged. This unit will immediately get the next turn if this is the first time this skill has been used while on the battlefield or if this unit has used any other active skill since this skill was last used.\n\nAn Enraged unit's attack is increased to 1.5x until the end of their next turn. Enrage will overwrite any existing Weak or Enrage effects on the user.",
    "Active Skill 2": "Divine Winds",
    "Active Skill 2 Description": "Allies gain 1 Spirit, then ally Spirit is doubled. Enemy Spirit is halved (rounded down) then enemies lose 1 Spirit. (e.g. Enemies have 7 Spirit -> 3 then minus 1 = 2).\n\nAll allies are Purified (negative status effects like sleep, burn or poison are removed), and a random enemy is Stunned for 100TU. Unlocked each time the user damages an enemy with an attack. This skill is locked again after each use or if the user leaves the battlefield, and cannot be used for 50TU after each use.",
    "Active Skill 3": "Divine Lightning",
    "Active Skill 3 Description": "Targets all enemies and deals 100% damage. For each target with 50+ TU, deals 400% damage to that target instead. For each target with 100+ TU, deals 600% damage to that target instead. This attack ignores damage reduction effects, skin passive skills and the Counter Stance status effect.\n\nThen, all non-boss, non-Ephemeral enemies hit that have 1HP remaining have a 25% chance each to be immediately defeated (the user is considered to have defeated that enemy with an attack). This secondary effect ignores Revenge passive skills, Revival passive skills, and any passive skills or effects of active skills that would prevent the enemy from being defeated. Usable once each time this unit is on the battlefield.",
    "Active Skill 4": "Call the Storm",
    "Active Skill 4 Description": "Pulls the user away from the battlefield to be next in line of your reinforcements. If there are no ally reinforcements, adds enough Super Denmoris to the ally team to still pull the user away to reinforcements (max 4 if the user is alone on the battlefield). Usable if the user has used Divine Lightning while on the battlefield. Usable five times per battle.",
    "Passive Skill 1": "Lightning Rain",
    "Passive Skill 1 Description": "Triggered when this unit enters the battlefield from the allied reinforcements:\n- Stuns 2 random enemies for 150TU.\n- Purifies all allies.\n- Grants the ally with the lowest TU the next turn by reducing their current TU to 0.\n\nOnce this unit survives until after the end of the turn in which it enters battle, 2 random enemies with less than 150TU will be stunned for 150TU.",
    "Passive Skill 2": "Kirin's Vigor",
    "Passive Skill 2 Description": "If this unit would be defeated by an enemy attack or a status effect while having more than 1 HP, it instead survives with 1 HP.\n\nThis unit cannot fall asleep if there are any Water enemies on the battlefield. This unit cannot be Stunned if there are any other Storm allies on the battlefield.\n\nThis unit will be healed for 30% of its max HP each time an ally gets the turn.\n\nThis unit has 50% damage reduction from attacks if this unit has 50%+ of max HP, or if any enemy unit has 100TU or more.",
    "Passive Skill 3": "HP Up Lv3",
    "Passive Skill 3 Description": "Adds 1200 to this unit's max HP.",
    "Passive Skill 4": "Attack Up Lv3",
    "Passive Skill 4 Description Description": "Adds 300 to this unit's Attack.",
    "Passive Skill 5": "Sleep Resist Lv3",
    "Passive Skill 5 Description": "Reduces the duration of any enemy sleep effects on this unit by 20TU.",
    "Passive Skill 6 Description": "Greatsword Mastery",
    "Passive Skill 6": "Can use weapon skills of Greatswords in addition to their original preferred weapon type."
  },
  {
    "quickview-portrait-image src": "https://evertaletoolbox2.runasp.net/files/images/monsters/small/KaguyahimeDark02_2.png",
    "Name": "Kaguya",
    "Title": "Princess of the Black Moon",
    "icon36 src": "https://evertaletoolbox2.runasp.net/files/ui/app/RarityIconSsr01.png",
    "icon10 src": "https://evertaletoolbox2.runasp.net/files/ui/rarity/IconRainbowStar01.png",
    "icon36 src (2)": "https://evertaletoolbox2.runasp.net/files/ui/elements/Dark.png",
    "Cost": "34",
    "Attack": "1,362",
    "HP": "7,610",
    "SPD": "408",
    "icon36 src (3)": "https://evertaletoolbox2.runasp.net/files/ui/weapons/Mace.png",
    "Leader Skill": "Dark Attack Up",
    "Leader Skill Description": "Allied Dark element units have their Attack increased by 15%.",
    "Active Skill 1": "Mega Poison Jolt",
    "Active Skill 1 Description": "250% damage to 2 enemies. 500% damage instead if the user has stealth. This attack ignores the Stealth Status Effect, the Counter Stance Status Effect, and the effects of Skin passive skills. All enemies hit are then granted Mega Poison for 200TU and are Stunned for 30TU. The user is granted Stealth, and a Stealth Shield.\n\nMega Poison will overwrite other status effects on those enemies. Mega Poison deals 20 times the damage of normal Poison and cannot be overwritten by normal Poison or Super Poison. Stealth will overwrite other Status effects on the user. Stealth Shields prevent the next other status effect a unit would gain while Stealthed from applying. Stealthed units ignore the next enemy attack that would damage more than 1 target. Any damage will remove stealth.",
    "Active Skill 2": "Shadow Rift",
    "Active Skill 2 Description": "Targets 1 enemy. If an enemy is poisoned, deals 400% damage. If the user has survived for 200TU+ on the battlefield, 600% damage instead. This attack ignores any effects of non-boss enemies that would prevent the target from being defeated, the Counter Stance Status Effect, and the effects of Skin passive skills. The user recovers HP to 100% of its own max if damage is dealt.",
    "Active Skill 3": "Crippling Toxin",
    "Active Skill 3 Description": "Stuns 1 Mega Poisoned enemy for 200TU. Then, grants them a Burn Ward and the Lethal Poison status effect for 999TU. These effects can only apply if the target is Mega Poisoned. This skill can be redirected by enemy Stun Absorbers. Usable only if there is no more than 1 enemy with the Lethal Poison status effect on the battlefield, and cannot be used if there is a non-Mega Poisoned enemy Stun Absorber on the battlefield.\n\nBurn Wards prevent Burn from being applied once, then are removed. Burn Wards cannot stack. Lethal Poison will overwrite other status effects on that enemy, cannot be overwritten by status effects other than Burn or Stealth, and cannot be Purified. Lethal Poison deals 2 times the damage of normal Poison and ignores passive skills or effects of active skills that would prevent the target from being defeated, other than those which specifically prevent defeat from Poison or non-attack damage. Lethal Poison cannot apply to Burning units or Boss units.",
    "Active Skill 4": "Lunar Hypnosis",
    "Active Skill 4 Description": "Hypnotizes an enemy with the lowest TU and Mega Poisons them for 200TU. A Hypnotized enemy will use its next turn to grant the turn to and Purify the hypnotizer (the turn will be lost as if it were sleeping), and then the hypnosis will end.\n\nThis skill becomes locked for 90TU after use (minus 10TU per Awakening the user has) and cannot be used if an enemy is already Hypnotized or if there are less than 2 enemies on the battlefield. Hypnosis will fail against Boss units. Hypnosis is not a status effect and cannot be removed by Purify skills, but will be canceled if the user is defeated or leaves the battlefield.",
    "Passive Skill 1": "Lunar Venom",
    "Passive Skill 1 Description": "Whenever an enemy enters the battlefield from reinforcements, this unit heals for 20% of its max HP and is granted a Poison Ward and Stealth. Poison Ward prevents Poison from being applied once, then is removed. Poison Wards cannot stack.\n\nIf no enemy is Mega Poisoned already, these trigger after each enemy turn:\n- Grants a random enemy the Mega Poison status effect for 200TU.\n- This unit is healed for 100% of its max HP.\n- This unit is granted a Poison Ward and Stealth.",
    "Passive Skill 2": "Moon's Shadow",
    "Passive Skill 2 Description": "If this unit would be defeated by an enemy attack or a status effect while having more than 1 HP, it instead survives with 1 HP. This unit enters battle with Stealth, and a Stealth Shield.\n\nThis unit has 65% damage reduction from attacks if this unit has the Stealth status effect.\n\nTriggered when this unit enters the battlefield from the allied reinforcements and when this unit is defeated by an enemy attack:\n- All enemies are Stunned for 50TU.\n- All enemies are granted Mega Poison for 200TU, this will overwrite other status effects on those units.",
    "Passive Skill 3": "Attack Up Lv3",
    "Passive Skill 3 Description": "Adds 300 to this unit's Attack.",
    "Passive Skill 4": "HP Up Lv3",
    "Passive Skill 4 Description Description": "Adds 1200 to this unit's max HP.",
    "Passive Skill 5": "Stun Resist Lv3",
    "Passive Skill 5 Description": "Reduces the amount of any stun effects against this unit by 20TU.",
    "Passive Skill 6 Description": "Staff Mastery",
    "Passive Skill 6": "Can use weapon skills of Staffs in addition to their original preferred weapon type."
  },
  {
    "quickview-portrait-image src": "https://evertaletoolbox2.runasp.net/files/images/monsters/small/ZoroRegular02_2.png",
    "Name": "Zoro",
    "Title": "Great Phantom Thief",
    "icon36 src": "https://evertaletoolbox2.runasp.net/files/ui/app/RarityIconSsr01.png",
    "icon10 src": "https://evertaletoolbox2.runasp.net/files/ui/rarity/IconRainbowStar01.png",
    "icon36 src (2)": "https://evertaletoolbox2.runasp.net/files/ui/elements/Light.png",
    "Cost": "34",
    "Attack": "1,443",
    "HP": "7,205",
    "SPD": "563",
    "icon36 src (3)": "https://evertaletoolbox2.runasp.net/files/ui/weapons/GreatSword.png",
    "Leader Skill": "Light HP Up",
    "Leader Skill Description": "Allied Light element units have their max HP increased by 10%.",
    "Active Skill 1": "Tandem Takedown",
    "Active Skill 1 Description": "250% damage to 1 enemy. 500% damage instead if another ally on the battlefield has 50TU or less. Then immediately give an ally with the lowest TU (excluding the user) the next turn by reducing their current TU to 0. This attack ignores enemy damage reduction effects. Damage from this attack does not wake up sleeping enemies.\n\nActive skills that grant turns cannot be used on turns given by this skill. This skill can be used on such turns, but will not grant the extra turn. The given turn is granted after Counter Stance or Counter Skin type effects triggered by this attack, and so the affected ally will act before a countering enemy. Effects that influence TU order may interrupt the given turn (e.g. Stuns targeting the lowest TU target).",
    "Active Skill 2": "En Garde",
    "Active Skill 2 Description": "Weakens all enemies. The user is Enraged, granted a Sleep Ward, Stun Ward, Poison Ward, Counter Stance for 150TU and 80% damage reduction from attacks until the end of its next turn. Unlocked each time the user damages an enemy with an attack. This skill is locked again after each use or if the user leaves the battlefield.\n\nThis will overwrite the effects of previous Weak or Enrage skills on affected units, and other status effects on the user. For 150TU, the next time the unit with counter stance takes damage from an enemy attack, it will become their turn. Enraged units have their Attack increased to 1.5x until the end of their next turn. Weakened units have their Attack reduced to 0.75x until the end of their next turn. The effect of Weakening may be diminished if the affected unit's Attack is increased by other effects and it can be overwritten by Enrage effects. Each Ward prevents their named effect from being applied once, then is removed. Identical Wards cannot stack.",
    "Active Skill 3": "Double Phoenix",
    "Active Skill 3 Description": "700% damage to 2 enemies. This attack ignores the Stealth Status Effect. The Hold Ground+ passive skill effect is reset for the user and can be triggered again. Unlocked for one use each time the user's Hold Ground+ passive skill effect is triggered while on the battlefield and can be used only three times per battle.",
    "Active Skill 4": "Survivor's Blade",
    "Active Skill 4 Description": "This attack ignores Guardians. 600% damage to 1 enemy. This attack ignores enemy damage reduction effects and any effects of non-boss enemies that would prevent the target from being defeated.\n\nLocked for 200TU after the user has entered the battlefield.",
    "Passive Skill 1": "One Step Ahead",
    "Passive Skill 1 Description": "This unit's attacks heal this unit for 100% of total damage dealt.\n\nWhenever another unit on the battlefield damages any unit(s) with an attack, this unit's current TU is reduced by 10TU per unit hit.\n\nEach time an enemy unit gets the turn, if this unit has 150TU or more, this unit will gain the Counter Stance status effect for 150TU at the end of that turn.",
    "Passive Skill 2": "Steel Resolve",
    "Passive Skill 2 Description": "If this unit would be defeated, it instead survives with 1 HP and then cannot be defeated until its next turn. This effect can trigger only once each time this unit enters the battlefield, and is considered a Hold Ground+ effect.\n\nThis unit cannot be sent to the reinforcements from the battlefield.\n\nEach time a unit gets the turn while their team has 5+ Spirit, this unit will be healed for 30% of its max HP.\n\nWhenever this unit defeats a non-conjured unit on the battlefield with an attack:\n- All allies will be healed for 100% of their max HP.\n- All allies will have Burn status effects (including Mega Healing Burn) removed.",
    "Passive Skill 3": "HP Up Lv3",
    "Passive Skill 3 Description": "Adds 1200 to this unit's max HP.",
    "Passive Skill 4": "Attack Up Lv3",
    "Passive Skill 4 Description Description": "Adds 300 to this unit's Attack.",
    "Passive Skill 5": "Fire Resist Lv3",
    "Passive Skill 5 Description": "10% less damage from attacks by Fire units.",
    "Passive Skill 6 Description": "Greataxe Mastery",
    "Passive Skill 6": "Can use weapon skills of Greataxes in addition to their original preferred weapon type."
  },
  {
    "quickview-portrait-image src": "https://evertaletoolbox2.runasp.net/files/images/monsters/small/YamatoRegular02_2.png",
    "Name": "Yamato",
    "Title": "Invincible Battleship Maiden",
    "icon36 src": "https://evertaletoolbox2.runasp.net/files/ui/app/RarityIconSsr01.png",
    "icon10 src": "https://evertaletoolbox2.runasp.net/files/ui/rarity/IconRainbowStar01.png",
    "icon36 src (2)": "https://evertaletoolbox2.runasp.net/files/ui/elements/Water.png",
    "Cost": "34",
    "Attack": "587",
    "HP": "19,731",
    "SPD": "301",
    "icon36 src (3)": "https://evertaletoolbox2.runasp.net/files/ui/weapons/GreatSword.png",
    "Leader Skill": "Water HP Up",
    "Leader Skill Description": "Allied Water element units have their max HP increased by 10%.",
    "Active Skill 1": "Suppressing Fire",
    "Active Skill 1 Description": "Weakens all enemies, and grants them a Rage Ward. Enrages all allies. Then immediately give 1 other random ally the next turn by reducing their current TU to 0. Active skills that grant turns cannot be used on turns given by this skill. This skill can be used on such turns, but will not grant the extra turn.\n\nEnraged units have their Attack increased to 1.5x until the end of their next turn. Weakened units have their Attack reduced to 0.75x until the end of their next turn. These effects will overwrite any existing Weak or Enrage effects on affected units. The effect of Weakening may be diminished if the affected unit's Attack is increased by other effects and it can be overwritten by Enrage effects. Rage Wards will prevent a unit from becoming Enraged once, then be removed. Rage Wards cannot stack.",
    "Active Skill 2": "Ironclad",
    "Active Skill 2 Description": "The user is Purified (negative status effects like sleep, burn or poison are removed) and healed for 100% of max HP. For 100TU, the user cannot be defeated and is immune to Poison, Burn and Sleep status effects. When this effect expires, all other allies will be healed for 100% of their max HP and be Purified. This skill can only be used once each time this unit is on the battlefield, and only if there is no other non-Mori Guardian on the battlefield.",
    "Active Skill 3": "Victory Cannon",
    "Active Skill 3 Description": "1500% damage to 1 enemy. This attack ignores enemy damage reduction effects. Damage from this attack does not wake up sleeping enemies.\n\nUnlocked each time a non-conjured enemy or non-conjured ally is defeated or sacrificed by any source other than the user. This skill is locked again after each use or if the user leaves the battlefield, and cannot be used for 50TU after each use.",
    "Active Skill 4": "Sound the Alarm",
    "Active Skill 4 Description": "Grants 2 random enemies the Sleep status effect for 200TU, even if they have already slept while on the battlefield. This will overwrite other status effects on those units. Pulls the user away from the battlefield to be next in line of your reinforcements. If there are no ally reinforcements, adds enough Super Suimori to the ally team to still pull the user away to reinforcements (max 3 if the user has only 1 other ally on the battlefield). Locked for 150TU after the user has entered the battlefield, and cannot be used if the user has no other allies on the battlefield.",
    "Passive Skill 1": "Unsinkable Guard",
    "Passive Skill 1 Description": "This unit is a Guardian. For any enemy attack that would hit 1 or 2 other allies, this unit has a 100% chance to redirect 1 hit to itself instead. This unit will not redirect skills that don't deal damage.\n\nWhenever this unit or another non-Guardian ally takes damage from an attack and survives until after the end of the turn and this unit has any other allies left (even in reinforcements), this unit will:\n- Heal for 25% of max HP.\n- Gain a Charge.\n\nWhenever this unit would gain a charge while already having 3 Charges, an Imposter is added to the next in line of enemy reinforcements, and a random enemy is granted the Sleep status effect for 200TU, even if they have already slept while on the battlefield. This will overwrite other status effects on that unit. Then all Charges are removed from this unit, and it cannot gain any more charges until the following turn. A unit can store a maximum of 3 charges, and all charges are removed from a unit that leaves the battlefield.",
    "Passive Skill 2": "Anchors Away",
    "Passive Skill 2 Description": "When this unit enters the battlefield from the allied reinforcements and there are no other non-Mori ally Guardians on the battlefield, all allies:\n- Are healed for 1000% of this unit's attack.\n- Have their current TU reduced by 50TU.\n- Gain the Armor status effect. This will overwrite other status effects on those units. Armor grants 50% damage reduction from the next attack, then the effect is removed.\n\nThis unit has 10% damage reduction from attacks, plus 10% per Awakening (up to 50% reduction if this unit has 4 Awakenings) until the end of its first turn since entering the battlefield.",
    "Passive Skill 3": "Attack Up Lv3",
    "Passive Skill 3 Description": "Adds 300 to this unit's Attack.",
    "Passive Skill 4": "HP Up Lv3",
    "Passive Skill 4 Description Description": "Adds 1200 to this unit's max HP.",
    "Passive Skill 5": "Dark Resist Lv3",
    "Passive Skill 5 Description": "10% less damage from attacks by Dark units.",
    "Passive Skill 6 Description": "Greataxe Mastery",
    "Passive Skill 6": "Can use weapon skills of Greataxes in addition to their original preferred weapon type."
  }
]