[
  {
    "quickview-portrait-image src": "https://evertaletoolbox2.runasp.net/files/images/monsters/small/HornedYetiDojo01_2.png",
    "Name": "Wendigo",
    "icon36h32 src": "https://evertaletoolbox2.runasp.net/files/ui/app/RarityIconN01.png",
    "icon10 src": "https://evertaletoolbox2.runasp.net/files/ui/rarity/IconBrownStarBronze01.png",
    "icon36 src": "https://evertaletoolbox2.runasp.net/files/ui/elements/Water.png",
    "Cost": "12",
    "Attack": "315",
    "HP": "1,500",
    "SPD": "257",
    "icon36 src (2)": "https://evertaletoolbox2.runasp.net/files/ui/weapons/Hammer.png",
    "Active Skill 1": "Attack",
    "Active Skill 1 Description": "Damage to 1 enemy and allies gain 1 Spirit.",
    "Active Skill 2": "Final Strike",
    "Active Skill 2 Description": "400% damage to 1 enemy. Usable only if the user has no allies on the battlefield.",
    "Active Skill 3": "Stun Revenge",
    "Active Skill 3 Description": "When this unit is defeated by an enemy, that enemy is stunned for 100TU."
  },
  {
    "quickview-portrait-image src": "https://evertaletoolbox2.runasp.net/files/images/monsters/small/AirGenieDojo01_2.png",
    "Name": "Jynn",
    "icon36h32 src": "https://evertaletoolbox2.runasp.net/files/ui/app/RarityIconN01.png",
    "icon10 src": "https://evertaletoolbox2.runasp.net/files/ui/rarity/IconBrownStarBronze01.png",
    "icon36 src": "https://evertaletoolbox2.runasp.net/files/ui/elements/Storm.png",
    "Cost": "16",
    "Attack": "422",
    "HP": "1,592",
    "SPD": "167",
    "icon36 src (2)": "https://evertaletoolbox2.runasp.net/files/ui/weapons/Staff.png",
    "Active Skill 1": "Brash Strike",
    "Active Skill 1 Description": "150% damage to 1 enemy and allies gain 1 Spirit. Reflects 30% of the damage to the user.",
    "Active Skill 2": "Blood Shot",
    "Active Skill 2 Description": "Sacrifices the last unit in the allied reinforcements for 400% damage to 1 enemy. Usable only if there are 1 or more allied reinforcements left.",
    "Active Skill 3": "Attack All",
    "Active Skill 3 Description": "Damage to all enemies.",
    "icon10 src (3)": "https://evertaletoolbox2.runasp.net/files/ui/rarity/IconBrownStarBronze01.png"
  },
  {
    "quickview-portrait-image src": "https://evertaletoolbox2.runasp.net/files/images/monsters/small/FloatingMageDojo02_2.png",
    "Name": "Ul Ganan",
    "icon10 src": "https://evertaletoolbox2.runasp.net/files/ui/rarity/IconGreyStarSilver01.png",
    "icon36 src": "https://evertaletoolbox2.runasp.net/files/ui/elements/Dark.png",
    "Cost": "23",
    "Attack": "537",
    "HP": "3,745",
    "SPD": "183",
    "icon36 src (2)": "https://evertaletoolbox2.runasp.net/files/ui/weapons/Staff.png",
    "Active Skill 1": "Attack",
    "Active Skill 1 Description": "Damage to 1 enemy and allies gain 2 Spirit.",
    "Active Skill 2": "Attack All",
    "Active Skill 2 Description": "Damage to all enemies.",
    "Active Skill 3": "Blood Heal",
    "Active Skill 3 Description": "Sacrifices the last unit in the allied reinforcements to heal 1 ally for HP equal to 450% of the user's Attack. Cannot be used if there are no allied reinforcements left.",
    "icon10 src (3)": "https://evertaletoolbox2.runasp.net/files/ui/rarity/IconGreyStarSilver01.png",
    "icon36 src (3)": "https://evertaletoolbox2.runasp.net/files/ui/app/RarityIconR01.png",
    "icon10 src (4)": "https://evertaletoolbox2.runasp.net/files/ui/rarity/IconGreyStarSilver01.png",
    "Title": "HP Up",
    "Leader Skill": "Allied Dark element units have their max HP increased by 4%.",
    "Active Skill 4": "Call Minion x2",
    "Active Skill 4 Description": "Adds 2 Kuromoris to the very end of the allied reinforcements.",
    "Passive Skill 1": "Spirit- Revenge",
    "Passive Skill 1 Description": "Whenever this unit is defeated by an enemy, the enemy party loses 4 Spirit.",
    "Passive Skill 2": "Attack Up Lv1",
    "Passive Skill 2 Description": "Adds 150 to this unit's Attack.",
    "Passive Skill 3": "Light Resist Lv1",
    "Passive Skill 3 Description": "5% less damage from attacks by Light units.",
    "Passive Skill 4": "HP Up Lv1",
    "Passive Skill 4 Description Description": "Adds 600 to this unit's max HP.",
    "Passive Skill 5": "Mace Mastery",
    "Passive Skill 5 Description": "Can use weapon skills of Maces in addition to their original preferred weapon type."
  },
  {
    "quickview-portrait-image src": "https://evertaletoolbox2.runasp.net/files/images/monsters/small/PurpleElfKnight02_2.png",
    "Name": "Zeshua",
    "icon10 src": "https://evertaletoolbox2.runasp.net/files/ui/rarity/IconBlackStarGold01.png",
    "icon36 src": "https://evertaletoolbox2.runasp.net/files/ui/elements/Water.png",
    "Cost": "28",
    "Attack": "706",
    "HP": "5,268",
    "SPD": "123",
    "icon36 src (2)": "https://evertaletoolbox2.runasp.net/files/ui/weapons/Spear.png",
    "Active Skill 1": "Attack",
    "Active Skill 1 Description": "Damage to 1 enemy and allies gain 2 Spirit.",
    "Active Skill 2": "Guard Allies",
    "Active Skill 2 Description": "The user becomes a Guardian. For any enemy attack that would hit 1 or 2 other allies, 1 of the hits is instead redirected to this unit. This unit will not redirect skills that don't deal damage. Usable only if this unit is not already a Guardian.",
    "Active Skill 3": "Sleep",
    "Active Skill 3 Description": "Grants 1 enemy the Sleep status effect for 200TU. Usable once per battle. This will overwrite other status effects on that unit. Sleep cannot be applied to a unit that Has Slept while on the battlefield.",
    "icon10 src (3)": "https://evertaletoolbox2.runasp.net/files/ui/rarity/IconBlackStarGold01.png",
    "icon36 src (3)": "https://evertaletoolbox2.runasp.net/files/ui/app/RarityIconSr01.png",
    "icon10 src (4)": "https://evertaletoolbox2.runasp.net/files/ui/rarity/IconBlackStarGold01.png",
    "Title": "Water HP Up",
    "Leader Skill": "Vengeful Wanderer",
    "Active Skill 4": "Dream Drain",
    "Active Skill 4 Description": "600% damage to 1 enemy if they are sleeping. If the target is asleep, the user recovers HP by 50% of its own max.",
    "Passive Skill 1": "Hold Ground",
    "Passive Skill 1 Description": "If this unit would be defeated by an enemy attack or a status effect while having more than 1 HP, it instead survives with 1 HP.",
    "Passive Skill 2": "Attack Up Lv2",
    "Passive Skill 2 Description": "Adds 200 to this unit's Attack.",
    "Passive Skill 3": "Hammer Resist Lv2",
    "Passive Skill 3 Description": "7% less damage from attacks by units equipped with Hammers.",
    "Passive Skill 4": "HP Up Lv2",
    "Passive Skill 4 Description Description": "Adds 800 to this unit's max HP.",
    "Passive Skill 5": "Greatsword Mastery",
    "Passive Skill 5 Description": "Can use weapon skills of Greatswords in addition to their original preferred weapon type.",
    "icon10 src (5)": "https://evertaletoolbox2.runasp.net/files/ui/rarity/IconBlackStarGold01.png",
    "Leader Skill Description": "Allied Water element units have their max HP increased by 7%."
  },
  {
    "quickview-portrait-image src": "https://evertaletoolbox2.runasp.net/files/images/monsters/small/FurCoatLizard02_2.png",
    "Name": "Alba",
    "icon10 src": "https://evertaletoolbox2.runasp.net/files/ui/rarity/IconBlackStarGold01.png",
    "icon36 src": "https://evertaletoolbox2.runasp.net/files/ui/elements/Fire.png",
    "Cost": "28",
    "Attack": "774",
    "HP": "4,924",
    "SPD": "356",
    "icon36 src (2)": "https://evertaletoolbox2.runasp.net/files/ui/weapons/Staff.png",
    "Active Skill 1": "Attack",
    "Active Skill 1 Description": "Damage to 1 enemy and allies gain 2 Spirit.",
    "Active Skill 2": "Burn Blast",
    "Active Skill 2 Description": "300% damage to 1 enemy. Usable if the user has the Burn status effect.",
    "Active Skill 3": "Burning Call",
    "Active Skill 3 Description": "Adds 2 Himoris to the very end of the allied reinforcements. Usable only if the user has the Burn status effect.",
    "icon10 src (3)": "https://evertaletoolbox2.runasp.net/files/ui/rarity/IconBlackStarGold01.png",
    "icon36 src (3)": "https://evertaletoolbox2.runasp.net/files/ui/app/RarityIconSr01.png",
    "icon10 src (4)": "https://evertaletoolbox2.runasp.net/files/ui/rarity/IconBlackStarGold01.png",
    "Title": "Fire HP Up",
    "Leader Skill": "Unyielding Will",
    "Active Skill 4": "Mori Blaster",
    "Active Skill 4 Description": "500% damage to 1 enemy. Usable only if there is at least 1 \"Mori\" ally on the battlefield. This includes \"Himori\", \"Suimori\", \"Denmori\", \"Chimori\", \"Shiromori\", \"Kuromori\", and \"Jinglemori\".",
    "Passive Skill 1": "Burning Entry",
    "Passive Skill 1 Description": "This unit gains the Burn status effect. Triggered when this unit enters the battlefield from the allied reinforcements. Any unit that deals damage to or is dealt damage by a unit with burn will also become burned.",
    "Passive Skill 2": "Clock Revenge",
    "Passive Skill 2 Description": "Whenever this unit is defeated by an enemy, the ally with the highest current TU will have it reduced by 100TU.",
    "Passive Skill 3": "Attack Up Lv2",
    "Passive Skill 3 Description": "Adds 200 to this unit's Attack.",
    "Passive Skill 4": "Stun Resist Lv2",
    "Passive Skill 4 Description Description": "Reduces the amount of any stun effects against this unit by 15TU.",
    "Passive Skill 5": "HP Up Lv2",
    "Passive Skill 5 Description": "Adds 800 to this unit's max HP.",
    "icon10 src (5)": "https://evertaletoolbox2.runasp.net/files/ui/rarity/IconBlackStarGold01.png",
    "Leader Skill Description": "Allied Fire element units have their max HP increased by 7%.",
    "Passive Skill 6 Description": "Sword Mastery",
    "Passive Skill 6": "Can use weapon skills of Swords in addition to their original preferred weapon type."
  },
  {
    "quickview-portrait-image src": "https://evertaletoolbox2.runasp.net/files/images/monsters/small/FireDragon02_2.png",
    "Name": "Rashanar",
    "icon10 src": "https://evertaletoolbox2.runasp.net/files/ui/rarity/IconRainbowStar01.png",
    "icon36 src": "https://evertaletoolbox2.runasp.net/files/ui/elements/Fire.png",
    "Cost": "34",
    "Attack": "1,256",
    "HP": "7,406",
    "SPD": "322",
    "icon36 src (2)": "https://evertaletoolbox2.runasp.net/files/ui/weapons/Mace.png",
    "Active Skill 1": "Attack",
    "Active Skill 1 Description": "Damage to 1 enemy and allies gain 2 Spirit.",
    "Active Skill 2": "Attack All",
    "Active Skill 2 Description": "Damage to all enemies.",
    "Active Skill 3": "Blood Burn",
    "Active Skill 3 Description": "Sacrifices the last unit in the allied reinforcements to grant the Burn status effect to the user and then heal its HP for 200% of its Attack. This will overwrite other status effects on this unit. Cannot be used if the user already has Burn or there are no allied reinforcements left.",
    "icon10 src (3)": "https://evertaletoolbox2.runasp.net/files/ui/rarity/IconRainbowStar01.png",
    "icon36 src (3)": "https://evertaletoolbox2.runasp.net/files/ui/app/RarityIconSsr01.png",
    "icon10 src (4)": "https://evertaletoolbox2.runasp.net/files/ui/rarity/IconRainbowStar01.png",
    "Title": "Fire Attack Up",
    "Leader Skill": "The Burning Hunger",
    "Active Skill 4": "Blood Nova",
    "Active Skill 4 Description": "Sacrifices the last unit in the allied reinforcements for 400% damage to 1 enemy. Usable only if there are 1 or more allied reinforcements left.",
    "Passive Skill 1": "Burning Swarm",
    "Passive Skill 1 Description": "Adds 1 Himori to the end of this unit's team for each unit with the Burn status effect. Triggered when this unit enters the battlefield from the allied reinforcements.",
    "Passive Skill 2": "Burning Turn",
    "Passive Skill 2 Description": "When this unit starts the turn with the Burn status effect, at the end of the turn their Burn is removed and they get another turn. Effects that influence TU order may interrupt the second turn (e.g. Counter Stance and Stuns targeting the lowest TU target).",
    "Passive Skill 3": "Spear Resist Lv3",
    "Passive Skill 3 Description": "10% less damage from attacks by units equipped with Spears.",
    "Passive Skill 4": "HP Up Lv3",
    "Passive Skill 4 Description Description": "Adds 1200 to this unit's max HP.",
    "Passive Skill 5": "Attack Up Lv3",
    "Passive Skill 5 Description": "Adds 300 to this unit's Attack.",
    "icon10 src (5)": "https://evertaletoolbox2.runasp.net/files/ui/rarity/IconRainbowStar01.png",
    "Leader Skill Description": "Allied Fire element units have their Attack increased by 15%.",
    "Passive Skill 6 Description": "Sword Mastery",
    "Passive Skill 6": "Can use weapon skills of Swords in addition to their original preferred weapon type.",
    "icon10 src (6)": "https://evertaletoolbox2.runasp.net/files/ui/rarity/IconRainbowStar01.png"
  },
  {
    "quickview-portrait-image src": "https://evertaletoolbox2.runasp.net/files/images/monsters/small/CherryBlossom02_2.png",
    "Name": "Oumei",
    "icon10 src": "https://evertaletoolbox2.runasp.net/files/ui/rarity/IconRainbowStar01.png",
    "icon36 src": "https://evertaletoolbox2.runasp.net/files/ui/elements/Earth.png",
    "Cost": "34",
    "Attack": "1,358",
    "HP": "7,625",
    "SPD": "71",
    "icon36 src (2)": "https://evertaletoolbox2.runasp.net/files/ui/weapons/Staff.png",
    "Active Skill 1": "Attack",
    "Active Skill 1 Description": "Damage to 1 enemy and allies gain 2 Spirit.",
    "Active Skill 2": "Poison",
    "Active Skill 2 Description": "Grants the Poison status effect to 1 enemy. Allies gain 1 Spirit. This will overwrite other status effects on that unit.",
    "Active Skill 3": "Poison Devour",
    "Active Skill 3 Description": "400% damage to 1 enemy if they are poisoned.",
    "icon10 src (3)": "https://evertaletoolbox2.runasp.net/files/ui/rarity/IconRainbowStar01.png",
    "icon36 src (3)": "https://evertaletoolbox2.runasp.net/files/ui/app/RarityIconSsr01.png",
    "icon10 src (4)": "https://evertaletoolbox2.runasp.net/files/ui/rarity/IconRainbowStar01.png",
    "Title": "Earth ATK & HP Up",
    "Leader Skill": "Spirit of Spring",
    "Active Skill 4": "Spirit Reset",
    "Active Skill 4 Description": "Reduces the Spirit of both allies and enemies to 0. Usable once per battle.",
    "Passive Skill 1": "Poison Garden",
    "Passive Skill 1 Description": "Whenever another Earth ally ends their turn with 0 Spirit, allies gain 2 Spirit. Triggers only if there are 2 or more enemies with the poison status.",
    "Passive Skill 2": "Attack Up Lv3",
    "Passive Skill 2 Description": "Adds 300 to this unit's Attack.",
    "Passive Skill 3": "Stun Resist Lv3",
    "Passive Skill 3 Description": "Reduces the amount of any stun effects against this unit by 20TU.",
    "Passive Skill 4": "HP Up Lv3",
    "Passive Skill 4 Description Description": "Adds 1200 to this unit's max HP.",
    "Passive Skill 5": "Mace Mastery",
    "Passive Skill 5 Description": "Can use weapon skills of Maces in addition to their original preferred weapon type.",
    "icon10 src (5)": "https://evertaletoolbox2.runasp.net/files/ui/rarity/IconRainbowStar01.png",
    "Leader Skill Description": "Allied Earth element units have their Attack increased by 10% and max HP increased by 7%.",
    "icon10 src (6)": "https://evertaletoolbox2.runasp.net/files/ui/rarity/IconRainbowStar01.png"
  },
  {
    "quickview-portrait-image src": "https://evertaletoolbox2.runasp.net/files/images/monsters/small/AstridRegular02_2.png",
    "Name": "Astrid",
    "icon10 src": "https://evertaletoolbox2.runasp.net/files/ui/rarity/IconRainbowStar01.png",
    "icon36 src": "https://evertaletoolbox2.runasp.net/files/ui/elements/Fire.png",
    "Cost": "34",
    "Attack": "1,321",
    "HP": "7,806",
    "SPD": "216",
    "icon36 src (2)": "https://evertaletoolbox2.runasp.net/files/ui/weapons/GreatSword.png",
    "Active Skill 1": "Brash Strike",
    "Active Skill 1 Description": "125% damage to 2 enemies and allies gain 1 Spirit. Reflects 15% of the total damage to the user.",
    "Active Skill 2": "Burn Blast",
    "Active Skill 2 Description": "300% damage to 2 enemies. Usable if the user has the Burn status effect.",
    "Active Skill 3": "Ignition Charge",
    "Active Skill 3 Description": "The user gains the Burn status effect and allies gain 3 Spirit. Usable only if the user does not have burn already. This will overwrite other status effects on that unit. Any unit that deals damage to or is dealt damage by a unit with burn will also become burned.",
    "icon10 src (3)": "https://evertaletoolbox2.runasp.net/files/ui/rarity/IconRainbowStar01.png",
    "icon36 src (3)": "https://evertaletoolbox2.runasp.net/files/ui/app/RarityIconSsr01.png",
    "icon10 src (4)": "https://evertaletoolbox2.runasp.net/files/ui/rarity/IconRainbowStar01.png",
    "Title": "Fire ATK & HP Up",
    "Leader Skill": "Hero of the West",
    "Active Skill 4": "Intense Burn",
    "Active Skill 4 Description": "All allies that have the Burn status effect will have the TU costs for all of their skills reduced by 20%, and until the end of their next turn their Attack is increased to 1.5x. This will overwrite the effects of other Quicken and Enrage skills.",
    "Passive Skill 1": "Regeneration",
    "Passive Skill 1 Description": "When this unit gets a turn, it heals 30% of its max HP.",
    "Passive Skill 2": "Burning Focus",
    "Passive Skill 2 Description": "This unit is not affected by stun effects while they have the Burn status effect.",
    "Passive Skill 3": "Hammer Resist Lv3",
    "Passive Skill 3 Description": "10% less damage from attacks by units equipped with Hammers.",
    "Passive Skill 4": "HP Up Lv3",
    "Passive Skill 4 Description Description": "Adds 1200 to this unit's max HP.",
    "Passive Skill 5": "Attack Up Lv3",
    "Passive Skill 5 Description": "Adds 300 to this unit's Attack.",
    "icon10 src (5)": "https://evertaletoolbox2.runasp.net/files/ui/rarity/IconRainbowStar01.png",
    "Leader Skill Description": "Allied Fire element units have their Attack increased by 10% and max HP increased by 7%.",
    "Passive Skill 6 Description": "Spear Mastery",
    "Passive Skill 6": "Can use weapon skills of Spears in addition to their original preferred weapon type.",
    "icon10 src (6)": "https://evertaletoolbox2.runasp.net/files/ui/rarity/IconRainbowStar01.png"
  },
  {
    "quickview-portrait-image src": "https://evertaletoolbox2.runasp.net/files/images/monsters/small/GoldAppleGirl02_2.png",
    "Name": "Le Fay",
    "icon10 src": "https://evertaletoolbox2.runasp.net/files/ui/rarity/IconRainbowStar01.png",
    "icon36 src": "https://evertaletoolbox2.runasp.net/files/ui/elements/Dark.png",
    "Cost": "34",
    "Attack": "1,411",
    "HP": "7,358",
    "SPD": "211",
    "icon36 src (2)": "https://evertaletoolbox2.runasp.net/files/ui/weapons/Sword.png",
    "Active Skill 1": "Attack",
    "Active Skill 1 Description": "Damage to 1 enemy and allies gain 2 Spirit.",
    "Active Skill 2": "Poison Devour",
    "Active Skill 2 Description": "400% damage to 1 enemy if they are poisoned.",
    "Active Skill 3": "Avalon's Fruit",
    "Active Skill 3 Description": "Immediately give 1 ally the next turn by reducing their current TU to 0, and give them the Poison status effect. This will overwrite other status effects on that unit. Unlocked each time the user defeats another unit with an attack. This skill is locked again after each use or if the user leaves the battlefield. Active skills that grant turns cannot be used on turns given by this skill.",
    "icon10 src (3)": "https://evertaletoolbox2.runasp.net/files/ui/rarity/IconRainbowStar01.png",
    "icon36 src (3)": "https://evertaletoolbox2.runasp.net/files/ui/app/RarityIconSsr01.png",
    "icon10 src (4)": "https://evertaletoolbox2.runasp.net/files/ui/rarity/IconRainbowStar01.png",
    "Title": "Dark ATK & HP Up",
    "Leader Skill": "The Witch of Avalon",
    "Active Skill 4": "Vengeance Strike",
    "Active Skill 4 Description": "300% damage to 1 enemy if they have defeated 1+ units with attacks while on the battlefield.",
    "Passive Skill 1": "Poison Skin",
    "Passive Skill 1 Description": "Enemy units that deal damage to this unit get poisoned. This will overwrite other status effects on the attacker.",
    "Passive Skill 2": "Hold Ground",
    "Passive Skill 2 Description": "If this unit would be defeated by an enemy attack or a status effect while having more than 1 HP, it instead survives with 1 HP.",
    "Passive Skill 3": "G.sword Resist Lv3",
    "Passive Skill 3 Description": "10% less damage from attacks by units equipped with Greatswords.",
    "Passive Skill 4": "HP Up Lv3",
    "Passive Skill 4 Description Description": "Adds 1200 to this unit's max HP.",
    "Passive Skill 5": "Attack Up Lv3",
    "Passive Skill 5 Description": "Adds 300 to this unit's Attack.",
    "icon10 src (5)": "https://evertaletoolbox2.runasp.net/files/ui/rarity/IconRainbowStar01.png",
    "Leader Skill Description": "Allied Dark element units have their Attack increased by 10% and max HP increased by 7%.",
    "Passive Skill 6 Description": "Mace Mastery",
    "Passive Skill 6": "Can use weapon skills of Maces in addition to their original preferred weapon type.",
    "icon10 src (6)": "https://evertaletoolbox2.runasp.net/files/ui/rarity/IconRainbowStar01.png"
  },
  {
    "quickview-portrait-image src": "https://evertaletoolbox2.runasp.net/files/images/monsters/small/PinkHairWitch02_2.png",
    "Name": "Petra",
    "icon10 src": "https://evertaletoolbox2.runasp.net/files/ui/rarity/IconGreyStarSilver01.png",
    "icon36 src": "https://evertaletoolbox2.runasp.net/files/ui/elements/Earth.png",
    "Cost": "23",
    "Attack": "549",
    "HP": "3,685",
    "SPD": "177",
    "icon36 src (2)": "https://evertaletoolbox2.runasp.net/files/ui/weapons/Staff.png",
    "Active Skill 1": "Poison",
    "Active Skill 1 Description": "Grants the Poison status effect to 1 enemy. Allies gain 1 Spirit. This will overwrite other status effects on that unit.",
    "Active Skill 2": "Poison Devour",
    "Active Skill 2 Description": "400% damage to 1 enemy if they are poisoned.",
    "Active Skill 3": "Pain Spirit",
    "Active Skill 3 Description": "Reduces the user's current HP by 30% of max and allies are granted 3 Spirit.",
    "icon10 src (3)": "https://evertaletoolbox2.runasp.net/files/ui/rarity/IconGreyStarSilver01.png",
    "icon36 src (3)": "https://evertaletoolbox2.runasp.net/files/ui/app/RarityIconR01.png",
    "icon10 src (4)": "https://evertaletoolbox2.runasp.net/files/ui/rarity/IconGreyStarSilver01.png",
    "Title": "Earth HP Up",
    "Leader Skill": "Moonglow Witch",
    "Active Skill 4": "Grant Stealth",
    "Active Skill 4 Description": "Grants the Stealth status effect to 1 ally. This will overwrite other status effects on that unit. Stealthed units ignore the next enemy attack that would damage more than 1 target. Any damage will remove stealth.",
    "Passive Skill 1": "Spirit- Revenge",
    "Passive Skill 1 Description": "Whenever this unit is defeated by an enemy, the enemy party loses 2 Spirit.",
    "Passive Skill 2": "Attack Up Lv1",
    "Passive Skill 2 Description": "Adds 150 to this unit's Attack.",
    "Passive Skill 3": "Fire Resist Lv1",
    "Passive Skill 3 Description": "5% less damage from attacks by Fire units.",
    "Passive Skill 4": "HP Up Lv1",
    "Passive Skill 4 Description Description": "Adds 600 to this unit's max HP.",
    "Passive Skill 5": "Mace Mastery",
    "Passive Skill 5 Description": "Can use weapon skills of Maces in addition to their original preferred weapon type.",
    "Leader Skill Description": "Allied Earth element units have their max HP increased by 4%."
  }
]