[
  {
    "quickview-portrait-image src": "https://evertaletoolbox2.runasp.net/files/images/monsters/small/IceWitch02_2.png",
    "Name": "Yuki",
    "Title": "Born of Winter",
    "icon36 src": "https://evertaletoolbox2.runasp.net/files/ui/app/RarityIconSsr01.png",
    "icon10 src": "https://evertaletoolbox2.runasp.net/files/ui/rarity/IconRainbowStar01.png",
    "icon10 src (6)": "https://evertaletoolbox2.runasp.net/files/ui/rarity/IconRainbowStar01.png",
    "icon36 src (2)": "https://evertaletoolbox2.runasp.net/files/ui/elements/Water.png",
    "Cost": "34",
    "Attack": "1,300",
    "HP": "7,188",
    "SPD": "274",
    "icon36 src (3)": "https://evertaletoolbox2.runasp.net/files/ui/weapons/Staff.png",
    "Leader Skill": "Water ATK & HP Up",
    "Leader Skill Description": "Allied Water element units have their Attack increased by 10% and max HP increased by 7%.",
    "Active Skill 1": "Frost",
    "Active Skill 1 Description": "Grants a Frost Mark to 1 enemy. A unit with 2 frost marks gains the Frozen status effect for 120TU, this will overwrite other status effects on that unit. Frozen units can't act, have 90% damage reduction, and are immune to status effects. Units cannot be frost marked while they are frozen.",
    "Active Skill 2": "Ice Breaker",
    "Active Skill 2 Description": "500% damage to 1 enemy if they are Frozen, otherwise 150% damage instead. This attack ignores damage reduction from frozen, and removes frozen from the target.",
    "Active Skill 3": "Grant Frozen",
    "Active Skill 3 Description": "Grants the Frozen status effect to 1 Water ally for 120TU. Frozen units have 90% damage reduction, are immune to status effects, and can't act. This will overwrite other status effects on that unit. Frozen can be removed by taking damage a total of 2 times or through Purify skills.",
    "Active Skill 4": "Ice Shard",
    "Active Skill 4 Description": "350% damage to 2 enemies if at least 1 ally is Frozen, otherwise 100% damage instead. Removes frozen from allies.",
    "Passive Skill 1": "Spirit+ Revenge",
    "Passive Skill 1 Description": "Whenever this unit is defeated by an enemy, allies gain 3 Spirit.",
    "Passive Skill 2": "Frozen Regeneration",
    "Passive Skill 2 Description": "When this unit gets a turn, any Frozen ally will heal 30% of their max HP.",
    "Passive Skill 3": "Attack Up Lv3",
    "Passive Skill 3 Description": "Adds 300 to this unit's Attack.",
    "Passive Skill 4": "G.axe Hunter Lv3",
    "Passive Skill 4 Description Description": "10% bonus to attacks against units equipped with Greataxes.",
    "Passive Skill 5": "HP Up Lv3",
    "Passive Skill 5 Description": "Adds 1200 to this unit's max HP.",
    "Passive Skill 6 Description": "Sword Mastery",
    "Passive Skill 6": "Can use weapon skills of Swords in addition to their original preferred weapon type."
  },
  {
    "quickview-portrait-image src": "https://evertaletoolbox2.runasp.net/files/images/monsters/small/ShadowElmina01_2.png",
    "Name": "Shadow Elmina",
    "icon36 src (2)": "https://evertaletoolbox2.runasp.net/files/ui/elements/Dark.png",
    "Cost": "0",
    "Attack": "208",
    "HP": "1,099",
    "SPD": "84",
    "icon36 src (3)": "https://evertaletoolbox2.runasp.net/files/ui/weapons/Spear.png",
    "Active Skill 1": "Smoke Screen",
    "Active Skill 1 Description": "Sacrifices the user to grant the Stealth status effect to 1 ally. This will overwrite other status effects on that unit. Stealthed units ignore the next enemy attack that would damage more than 1 target. Any damage will remove stealth.",
    "Active Skill 2": "Auto Guard",
    "Active Skill 2 Description": "This unit is a Guardian. For any enemy attack that would hit 1 or 2 other allies, this unit has a 60% chance to redirect 1 hit to itself instead. This unit will not redirect skills that don't deal damage."
  },
  {
    "quickview-portrait-image src": "https://evertaletoolbox2.runasp.net/files/images/monsters/small/ElminaRegular02_2.png",
    "Name": "Elmina",
    "Title": "Void Renegade",
    "icon36 src": "https://evertaletoolbox2.runasp.net/files/ui/app/RarityIconSsr01.png",
    "icon10 src": "https://evertaletoolbox2.runasp.net/files/ui/rarity/IconRainbowStar01.png",
    "icon10 src (6)": "https://evertaletoolbox2.runasp.net/files/ui/rarity/IconRainbowStar01.png",
    "icon36 src (2)": "https://evertaletoolbox2.runasp.net/files/ui/elements/Dark.png",
    "Cost": "34",
    "Attack": "1,327",
    "HP": "7,049",
    "SPD": "303",
    "icon36 src (3)": "https://evertaletoolbox2.runasp.net/files/ui/weapons/Spear.png",
    "Leader Skill": "Stealth Skills Up",
    "Leader Skill Description": "Allies add 80% to the damage % of Stealth Strike type skills. (e.g. Stealth Fury: 400% => 480% damage)",
    "Active Skill 1": "Attack",
    "Active Skill 1 Description": "Damage to 1 enemy and allies gain 2 Spirit.",
    "Active Skill 2": "Stealth Raid",
    "Active Skill 2 Description": "500% damage to 1 enemy. Usable if the user has the Stealth status effect. This attack ignores any enemy status effects, damage reduction effects, revenge passive skills, and skin passive skills.",
    "Active Skill 3": "Shadow Clone",
    "Active Skill 3 Description": "Exchanges the user with 1 Shadow Elmina. The user is sent to the next in line of allied reinforcements. Cannot be used if there are 3 or fewer allies left, or if there already is a Shadow Elmina among allies on the battlefield.",
    "Active Skill 4": "Stealth Ambush",
    "Active Skill 4 Description": "400% damage to 2 enemies. Usable only if 4 allies have the Stealth status effect. This attack ignores any enemy status effects (including Stealth), damage reduction effects, revenge passive skills, and skin passive skills.",
    "Passive Skill 1": "Shadow Entry",
    "Passive Skill 1 Description": "This unit gains the Stealth status effect. All other allies also gain stealth if another ally already has stealth. Triggered when this unit enters the battlefield from reinforcements. Stealthed units ignore the next enemy attack that would damage more than 1 target. Any damage will remove stealth.",
    "Passive Skill 2": "Shadow Regeneration",
    "Passive Skill 2 Description": "When this unit gets a turn, all allies with the Stealth status effect heal 15% of their max HP.",
    "Passive Skill 3": "Dark Resist Lv3",
    "Passive Skill 3 Description": "10% less damage from attacks by Dark units.",
    "Passive Skill 4": "HP Up Lv3",
    "Passive Skill 4 Description Description": "Adds 1200 to this unit's max HP.",
    "Passive Skill 5": "Attack Up Lv3",
    "Passive Skill 5 Description": "Adds 300 to this unit's Attack.",
    "Passive Skill 6 Description": "Greataxe Mastery",
    "Passive Skill 6": "Can use weapon skills of Greataxes in addition to their original preferred weapon type."
  },
  {
    "quickview-portrait-image src": "https://evertaletoolbox2.runasp.net/files/images/monsters/small/AngelFighter02_2.png",
    "Name": "Maxima",
    "Title": "Fiery Princess",
    "icon36 src": "https://evertaletoolbox2.runasp.net/files/ui/app/RarityIconSsr01.png",
    "icon10 src": "https://evertaletoolbox2.runasp.net/files/ui/rarity/IconRainbowStar01.png",
    "icon10 src (6)": "https://evertaletoolbox2.runasp.net/files/ui/rarity/IconRainbowStar01.png",
    "icon36 src (2)": "https://evertaletoolbox2.runasp.net/files/ui/elements/Fire.png",
    "Cost": "34",
    "Attack": "1,388",
    "HP": "6,746",
    "SPD": "433",
    "icon36 src (3)": "https://evertaletoolbox2.runasp.net/files/ui/weapons/Sword.png",
    "Leader Skill": "Fire ATK & HP Up",
    "Leader Skill Description": "Allied Fire element units have their Attack increased by 10% and max HP increased by 7%.",
    "Active Skill 1": "Brash Strike",
    "Active Skill 1 Description": "135% damage to 1 enemy and allies gain 1 Spirit. Reflects 30% of the damage to the user.",
    "Active Skill 2": "Crisis Avenger",
    "Active Skill 2 Description": "250% damage to 2 enemies. 400% damage instead to targets that have defeated 1+ units with attacks while on the battlefield. Usable only if the user's party has 1 or less Spirit.",
    "Active Skill 3": "Burn Command",
    "Active Skill 3 Description": "Immediately give 1 other ally the next turn by reducing their current TU to 0. Usable if the user is burned. Active skills that grant turns cannot be used on turns given by this skill.",
    "Active Skill 4": "Ignition",
    "Active Skill 4 Description": "The user gains the Burn status effect. This will overwrite other status effects on that unit. Any unit that deals damage to or is dealt damage by a unit with burn will also become burned.",
    "Passive Skill 1": "Crisis Armor",
    "Passive Skill 1 Description": "65% damage reduction from attacks while allies have 1 or less Spirit.",
    "Passive Skill 2": "Ignition Entry",
    "Passive Skill 2 Description": "The ally with the lowest TU gains the Burn status effect. Triggered when this unit enters the battlefield from the allied reinforcements. Any unit that deals damage to or is dealt damage by a unit with burn will also become burned.",
    "Passive Skill 3": "Hammer Resist Lv3",
    "Passive Skill 3 Description": "10% less damage from attacks by units equipped with Hammers.",
    "Passive Skill 4": "HP Up Lv3",
    "Passive Skill 4 Description Description": "Adds 1200 to this unit's max HP.",
    "Passive Skill 5": "Attack Up Lv3",
    "Passive Skill 5 Description": "Adds 300 to this unit's Attack.",
    "Passive Skill 6 Description": "Mace Mastery",
    "Passive Skill 6": "Can use weapon skills of Maces in addition to their original preferred weapon type."
  },
  {
    "quickview-portrait-image src": "https://evertaletoolbox2.runasp.net/files/images/monsters/small/WaterLancerGirl02_2.png",
    "Name": "Adena",
    "Title": "Blue Hurricane",
    "icon36 src": "https://evertaletoolbox2.runasp.net/files/ui/app/RarityIconSr01.png",
    "icon10 src": "https://evertaletoolbox2.runasp.net/files/ui/rarity/IconBlackStarGold01.png",
    "icon36 src (2)": "https://evertaletoolbox2.runasp.net/files/ui/elements/Water.png",
    "Cost": "28",
    "Attack": "898",
    "HP": "4,304",
    "SPD": "279",
    "icon36 src (3)": "https://evertaletoolbox2.runasp.net/files/ui/weapons/Spear.png",
    "Leader Skill": "Water Attack Up",
    "Leader Skill Description": "Allied Water element units have their Attack increased by 10%.",
    "Active Skill 1": "Attack",
    "Active Skill 1 Description": "Damage to 1 enemy and allies gain 2 Spirit.",
    "Active Skill 2": "Stealth Charge",
    "Active Skill 2 Description": "Grants the Stealth status effect to 1 ally. Usable only if there is at least 1 other Water ally. Stealth will overwrite other status effects on target unit. Stealthed units ignore the next enemy attack that would damage more than 1 target. Any damage will remove stealth.",
    "Active Skill 3": "Stealth Fury",
    "Active Skill 3 Description": "400% damage to 1 enemy. Usable if the user has the Stealth status effect. This attack ignores any enemy status effects, damage reduction effects, revenge passive skills, and skin passive skills.",
    "Active Skill 4": "Time Strike",
    "Active Skill 4 Description": "500% damage to 1 enemy if they have 130TU or more in the turn order. 600% damage if the target has 200TU or more.",
    "Passive Skill 1": "Stealthy Entry",
    "Passive Skill 1 Description": "This unit gains the Stealth status effect. Triggered when this unit enters the battlefield from reinforcements. Stealthed units ignore the next enemy attack that would damage more than 1 target. Any damage will remove stealth.",
    "Passive Skill 2": "Evade Poison",
    "Passive Skill 2 Description": "Poison cannot be applied to this unit while it has the Stealth status effect.",
    "Passive Skill 3": "Fire Resist Lv2",
    "Passive Skill 3 Description": "7% less damage from attacks by Fire units.",
    "Passive Skill 4": "HP Up Lv2",
    "Passive Skill 4 Description Description": "Adds 800 to this unit's max HP.",
    "Passive Skill 5": "Attack Up Lv2",
    "Passive Skill 5 Description": "Adds 200 to this unit's Attack.",
    "Passive Skill 6 Description": "Greataxe Mastery",
    "Passive Skill 6": "Can use weapon skills of Greataxes in addition to their original preferred weapon type."
  },
  {
    "quickview-portrait-image src": "https://evertaletoolbox2.runasp.net/files/images/monsters/small/SwimsuitLudmilla02_2.png",
    "Name": "Ludmilla",
    "Title": "Summertime Valkyrie",
    "icon36 src": "https://evertaletoolbox2.runasp.net/files/ui/app/RarityIconSsr01.png",
    "icon10 src": "https://evertaletoolbox2.runasp.net/files/ui/rarity/IconRainbowStar01.png",
    "icon10 src (6)": "https://evertaletoolbox2.runasp.net/files/ui/rarity/IconRainbowStar01.png",
    "icon36 src (2)": "https://evertaletoolbox2.runasp.net/files/ui/elements/Water.png",
    "Cost": "34",
    "Attack": "1,168",
    "HP": "7,849",
    "SPD": "163",
    "icon36 src (3)": "https://evertaletoolbox2.runasp.net/files/ui/weapons/Mace.png",
    "Leader Skill": "Water HP Up",
    "Leader Skill Description": "Allied Water element units have their max HP increased by 10%.",
    "Active Skill 1": "Attack",
    "Active Skill 1 Description": "Damage to 1 enemy and allies gain 2 Spirit.",
    "Active Skill 2": "Grant Stealth",
    "Active Skill 2 Description": "Grants the Stealth status effect to 2 allies. Usable if there is at least 1 other Water ally. Stealth will overwrite other status effects on target units. Stealthed units ignore the next enemy attack that would damage more than 1 target. Any damage will remove stealth.",
    "Active Skill 3": "Time Strike",
    "Active Skill 3 Description": "500% damage to 1 enemy if they have 130TU or more in the turn order. 600% damage if the target has 200TU or more.",
    "Active Skill 4": "Life Flip",
    "Active Skill 4 Description": "Exchanges the user's current HP with the amount of HP they have currently lost. Usable once per battle.",
    "Passive Skill 1": "Stealth Protect",
    "Passive Skill 1 Description": "This unit will gain Guard Once whenever another ally gains the Stealth status effect from an Active Skill during an ally turn. For the next enemy attack that would hit 1 or 2 other allies, 1 of the attacks is instead redirected to this unit. This unit will not redirect skills that don't deal damage. This effect will go away only if this unit redirects an attack, targeting this unit directly will not remove it. This unit cannot have the Counter Stance status effect while it has guard once.",
    "Passive Skill 2": "Endless Summer",
    "Passive Skill 2 Description": "This unit cannot be defeated while there are at least 2 allies with the Stealth status effect.",
    "Passive Skill 3": "Attack Up Lv3",
    "Passive Skill 3 Description": "Adds 300 to this unit's Attack.",
    "Passive Skill 4": "Fire Resist Lv3",
    "Passive Skill 4 Description Description": "10% less damage from attacks by Fire units.",
    "Passive Skill 5": "HP Up Lv3",
    "Passive Skill 5 Description": "Adds 1200 to this unit's max HP.",
    "Passive Skill 6 Description": "Axe Mastery",
    "Passive Skill 6": "Can use weapon skills of Axes in addition to their original preferred weapon type."
  },
  {
    "quickview-portrait-image src": "https://evertaletoolbox2.runasp.net/files/images/monsters/small/SwimsuitAstrid02_2.png",
    "Name": "Astrid",
    "Title": "Hero of Rigland (On Break)",
    "icon36 src": "https://evertaletoolbox2.runasp.net/files/ui/app/RarityIconSsr01.png",
    "icon10 src": "https://evertaletoolbox2.runasp.net/files/ui/rarity/IconRainbowStar01.png",
    "icon10 src (6)": "https://evertaletoolbox2.runasp.net/files/ui/rarity/IconRainbowStar01.png",
    "icon36 src (2)": "https://evertaletoolbox2.runasp.net/files/ui/elements/Water.png",
    "Cost": "34",
    "Attack": "1,250",
    "HP": "7,437",
    "SPD": "191",
    "icon36 src (3)": "https://evertaletoolbox2.runasp.net/files/ui/weapons/Katana.png",
    "Leader Skill": "Water ATK & HP Up",
    "Leader Skill Description": "Allied Water element units have their Attack increased by 10% and max HP increased by 7%.",
    "Active Skill 1": "Attack",
    "Active Skill 1 Description": "Damage to 1 enemy and allies gain 2 Spirit.",
    "Active Skill 2": "Stealth Charge",
    "Active Skill 2 Description": "Grants the Stealth status effect to 1 ally. Usable only if there is at least 1 other Water ally. Stealth will overwrite other status effects on target unit. Stealthed units ignore the next enemy attack that would damage more than 1 target. Any damage will remove stealth.",
    "Active Skill 3": "Stealth Raid",
    "Active Skill 3 Description": "500% damage to 1 enemy. Usable if the user has the Stealth status effect. This attack ignores any enemy status effects, damage reduction effects, revenge passive skills, and skin passive skills.",
    "Active Skill 4": "Stealth Banish",
    "Active Skill 4 Description": "Sends 1 enemy to the very back of the enemy reinforcements. Usable once per battle, and only if the user has the Stealth status effect while there are 1 or more enemy reinforcements left.",
    "Passive Skill 1": "Evade Poison",
    "Passive Skill 1 Description": "Poison cannot be applied to this unit while it has the Stealth status effect.",
    "Passive Skill 2": "Stealth Revenge",
    "Passive Skill 2 Description": "Whenever this unit is defeated by an enemy, all allies gain the Stealth status effect if there is at least 1 other Water ally. This will overwrite other status effects on those units. Stealthed units ignore the next enemy attack that would damage more than 1 target. Any damage will remove stealth.",
    "Passive Skill 3": "HP Up Lv3",
    "Passive Skill 3 Description": "Adds 1200 to this unit's max HP.",
    "Passive Skill 4": "Sword Hunter Lv3",
    "Passive Skill 4 Description Description": "10% bonus to attacks against units equipped with Swords.",
    "Passive Skill 5": "Attack Up Lv3",
    "Passive Skill 5 Description": "Adds 300 to this unit's Attack.",
    "Passive Skill 6 Description": "Spear Mastery",
    "Passive Skill 6": "Can use weapon skills of Spears in addition to their original preferred weapon type."
  },
  {
    "quickview-portrait-image src": "https://evertaletoolbox2.runasp.net/files/images/monsters/small/WaterPriestess02_2.png",
    "Name": "Esma",
    "Title": "Bride of the Sea",
    "icon36 src": "https://evertaletoolbox2.runasp.net/files/ui/app/RarityIconSr01.png",
    "icon10 src": "https://evertaletoolbox2.runasp.net/files/ui/rarity/IconBlackStarGold01.png",
    "icon36 src (2)": "https://evertaletoolbox2.runasp.net/files/ui/elements/Water.png",
    "Cost": "28",
    "Attack": "713",
    "HP": "5,233",
    "SPD": "87",
    "icon36 src (3)": "https://evertaletoolbox2.runasp.net/files/ui/weapons/Staff.png",
    "Leader Skill": "Water HP Up",
    "Leader Skill Description": "Allied Water element units have their max HP increased by 7%.",
    "Active Skill 1": "Attack Two",
    "Active Skill 1 Description": "Damage to 2 enemies and allies gain 1 Spirit.",
    "Active Skill 2": "Grant Stealth",
    "Active Skill 2 Description": "Grants the Stealth status effect to 1 ally. This will overwrite other status effects on that unit. Stealthed units ignore the next enemy attack that would damage more than 1 target. Any damage will remove stealth.",
    "Active Skill 3": "Quicken",
    "Active Skill 3 Description": "User's TU costs for all of their skills are reduced by 20%. This will overwrite the effect of previous Quicken skills.",
    "Active Skill 4": "Give Turn",
    "Active Skill 4 Description": "Immediately give 1 other ally the next turn by reducing their current TU to 0. Active skills that grant turns cannot be used on turns given by this skill.",
    "Passive Skill 1": "Auto Guard",
    "Passive Skill 1 Description": "This unit is a Guardian. For any enemy attack that would hit 1 or 2 other allies, this unit has a 60% chance to redirect 1 hit to itself instead. This unit will not redirect skills that don't deal damage.",
    "Passive Skill 2": "Stealth Spirit+ Entry",
    "Passive Skill 2 Description": "Grants allies 2 Spirit for each ally with the Stealth status effect. Triggered when this unit enters the battlefield from reinforcements.",
    "Passive Skill 3": "Attack Up Lv2",
    "Passive Skill 3 Description": "Adds 200 to this unit's Attack.",
    "Passive Skill 4": "Dark Resist Lv2",
    "Passive Skill 4 Description Description": "7% less damage from attacks by Dark units.",
    "Passive Skill 5": "HP Up Lv2",
    "Passive Skill 5 Description": "Adds 800 to this unit's max HP.",
    "Passive Skill 6 Description": "Mace Mastery",
    "Passive Skill 6": "Can use weapon skills of Maces in addition to their original preferred weapon type."
  },
  {
    "quickview-portrait-image src": "https://evertaletoolbox2.runasp.net/files/images/monsters/small/DevilLady02_2.png",
    "Name": "Velsa",
    "Title": "Bearer of Corpses",
    "icon36 src": "https://evertaletoolbox2.runasp.net/files/ui/app/RarityIconSr01.png",
    "icon10 src": "https://evertaletoolbox2.runasp.net/files/ui/rarity/IconBlackStarGold01.png",
    "icon36 src (2)": "https://evertaletoolbox2.runasp.net/files/ui/elements/Dark.png",
    "Cost": "28",
    "Attack": "841",
    "HP": "4,591",
    "SPD": "114",
    "icon36 src (3)": "https://evertaletoolbox2.runasp.net/files/ui/weapons/GreatAxe.png",
    "Leader Skill": "Dark Attack Up",
    "Leader Skill Description": "Allied Dark element units have their Attack increased by 10%.",
    "Active Skill 1": "Poison",
    "Active Skill 1 Description": "Grants the Poison status effect to 1 enemy. Allies gain 1 Spirit. This will overwrite other status effects on that unit.",
    "Active Skill 2": "Call Minion x2",
    "Active Skill 2 Description": "Adds 2 Kuromoris to the very end of the allied reinforcements. Requires at least 1 other Dark ally to activate. Usable once per battle.",
    "Active Skill 3": "Blood Nova",
    "Active Skill 3 Description": "Sacrifices the last unit in the allied reinforcements for 400% damage to 1 enemy. Usable only if there are 1 or more allied reinforcements left.",
    "Active Skill 4": "Blood Heal",
    "Active Skill 4 Description": "Sacrifices the last unit in the allied reinforcements to heal 1 ally for HP equal to 450% of the user's Attack. Cannot be used if there are no allied reinforcements left.",
    "Passive Skill 1": "Poison Revenge",
    "Passive Skill 1 Description": "Whenever this unit is defeated by an enemy, that enemy gains the Poison status effect. This will overwrite other status effects on that unit.",
    "Passive Skill 2": "Dark Veil",
    "Passive Skill 2 Description": "The Burn status effect cannot be applied to this unit while there is at least 1 other Dark ally.",
    "Passive Skill 3": "Staff Resist Lv2",
    "Passive Skill 3 Description": "7% less damage from attacks by units equipped with Staffs.",
    "Passive Skill 4": "HP Up Lv2",
    "Passive Skill 4 Description Description": "Adds 800 to this unit's max HP.",
    "Passive Skill 5": "Attack Up Lv2",
    "Passive Skill 5 Description": "Adds 200 to this unit's Attack.",
    "Passive Skill 6 Description": "Katana Mastery",
    "Passive Skill 6": "Can use weapon skills of Katanas in addition to their original preferred weapon type."
  },
  {
    "quickview-portrait-image src": "https://evertaletoolbox2.runasp.net/files/images/monsters/small/WhiteKnight02_2.png",
    "Name": "Lucius",
    "Title": "Fighter Against Fate",
    "icon36 src": "https://evertaletoolbox2.runasp.net/files/ui/app/RarityIconSsr01.png",
    "icon10 src": "https://evertaletoolbox2.runasp.net/files/ui/rarity/IconRainbowStar01.png",
    "icon10 src (6)": "https://evertaletoolbox2.runasp.net/files/ui/rarity/IconRainbowStar01.png",
    "icon36 src (2)": "https://evertaletoolbox2.runasp.net/files/ui/elements/Light.png",
    "Cost": "34",
    "Attack": "1,151",
    "HP": "7,933",
    "SPD": "89",
    "icon36 src (3)": "https://evertaletoolbox2.runasp.net/files/ui/weapons/GreatSword.png",
    "Leader Skill": "Light ATK & HP Up",
    "Leader Skill Description": "Allied Light element units have their Attack increased by 10% and max HP increased by 7%.",
    "Active Skill 1": "Attack",
    "Active Skill 1 Description": "Damage to 1 enemy and allies gain 2 Spirit.",
    "Active Skill 2": "Over Drive",
    "Active Skill 2 Description": "350% damage to 2 enemies. Usable only if the user's party has 7 or more Spirit.",
    "Active Skill 3": "Desperate Spirit",
    "Active Skill 3 Description": "Allies are granted 4 spirit. Usable only if the user's HP is at 50% or less.",
    "Active Skill 4": "Final Stand",
    "Active Skill 4 Description": "500% damage to 1 enemy. Usable only if the user has no allies on the battlefield.",
    "Passive Skill 1": "Spirit Armor",
    "Passive Skill 1 Description": "50% damage reduction from attacks while allies have 7 or more spirit.",
    "Passive Skill 2": "Augment: Counter",
    "Passive Skill 2 Description": "This unit gains the Counter Stance status effect after dealing damage with an attack. This will overwrite other status effects on this unit. For 150TU, the next time the unit with counter stance takes damage from an enemy attack, it will become their turn. Counter stance cannot be gained if the user already has the Counter Stance status effect or has gotten the current turn from Counter Stance.",
    "Passive Skill 3": "G.sword Resist Lv3",
    "Passive Skill 3 Description": "10% less damage from attacks by units equipped with Greatswords.",
    "Passive Skill 4": "HP Up Lv3",
    "Passive Skill 4 Description Description": "Adds 1200 to this unit's max HP.",
    "Passive Skill 5": "Attack Up Lv3",
    "Passive Skill 5 Description": "Adds 300 to this unit's Attack.",
    "Passive Skill 6 Description": "Spear Mastery",
    "Passive Skill 6": "Can use weapon skills of Spears in addition to their original preferred weapon type."
  }
]