[
  {
    "quickview-portrait-image src": "https://evertaletoolbox2.runasp.net/files/images/monsters/small/ReiBride02_2.png",
    "Name": "Rei",
    "Title": "Sakura Bride",
    "icon36 src (2)": "https://evertaletoolbox2.runasp.net/files/ui/elements/Fire.png",
    "Attack": "1,194",
    "HP": "8,450",
    "SPD": "287",
    "icon36 src (3)": "https://evertaletoolbox2.runasp.net/files/ui/weapons/GreatAxe.png",
    "Leader Skill": "Fire ATK & HP Up",
    "Leader Skill Description": "Allied Fire element units have their Attack increased by 10% and max HP increased by 7%.",
    "Active Skill 1": "Burn Blast Strike",
    "Active Skill 1 Description": "Damage to 2 enemies. 175% damage if the user is burning. 250% damage if there are at least 4 units with the Burn status effect.",
    "Active Skill 2": "Ignition Heal",
    "Active Skill 2 Description": "Heal 1 ally for 200% of the user's Attack, then heal the user for 200% of the user's Attack. Both gain the Burn status effect. This will overwrite other status effects on those units. Any unit that deals damage to or is dealt damage by a unit with burn will also become burned. Usable only if the user is not burning already.",
    "Active Skill 3": "Intense Burn",
    "Active Skill 3 Description": "All allies that have the Burn status effect will have the TU costs for all of their skills reduced by 20%, and until the end of their next turn their Attack is increased to 1.5x. This will overwrite the effects of other Quicken and Enrage skills.",
    "Active Skill 4": "Survivor's Drain",
    "Active Skill 4 Description": "500% damage to 2 enemies and heals the user for 50% of max HP if damage is dealt. Locked for 300TU after the user has entered the battlefield.",
    "Passive Skill 1": "Burning Heart",
    "Passive Skill 1 Description": "If this unit would be defeated while it has the Burn status effect, it instead survives with 1 HP, then burn is removed from this unit.",
    "Passive Skill 2": "Auto Barrier",
    "Passive Skill 2 Description": "Grants all allies 35% damage reduction from attacks while this unit is on the battlefield and there is no Guardian among allies. This effect does not stack with itself if another ally has this passive skill, or with other Barrier type skills.",
    "Passive Skill 3": "Attack Up Lv3",
    "Passive Skill 3 Description": "Adds 300 to this unit's Attack.",
    "Passive Skill 4": "Stun Resist Lv3",
    "Passive Skill 4 Description Description": "Reduces the amount of any stun effects against this unit by 20TU.",
    "Passive Skill 5": "HP Up Lv3",
    "Passive Skill 5 Description": "Adds 1200 to this unit's max HP.",
    "Passive Skill 6 Description": "Hammer Mastery",
    "Passive Skill 6": "Can use weapon skills of Hammers in addition to their original preferred weapon type."
  },
  {
    "quickview-portrait-image src": "https://evertaletoolbox2.runasp.net/files/images/monsters/small/CallenBride02_2.png",
    "Name": "Callen",
    "Title": "Dragon Bride",
    "icon36 src (2)": "https://evertaletoolbox2.runasp.net/files/ui/elements/Light.png",
    "Attack": "1,332",
    "HP": "7,760",
    "SPD": "313",
    "icon36 src (3)": "https://evertaletoolbox2.runasp.net/files/ui/weapons/Spear.png",
    "Leader Skill": "Light ATK & HP Up",
    "Leader Skill Description": "Allied Light element units have their Attack increased by 10% and max HP increased by 7%.",
    "Active Skill 1": "Armor Attack",
    "Active Skill 1 Description": "Damage to 1 enemy. The user is also granted the Armor status effect. This will overwrite other status effects on the user. Armor grants 50% damage reduction from the next attack, then the effect is removed.",
    "Active Skill 2": "Sleep Swap",
    "Active Skill 2 Description": "Grants 1 enemy the Sleep status effect for 200TU and exchanges the user with 1 Shiromori. This will overwrite other status effects on that enemy. The user is sent to the next in line of allied reinforcements. Cannot be used if there are 3 or fewer allies left, and is locked if the user enters the battlefield from reinforcements until the user activates another active skill. Sleep cannot be applied to a unit that Has Slept while on the battlefield.",
    "Active Skill 3": "Nightmare Assassin",
    "Active Skill 3 Description": "600% damage to 1 enemy if they are sleeping. Damage from this skill will not wake up the enemy and ignores damage reduction effects.",
    "Active Skill 4": "Guard Knockout",
    "Active Skill 4 Description": "500% damage to 1 enemy if they are a Guardian, then grants that Guardian the Sleep status effect for 200TU, even if they have already slept while on the battlefield. This will overwrite other status effects on that Guardian. Usable only if no enemy Guardian is sleeping.",
    "Passive Skill 1": "Divine Healing",
    "Passive Skill 1 Description": "If this unit takes damage from an attack and survives until after the end of the turn, this unit will heal for 25% of max HP.",
    "Passive Skill 2": "Lightspeed Entry",
    "Passive Skill 2 Description": "This unit will immediately get the turn by having its TU reduced to 0 whenever it enters the battlefield from reinforcements.",
    "Passive Skill 3": "Attack Up Lv3",
    "Passive Skill 3 Description": "Adds 300 to this unit's Attack.",
    "Passive Skill 4": "Sword Hunter Lv3",
    "Passive Skill 4 Description Description": "10% bonus to attacks against units equipped with Swords.",
    "Passive Skill 5": "HP Up Lv3",
    "Passive Skill 5 Description": "Adds 1200 to this unit's max HP.",
    "Passive Skill 6 Description": "Greatsword Mastery",
    "Passive Skill 6": "Can use weapon skills of Greatswords in addition to their original preferred weapon type."
  },
  {
    "quickview-portrait-image src": "https://evertaletoolbox2.runasp.net/files/images/monsters/small/CowGirl02_2.png",
    "Name": "Momoka",
    "Title": "Mysterious Shrine Maiden",
    "icon36 src (2)": "https://evertaletoolbox2.runasp.net/files/ui/elements/Water.png",
    "Attack": "1,124",
    "HP": "8,800",
    "SPD": "465",
    "icon36 src (3)": "https://evertaletoolbox2.runasp.net/files/ui/weapons/Mace.png",
    "Leader Skill": "Water HP Up",
    "Leader Skill Description": "Allied Water element units have their max HP increased by 10%.",
    "Active Skill 1": "Attack",
    "Active Skill 1 Description": "Grants 2 allies the Armor status effect. Grants the Stealth status effect instead if the ally has less than 50% of max HP. This will overwrite other status effects on those units. This skill becomes locked after use until the user activates another active skill. Armor grants 50% damage reduction from the next attack, then the effect is removed. Stealthed units ignore the next enemy attack that would damage more than 1 target. Any damage will remove stealth.",
    "Active Skill 2": "Defense Charm",
    "Active Skill 2 Description": "Enrages 1 Ally, increasing their Attack to 1.5x until the end of their next turn. Quickens that ally instead if they have defeated 1+ units with attacks while on the battlefield, reducing their TU costs for all of their skills by 20% until they leave the battlefield. This will overwrite the effect of previous Enrage or Quicken skills respectively. This skill becomes locked after use until the user activates another active skill.",
    "Active Skill 3": "Attack Charm",
    "Active Skill 3 Description": "300% damage to 1 enemy, and the user recovers HP by 30% of its own max HP. 500% damage and 50% HP recovered instead if the user's HP is at 25% or less. Unlocked each time this unit is damaged by an attack while it is a Guardian. This skill is locked again after each use or if the user leaves the battlefield.",
    "Active Skill 4": "Retribution Drain",
    "Active Skill 4 Description": "If there is another ally at 50% or less of max HP and no other ally Guardian, this unit will become a Guardian and will have 50% damage reduction from attacks until there is another ally Guardian. While this unit is a Guardian, for any enemy attack that would hit 1 or 2 other allies, this unit has a 100% chance to redirect 1 hit to itself instead. This unit will not redirect skills that don't deal damage.",
    "Passive Skill 1": "Emergency Guard",
    "Passive Skill 1 Description": "Whenever this unit is defeated by an enemy, that enemy gains the Sleep status effect for 200TU. This will overwrite other status effects on that unit. Sleep cannot be applied to a unit that Has Slept while on the battlefield.",
    "Passive Skill 2": "Sleep Revenge",
    "Passive Skill 2 Description": "Adds 1200 to this unit's max HP.",
    "Passive Skill 3": "HP Up Lv3",
    "Passive Skill 3 Description": "Adds 300 to this unit's Attack.",
    "Passive Skill 4": "Attack Up Lv3",
    "Passive Skill 4 Description Description": "10% less damage from attacks by units equipped with Axes.",
    "Passive Skill 5": "Axe Resist Lv3",
    "Passive Skill 5 Description": "Can use weapon skills of Staffs in addition to their original preferred weapon type.",
    "Passive Skill 6 Description": "Staff Mastery"
  },
  {
    "quickview-portrait-image src": "https://evertaletoolbox2.runasp.net/files/images/monsters/small/MyshaDark02_2.png",
    "Name": "Infernal Mysha",
    "Title": "Nine-Tailed Calamity",
    "icon36 src (2)": "https://evertaletoolbox2.runasp.net/files/ui/elements/Fire.png",
    "Attack": "1,380",
    "HP": "7,520",
    "SPD": "421",
    "icon36 src (3)": "https://evertaletoolbox2.runasp.net/files/ui/weapons/Katana.png",
    "Leader Skill": "Fire Attack Up",
    "Leader Skill Description": "Allied Fire element units have their Attack increased by 15%.",
    "Active Skill 1": "Attack Two",
    "Active Skill 1 Description": "Damage to 2 enemies and allies gain 2 Spirit.",
    "Active Skill 2": "Healing Ignition",
    "Active Skill 2 Description": "The user gains the Healing Burn status effect for 300TU. A unit with Healing Burn will heal after each turn at the same rate as Burn would deal damage instead of taking damage from Burn. This will overwrite other status effects on that unit and can replace the Burn status effect, but cannot be replaced by Burn. Any unit that deals damage to or is dealt damage by a unit with Healing Burn will gain the Burn status effect. Healing Burn will not be removed by Purify skills. Usable only if the user does not have Healing Burn already.",
    "Active Skill 3": "Savage Assassin",
    "Active Skill 3 Description": "400% damage to 2 enemies. This attack ignores enemy damage reduction effects. Usable if the user has defeated 1+ units with attacks while on the battlefield.",
    "Active Skill 4": "Burn Blast",
    "Active Skill 4 Description": "300% damage to 2 enemies. Usable if the user has the Burn status effect.",
    "Passive Skill 1": "Hunter's Armor",
    "Passive Skill 1 Description": "65% damage reduction from attacks unless this unit has defeated an enemy while on the battlefield.",
    "Passive Skill 2": "Final Spite",
    "Passive Skill 2 Description": "The first time this unit would be defeated by an attack while on the battlefield, it will instead survive with 1HP and become Enraged, then get a turn immediately by having its TU reduced to 0. This unit will be sacrificed at the end of that turn, and cannot be defeated by damage until that turn is taken. Enraged units have their Attack increased to 1.5x until the end of their next turn. This will overwrite the effect of other Enrage skills.",
    "Passive Skill 3": "Attack Up Lv3",
    "Passive Skill 3 Description": "Adds 300 to this unit's Attack.",
    "Passive Skill 4": "Dark Resist Lv3",
    "Passive Skill 4 Description Description": "10% less damage from attacks by Dark units.",
    "Passive Skill 5": "HP Up Lv3",
    "Passive Skill 5 Description": "Adds 1200 to this unit's max HP.",
    "Passive Skill 6 Description": "Spear Mastery",
    "Passive Skill 6": "Can use weapon skills of Spears in addition to their original preferred weapon type."
  },
  {
    "quickview-portrait-image src": "https://evertaletoolbox2.runasp.net/files/images/monsters/small/AntaresRegular02_2.png",
    "Name": "Antares",
    "Title": "Knight of the Sacred Fire",
    "icon36 src (2)": "https://evertaletoolbox2.runasp.net/files/ui/elements/Fire.png",
    "Attack": "1,444",
    "HP": "7,200",
    "SPD": "281",
    "icon36 src (3)": "https://evertaletoolbox2.runasp.net/files/ui/weapons/GreatSword.png",
    "Leader Skill": "Fire Attack Up",
    "Leader Skill Description": "Allied Fire element units have their Attack increased by 15%.",
    "Active Skill 1": "Brash Strike",
    "Active Skill 1 Description": "115% damage to 2 enemies and allies gain 2 Spirit. Reflects 10% of the total damage to the user.",
    "Active Skill 2": "Combo Drain",
    "Active Skill 2 Description": "300% damage to 2 enemies. Heals the user for 50% of max HP if damage is dealt. Unlocked each time the user damages an enemy with another attack. This skill is locked again after each use or if the user leaves the battlefield.",
    "Active Skill 3": "Ignition Wave",
    "Active Skill 3 Description": "Damage to all enemies. The user and all enemies hit by this attack gain the Burn status effect. This will overwrite other status effects on these units. Any unit that deals damage to or is dealt damage by a unit with burn will also become burned. Usable only if the user does not have burn already.",
    "Active Skill 4": "Burn Blast+",
    "Active Skill 4 Description": "400% damage to 1 enemy. Usable if the user has the Burn status effect.",
    "Passive Skill 1": "Auto Burn Drive",
    "Passive Skill 1 Description": "When a turn ends with 4+ units burning, this unit will become Enraged, having its Attack increased to 1.5x until the end of its next turn. This will overwrite the effect of previous Enrage skills. While 6+ units are burning any Attack increase from Enrage effects is increased to 2x.",
    "Passive Skill 2": "Burning Focus",
    "Passive Skill 2 Description": "This unit is not affected by stun effects while they have the Burn status effect.",
    "Passive Skill 3": "Attack Up Lv3",
    "Passive Skill 3 Description": "Adds 300 to this unit's Attack.",
    "Passive Skill 4": "G.sword Hunter Lv3",
    "Passive Skill 4 Description Description": "10% bonus to attacks against units equipped with Greatswords.",
    "Passive Skill 5": "HP Up Lv3",
    "Passive Skill 5 Description": "Adds 1200 to this unit's max HP.",
    "Passive Skill 6 Description": "Spear Mastery",
    "Passive Skill 6": "Can use weapon skills of Spears in addition to their original preferred weapon type."
  },
  {
    "quickview-portrait-image src": "https://evertaletoolbox2.runasp.net/files/images/monsters/small/EarthGoddess02_2.png",
    "Name": "Gaia",
    "Title": "Goddess of the Earth",
    "icon36 src (2)": "https://evertaletoolbox2.runasp.net/files/ui/elements/Earth.png",
    "Attack": "1,104",
    "HP": "8,900",
    "SPD": "169",
    "icon36 src (3)": "https://evertaletoolbox2.runasp.net/files/ui/weapons/Staff.png",
    "Leader Skill": "Earth HP Up",
    "Leader Skill Description": "Allied Earth element units have their max HP increased by 10%.",
    "Active Skill 1": "Poison",
    "Active Skill 1 Description": "Grants the Poison status effect to 2 enemies. Allies gain 2 Spirit. This will overwrite other status effects on those units.",
    "Active Skill 2": "Poison Heal",
    "Active Skill 2 Description": "Heals 2 allies for HP equal to 150% of this unit's attack if an enemy is poisoned. This increases by 150% for each enemy poisoned beyond the first, up to a max of 600%. Usable only if an enemy is poisoned.",
    "Active Skill 3": "Avenger's Drain",
    "Active Skill 3 Description": "300% damage to all enemies that have defeated 1+ units with attacks while on the battlefield. The user is healed for 25% of own max HP for each enemy hit that has defeated 1+ units with attacks while on the battlefield.",
    "Active Skill 4": "Mori Shield",
    "Active Skill 4 Description": "Adds 1 Chimori next in line of allied reinforcements. The user is then exchanged with that Chimori if there are already 4 allies on the battlefield.",
    "Passive Skill 1": "Poison Skin",
    "Passive Skill 1 Description": "Enemy units that deal damage to this unit get poisoned. This will overwrite other status effects on the attacker.",
    "Passive Skill 2": "Blessing Entry",
    "Passive Skill 2 Description": "Enrages the two allies with the lowest current TU, increasing their Attack to 1.5x until the end of their next turn. This will overwrite the effect of previous Enrage skills. Grants the Armor status effect to the two allies with the highest current TU. Armor grants 50% damage reduction from the next attack, then the effect is removed. Armor will overwrite other status affects. Triggered when this unit enters the battlefield from reinforcements.",
    "Passive Skill 3": "HP Up Lv3",
    "Passive Skill 3 Description": "Adds 1200 to this unit's max HP.",
    "Passive Skill 4": "Attack Up Lv3",
    "Passive Skill 4 Description Description": "Adds 300 to this unit's Attack.",
    "Passive Skill 5": "Earth Resist Lv3",
    "Passive Skill 5 Description": "10% less damage from attacks by Earth units.",
    "Passive Skill 6 Description": "Sword Mastery",
    "Passive Skill 6": "Can use weapon skills of Swords in addition to their original preferred weapon type."
  },
  {
    "quickview-portrait-image src": "https://evertaletoolbox2.runasp.net/files/images/monsters/small/ShutenDoji02_2.png",
    "Name": "Shuten-Douji",
    "Title": "Degenerate Oni Queen",
    "icon36 src (2)": "https://evertaletoolbox2.runasp.net/files/ui/elements/Dark.png",
    "Attack": "1,543",
    "HP": "6,705",
    "SPD": "419",
    "icon36 src (3)": "https://evertaletoolbox2.runasp.net/files/ui/weapons/Katana.png",
    "Leader Skill": "Dark Attack Up",
    "Leader Skill Description": "Allied Dark element units have their Attack increased by 15%.",
    "Active Skill 1": "Swift Poison",
    "Active Skill 1 Description": "50% damage to 1 enemy and then poisons them.",
    "Active Skill 2": "Stealth Call",
    "Active Skill 2 Description": "Grants the Stealth status effect to the user and adds 1 Kuromori to the very end of the allied reinforcements. This will overwrite other status effects on that unit. Stealthed units ignore the next enemy attack that would damage more than 1 target. Any damage will remove stealth. Usable if the user does not have the Stealth status effect.",
    "Active Skill 3": "Poison Drain",
    "Active Skill 3 Description": "400% damage to 1 enemy if they are poisoned. Heals the user for 50% of max HP if the target is poisoned.",
    "Active Skill 4": "Poison Blood Drain",
    "Active Skill 4 Description": "Sacrifices the last unit in the allied reinforcements for 400% damage to 1 enemy then poisons them. The user is healed for 50% of max HP if damage is dealt. Poison will overwrite other status effects on that enemy. Usable only if there are 1 or more allied reinforcements left.",
    "Passive Skill 1": "Poison Reaping",
    "Passive Skill 1 Description": "Adds 1 Kuromori to the very end of allied reinforcements. Triggered when this unit deals damage to a poisoned enemy with an attack.",
    "Passive Skill 2": "Stealth Power",
    "Passive Skill 2 Description": "This unit's Attack is increased to 1.5x while it has the Stealth status effect. This effect does not stack with Enrage skills.",
    "Passive Skill 3": "HP Up Lv3",
    "Passive Skill 3 Description": "Adds 1200 to this unit's max HP.",
    "Passive Skill 4": "Attack Up Lv3",
    "Passive Skill 4 Description Description": "Adds 300 to this unit's Attack.",
    "Passive Skill 5": "Staff Hunter Lv3",
    "Passive Skill 5 Description": "10% bonus to attacks against units equipped with Staffs.",
    "Passive Skill 6 Description": "Greataxe Mastery",
    "Passive Skill 6": "Can use weapon skills of Greataxes in addition to their original preferred weapon type."
  },
  {
    "quickview-portrait-image src": "https://evertaletoolbox2.runasp.net/files/images/monsters/small/MyshaIdolGirl02_2.png",
    "Name": "Mysha",
    "Title": "Fox-Eared Idol",
    "icon36 src (2)": "https://evertaletoolbox2.runasp.net/files/ui/elements/Light.png",
    "Attack": "1,221",
    "HP": "8,315",
    "SPD": "198",
    "icon36 src (3)": "https://evertaletoolbox2.runasp.net/files/ui/weapons/Sword.png",
    "Leader Skill": "Light Attack Up",
    "Leader Skill Description": "Allied Light element units have their Attack increased by 15%.",
    "Active Skill 1": "Attack",
    "Active Skill 1 Description": "Damage to 1 enemy and allies gain 2 Spirit.",
    "Active Skill 2": "Vigor Launcher",
    "Active Skill 2 Description": "300% damage to 1 enemy. This attack ignores enemy damage reduction effects. If that enemy is not defeated and has any reinforcements, pushes the enemy away from the battlefield to be next in line of the enemy reinforcements, or to the very back of the enemy reinforcements if they survived the attack with 1HP remaining. Usable only if the user's HP is at 75%+.",
    "Active Skill 3": "Spirit Heart",
    "Active Skill 3 Description": "The user is healed for 100% of own max HP. Allies gain 3 Spirit. Usable only if the user's HP is at 25% or less.",
    "Active Skill 4": "Survivor's Fury",
    "Active Skill 4 Description": "500% damage to 2 enemies. Locked for 300TU after the user has entered the battlefield.",
    "Passive Skill 1": "Song of Vigor",
    "Passive Skill 1 Description": "While this unit's HP is at 50%+, it has 50% damage reduction from attacks and will heal 25% of its max HP when it gets the turn.",
    "Passive Skill 2": "Hold Ground+",
    "Passive Skill 2 Description": "If this unit would be defeated, it instead survives with 1 HP and then cannot be defeated until its next turn. This effect can trigger only once each time this unit enters the battlefield.",
    "Passive Skill 3": "Attack Up Lv3",
    "Passive Skill 3 Description": "Adds 300 to this unit's Attack.",
    "Passive Skill 4": "HP Up Lv3",
    "Passive Skill 4 Description Description": "Adds 1200 to this unit's max HP.",
    "Passive Skill 5": "Sword Resist Lv3",
    "Passive Skill 5 Description": "10% less damage from attacks by units equipped with Swords.",
    "Passive Skill 6 Description": "Axe Mastery",
    "Passive Skill 6": "Can use weapon skills of Axes in addition to their original preferred weapon type."
  },
  {
    "quickview-portrait-image src": "https://evertaletoolbox2.runasp.net/files/images/monsters/small/AstridBride02_2.png",
    "Name": "Astrid",
    "Title": "Red Dragon Bride",
    "icon36 src (2)": "https://evertaletoolbox2.runasp.net/files/ui/elements/Fire.png",
    "Attack": "989",
    "HP": "13,098",
    "SPD": "352",
    "icon36 src (3)": "https://evertaletoolbox2.runasp.net/files/ui/weapons/GreatSword.png",
    "Leader Skill": "Fire HP Up",
    "Leader Skill Description": "Allied Fire element units have their max HP increased by 10%.",
    "Active Skill 1": "Attack",
    "Active Skill 1 Description": "Damage to 1 enemy and allies gain 2 Spirit.",
    "Active Skill 2": "Ignition Charge",
    "Active Skill 2 Description": "The user gains the Burn status effect and allies gain 2 Spirit. Usable only if the user does not have burn already. This will overwrite other status effects on the user. Any unit that deals damage to or is dealt damage by a unit with burn will also become burned.",
    "Active Skill 3": "Flame of Rigland",
    "Active Skill 3 Description": "150% damage to all enemies, this attack ignores skin passive skills and the Counter Stance status effect. All allies are healed for 150% of the user's attack. All allies will become burned. This will overwrite other status effects on those allies. Any unit that deals damage to or is dealt damage by a unit with burn will also become burned. Usable if the user has the Burn status effect.",
    "Active Skill 4": "Flip Inferno",
    "Active Skill 4 Description": "750% damage to 1 enemy, and exchanges the user's current HP with the amount of HP the user has currently lost. The user is then granted the Burn status effect. This will overwrite other status effects on the user. Any unit that deals damage to or is dealt damage by a unit with burn will also become burned. Usable if the user is not at max HP.",
    "Passive Skill 1": "Divine Guard",
    "Passive Skill 1 Description": "If this unit takes damage from an attack and survives until after the end of the turn, this unit will heal for 10% of max HP. This unit is a Guardian. For any enemy attack that would hit 1 or 2 other allies, this unit has a 100% chance to redirect 1 hit to itself instead. This unit will not redirect skills that don't deal damage.",
    "Passive Skill 2": "Burn Focus Armor",
    "Passive Skill 2 Description": "While this unit has the Burn status effect, it is not affected by stun effects and has 50% damage reduction from attacks.",
    "Passive Skill 3": "HP Up Lv3",
    "Passive Skill 3 Description": "Adds 1200 to this unit's max HP.",
    "Passive Skill 4": "Attack Up Lv3",
    "Passive Skill 4 Description Description": "Adds 300 to this unit's Attack.",
    "Passive Skill 5": "Fire Resist Lv3",
    "Passive Skill 5 Description": "10% less damage from attacks by Fire units.",
    "Passive Skill 6 Description": "Hammer Mastery",
    "Passive Skill 6": "Can use weapon skills of Hammers in addition to their original preferred weapon type."
  },
  {
    "quickview-portrait-image src": "https://evertaletoolbox2.runasp.net/files/images/monsters/small/HorseIdolGirl02_2.png",
    "Name": "Sakura",
    "Title": "Thoroughbred Idol",
    "icon36 src (2)": "https://evertaletoolbox2.runasp.net/files/ui/elements/Light.png",
    "Attack": "1,298",
    "HP": "7,930",
    "SPD": "330",
    "icon36 src (3)": "https://evertaletoolbox2.runasp.net/files/ui/weapons/Mace.png",
    "Leader Skill": "Light Attack Up",
    "Leader Skill Description": "Allied Light element units have their Attack increased by 15%.",
    "Active Skill 1": "Attack & Heal",
    "Active Skill 1 Description": "Damage to 1 enemy, and heals 1 random ally that does not have max HP for 25% of that ally's max HP.",
    "Active Skill 2": "Over Drive+",
    "Active Skill 2 Description": "600% damage to 1 enemy. Usable only if the user's party has 6 or more Spirit.",
    "Active Skill 3": "Rage Promise",
    "Active Skill 3 Description": "The user's Attack is increased to 1.5x until the end of its next turn. This will overwrite the effect of previous Enrage skills. This skill becomes locked after use until the user deals damage with an attack.",
    "Active Skill 4": "Savage Force",
    "Active Skill 4 Description": "500% damage to 1 enemy. Usable if the user has defeated 1+ units with attacks while on the battlefield.",
    "Passive Skill 1": "Song of Purification",
    "Passive Skill 1 Description": "After each turn this unit gets while not sleeping, negative status effects like sleep, burn or poison will be removed from 1 random other ally that has a negative status effect. Allies gain 1 Spirit each time a status effect is removed by this skill.",
    "Passive Skill 2": "Armored Regeneration",
    "Passive Skill 2 Description": "When this unit gets a turn, it heals 30% of its max HP. After each turn this unit gets, it gains the Armor status effect unless it is sleeping. This will overwrite other status effects on this unit. Armor grants 50% damage reduction from the next attack, then the effect is removed.",
    "Passive Skill 3": "HP Up Lv3",
    "Passive Skill 3 Description": "Adds 1200 to this unit's max HP.",
    "Passive Skill 4": "Stun Resist Lv3",
    "Passive Skill 4 Description Description": "Reduces the amount of any stun effects against this unit by 20TU.",
    "Passive Skill 5": "Attack Up Lv3",
    "Passive Skill 5 Description": "Adds 300 to this unit's Attack.",
    "Passive Skill 6 Description": "Axe Mastery",
    "Passive Skill 6": "Can use weapon skills of Axes in addition to their original preferred weapon type."
  }
]