[
  {
    "quickview-portrait-image src": "https://evertaletoolbox2.runasp.net/files/images/monsters/small/PurpleHalfling01_2.png",
    "Name": "Urd Warrior",
    "icon10 src": "https://evertaletoolbox2.runasp.net/files/ui/rarity/IconBrownStarBronze01.png",
    "icon36 src": "https://evertaletoolbox2.runasp.net/files/ui/elements/Storm.png",
    "Cost": "8",
    "Attack": "291",
    "HP": "1,146",
    "SPD": "147",
    "icon36 src (2)": "https://evertaletoolbox2.runasp.net/files/ui/weapons/Mace.png",
    "Active Skill 1": "Attack",
    "Active Skill 1 Description": "Damage to 1 enemy and allies gain 1 Spirit.",
    "Active Skill 2": "Time Bolt",
    "Active Skill 2 Description": "300% damage to 1 enemy if they have 150TU or more in the turn order. 400% damage if the target has 200TU or more."
  },
  {
    "quickview-portrait-image src": "https://evertaletoolbox2.runasp.net/files/images/monsters/small/FighterGirl01_2.png",
    "Name": "Sellsword",
    "icon10 src": "https://evertaletoolbox2.runasp.net/files/ui/rarity/IconBrownStarBronze01.png",
    "icon36 src": "https://evertaletoolbox2.runasp.net/files/ui/elements/Earth.png",
    "Cost": "12",
    "Attack": "316",
    "HP": "1,496",
    "SPD": "214",
    "icon36 src (2)": "https://evertaletoolbox2.runasp.net/files/ui/weapons/Sword.png",
    "Active Skill 1": "Attack",
    "Active Skill 1 Description": "Damage to 1 enemy and allies gain 2 Spirit.",
    "Active Skill 2": "Survivor's Rage",
    "Active Skill 2 Description": "400% damage to 1 enemy. Locked for 300TU after the user has entered the battlefield.",
    "icon10 src (2)": "https://evertaletoolbox2.runasp.net/files/ui/rarity/IconBrownStarBronze01.png",
    "Active Skill 3": "Stealthy Entry",
    "Active Skill 3 Description": "This unit gains the Stealth status effect. Triggered when this unit enters the battlefield from reinforcements. Stealthed units ignore the next enemy attack that would damage more than 1 target. Any damage will remove stealth."
  },
  {
    "quickview-portrait-image src": "https://evertaletoolbox2.runasp.net/files/images/monsters/small/HelmetDemon01_2.png",
    "Name": "Gob Pilferer",
    "icon10 src": "https://evertaletoolbox2.runasp.net/files/ui/rarity/IconBrownStarBronze01.png",
    "icon36 src": "https://evertaletoolbox2.runasp.net/files/ui/elements/Fire.png",
    "Cost": "8",
    "Attack": "293",
    "HP": "1,138",
    "SPD": "146",
    "icon36 src (2)": "https://evertaletoolbox2.runasp.net/files/ui/weapons/Mace.png",
    "Active Skill 1": "Attack",
    "Active Skill 1 Description": "Damage to 1 enemy and allies gain 1 Spirit.",
    "Active Skill 2": "Dream Ender",
    "Active Skill 2 Description": "500% damage to 1 enemy if they are sleeping. Allies gain 3 Spirit if the target is asleep.",
    "Active Skill 3": "Spirit+ Revenge",
    "Active Skill 3 Description": "Whenever this unit is defeated by an enemy, allies gain 2 Spirit."
  },
  {
    "quickview-portrait-image src": "https://evertaletoolbox2.runasp.net/files/images/monsters/small/BranchOgre01_2.png",
    "Name": "Orc Ward",
    "icon36 src": "https://evertaletoolbox2.runasp.net/files/ui/elements/Dark.png",
    "Cost": "4",
    "Attack": "232",
    "HP": "1,012",
    "SPD": "132",
    "icon36 src (2)": "https://evertaletoolbox2.runasp.net/files/ui/weapons/Mace.png",
    "Active Skill 1": "Attack",
    "Active Skill 1 Description": "Damage to 1 enemy and allies gain 1 Spirit.",
    "Active Skill 2": "Over Flow",
    "Active Skill 2 Description": "300% damage to 1 enemy. Usable only if the user's party has 7 or more Spirit."
  },
  {
    "quickview-portrait-image src": "https://evertaletoolbox2.runasp.net/files/images/monsters/small/SailfinLizard01_2.png",
    "Name": "Salaak",
    "icon36 src": "https://evertaletoolbox2.runasp.net/files/ui/elements/Water.png",
    "Cost": "4",
    "Attack": "234",
    "HP": "1,004",
    "SPD": "135",
    "icon36 src (2)": "https://evertaletoolbox2.runasp.net/files/ui/weapons/Axe.png",
    "Active Skill 1": "Attack",
    "Active Skill 1 Description": "Damage to 1 enemy and allies gain 1 Spirit.",
    "Active Skill 2": "Over Flow",
    "Active Skill 2 Description": "300% damage to 1 enemy. Usable only if the user's party has 7 or more Spirit."
  },
  {
    "quickview-portrait-image src": "https://evertaletoolbox2.runasp.net/files/images/monsters/small/HoodedFrog01_2.png",
    "Name": "Bikki Punk",
    "icon10 src": "https://evertaletoolbox2.runasp.net/files/ui/rarity/IconBrownStarBronze01.png",
    "icon36 src": "https://evertaletoolbox2.runasp.net/files/ui/elements/Water.png",
    "Cost": "16",
    "Attack": "416",
    "HP": "1,616",
    "SPD": "264",
    "icon36 src (2)": "https://evertaletoolbox2.runasp.net/files/ui/weapons/Sword.png",
    "Active Skill 1": "Attack",
    "Active Skill 1 Description": "Damage to 1 enemy and allies gain 1 Spirit.",
    "Active Skill 2": "Vigor Impact",
    "Active Skill 2 Description": "250% damage to 1 enemy. Usable only if the user's HP is at 75%+.",
    "icon10 src (2)": "https://evertaletoolbox2.runasp.net/files/ui/rarity/IconBrownStarBronze01.png",
    "Active Skill 3": "Grant Stealth",
    "Active Skill 3 Description": "Grants the Stealth status effect to 1 ally. This will overwrite other status effects on that unit. Stealthed units ignore the next enemy attack that would damage more than 1 target. Any damage will remove stealth."
  },
  {
    "quickview-portrait-image src": "https://evertaletoolbox2.runasp.net/files/images/monsters/small/FireBird02_2.png",
    "Name": "Chardinal",
    "icon10 src": "https://evertaletoolbox2.runasp.net/files/ui/rarity/IconBrownStarBronze01.png",
    "icon36 src": "https://evertaletoolbox2.runasp.net/files/ui/elements/Fire.png",
    "Cost": "8",
    "Attack": "292",
    "HP": "1,142",
    "SPD": "142",
    "icon36 src (2)": "https://evertaletoolbox2.runasp.net/files/ui/weapons/Spear.png",
    "Active Skill 1": "Attack Two",
    "Active Skill 1 Description": "Damage to 2 enemies and allies gain 1 Spirit.",
    "Active Skill 2": "Link Burn",
    "Active Skill 2 Description": "175% damage to 1 enemy if there are 3 Fire allies. 225% damage if all 4 allies are Fire."
  },
  {
    "quickview-portrait-image src": "https://evertaletoolbox2.runasp.net/files/images/monsters/small/HammerPantsThief01_2.png",
    "Name": "Raider",
    "icon10 src": "https://evertaletoolbox2.runasp.net/files/ui/rarity/IconBrownStarBronze01.png",
    "icon36 src": "https://evertaletoolbox2.runasp.net/files/ui/elements/Fire.png",
    "Cost": "8",
    "Attack": "264",
    "HP": "1,254",
    "SPD": "144",
    "icon36 src (2)": "https://evertaletoolbox2.runasp.net/files/ui/weapons/Sword.png",
    "Active Skill 1": "Attack",
    "Active Skill 1 Description": "Damage to 1 enemy and allies gain 1 Spirit.",
    "Active Skill 2": "Brash Strike",
    "Active Skill 2 Description": "135% damage to 1 enemy and allies gain 1 Spirit. Reflects 30% of the damage to the user."
  }
]