[
  {
    "quickview-portrait-image src": "https://evertaletoolbox2.runasp.net/files/images/monsters/small/LudmillaNew02_2.png",
    "Name": "Ludmilla",
    "Title": "Avatar of Light",
    "icon36 src (2)": "https://evertaletoolbox2.runasp.net/files/ui/elements/Light.png",
    "Attack": "1,051",
    "HP": "9,165",
    "SPD": "334",
    "icon36 src (3)": "https://evertaletoolbox2.runasp.net/files/ui/weapons/Hammer.png",
    "Leader Skill": "Light HP Up",
    "Leader Skill Description": "Allied Light element units have their max HP increased by 10%.",
    "Active Skill 1": "Divine Strike",
    "Active Skill 1 Description": "75% Damage to 1 enemy. Damage doubles for each charge the user has stored (600% max). Then the user is granted 1 charge and the Counter Stance status effect for 300TU.\n\nCounter Stance will overwrite other status effects on the user. For 300TU, the next time the unit with counter stance takes damage from an enemy attack, it will become their turn. Certain skills are affected by and may consume charges. A unit can store a maximum of 3 charges, and all charges are removed from a unit that leaves the battlefield.",
    "Active Skill 2": "Combo Drive",
    "Active Skill 2 Description": "600% damage to 2 enemies. Heals all allies for 500% of the user's attack if damage is dealt. All enemies hit by this attack will become Weakened, this will overwrite any existing Weak or Enrage effects on those units. This attack ignores damage reduction effects. Unlocked each time the user damages an enemy with another attack. This skill is locked again after each use or if the user leaves the battlefield.\n\nWeakened units have their Attack reduced to 0.75x until the end of their next turn. The effect of Weakening may be diminished if the affected unit's Attack is increased by other effects and it can be overwritten by Enrage effects.",
    "Active Skill 3": "Light's Embrace",
    "Active Skill 3 Description": "Immediately give all other allies that are below 50% of max HP the next turns by reducing their current TU. Active skills that grant turns cannot be used by any affected units until after they have had the turn. Then heals those allies for 100% of their max HP, and Purifies them (removes negative status effects like Sleep, Burn or Poison). The user is granted 1 charge for each affected ally. Usable if at least 1 other ally on the battlefield has less than 50% of max HP and if the user has no ally Guardian on the battlefield.",
    "Active Skill 4": "Divine Purification",
    "Active Skill 4 Description": "Removes negative status effects like Sleep, Burn or Poison from 1 ally. Then grants them a Purify Chain if there is no Purify Chain among allies. A unit with a Purify Chain will Purify another random ally after their turn, then they will pass the Purify Chain to that ally. Purify Chains will end only if the unit with the Purify Chain is defeated, leaves the battlefield, or falls asleep. This skill becomes locked for 10TU after use.",
    "Passive Skill 1": "Barrier of Light",
    "Passive Skill 1 Description": "When this unit enters the battlefield and at the end of each turn, if there is no ally Guardian on the battlefield, this unit will become a Stun Absorber (Whenever any ally would be affected by stun, this unit takes the stun instead). At end of each turn, if there is an ally Guardian on the battlefield, this unit will stop being a Stun Absorber.\n\nThis unit has 50% damage reduction from attacks, and is not affected by damage reduction effects granted by ally Barrier type skills.\n\nGrants all other allies 35% damage reduction from attacks while this unit is on the battlefield and there is no Guardian among allies. This effect does not stack with itself if another ally has this passive skill, or with other Barrier type skills.\n\nEach time this unit takes damage from an attack and survives until after the end of the turn, Weaken all enemies. If this unit survives until after the end of the turn with more than 1 HP, this unit will gain 1 Charge and heal 30% of max HP.",
    "Passive Skill 2": "Divine Intervention",
    "Passive Skill 2 Description": "If an acting enemy unit has had the turn 2 or more times already within the last 10TU, they are granted the Sleep status effect for 50TU at the end of their turn, even if they have already slept while on the battlefield.\n\nWhenever a non-conjured unit on the battlefield is defeated or sacrificed by any source, this unit will gain the Counter Stance status effect for 300TU.\n\nThis unit enters battle with 1 Charge. If this unit would be defeated while it has any charges, this unit will consume 1 charge to survive with 1HP remaining instead.",
    "Passive Skill 3": "Attack Up Lv3",
    "Passive Skill 3 Description": "Adds 300 to this unit's Attack.",
    "Passive Skill 4": "HP Up Lv3",
    "Passive Skill 4 Description Description": "Adds 1200 to this unit's max HP.",
    "Passive Skill 5": "G.sword Resist Lv3",
    "Passive Skill 5 Description": "10% less damage from attacks by units equipped with Greatswords.",
    "Passive Skill 6 Description": "Greatsword Mastery",
    "Passive Skill 6": "Can use weapon skills of Greatswords in addition to their original preferred weapon type."
  },
  {
    "quickview-portrait-image src": "https://evertaletoolbox2.runasp.net/files/images/monsters/small/KaguyahimeSwimsuit02_2.png",
    "Name": "Kaguya",
    "Title": "Seaside Rabbit Princess",
    "icon36 src (2)": "https://evertaletoolbox2.runasp.net/files/ui/elements/Fire.png",
    "Attack": "1,503",
    "HP": "6,905",
    "SPD": "405",
    "icon36 src (3)": "https://evertaletoolbox2.runasp.net/files/ui/weapons/Staff.png",
    "Leader Skill": "Fire ATK & HP Up",
    "Leader Skill Description": "Allied Fire element units have their Attack increased by 10% and max HP increased by 7%.",
    "Active Skill 1": "Lantern Flare",
    "Active Skill 1 Description": "Damage to 1 Enemy, 500% damage instead if the user is burning. Then the user is granted the Burn status effect. This will overwrite other status effects on the user. Allies gain Spirit equal to the number of burning units on the battlefield after this attack. Any unit that deals damage to or is dealt damage by a unit with burn will also become burned.",
    "Active Skill 2": "Trail of Flames",
    "Active Skill 2 Description": "200% damage to all enemies. 400% damage instead to each burning target. 600% damage instead to each target that is a Guardian. Unlocked each time the user damages an enemy with another attack. This skill is locked again after each use or if the user leaves the battlefield. Usable only if there is an enemy Guardian on the battlefield.",
    "Active Skill 3": "Meteor Strike",
    "Active Skill 3 Description": "600% damage to 2 enemies, and stuns each enemy that is dealt damage for 100TU. This attack ignores the Stealth and Counter Stance Status Effects, the effects of Skin passive skills, and Revenge passive skills. Usable if the user has the Burn status effect.",
    "Active Skill 4": "Lantern Festival",
    "Active Skill 4 Description": "All allies with Burn Blast or Burn Drive type active skills are granted the Burn status effect, and will have the TU costs for all of their skills reduced by 30%. This will overwrite the effects of other Quicken skills. Then if all allies are burning, the user gains the Mega Healing Burn status effect for 100TU. This skill becomes locked for 150TU after use. Usable if the user is not burning.\n\nBurn will overwrite other status effects on affected units. A unit with Mega Healing Burn will heal after each turn at 20 times the rate as Healing Burn. This will overwrite other status effects including Healing Burn on the user, cannot be overwritten by Burn, Poison or Sleep status effects, and cannot be Purified. Any unit that deals damage to or is dealt damage by a unit with Mega Healing Burn will gain the Burn status effect. A unit with Mega Healing Burn will be granted Healing Burn for 300TU when Mega Healing Burn expires.",
    "Passive Skill 1": "Burning Moon",
    "Passive Skill 1 Description": "Grants a random enemy the Burn status effect. Triggers after each enemy turn if no enemy is burning already. When this unit or a Burning ally gets a turn, this unit heals 30% of its max HP.\n\nAll allies with Burn Blast or Burn Drive type active skills gain the Burn status effect. Then if all allies have the burn status effect, this unit gains the Mega Healing Burn status effect for 100TU. Triggered at the very start of the battle if this unit is on the battlefield. This will overwrite other status effects on those allies.\n\nIf this unit is burning and has defeated 3+ units with attacks while on the battlefield, this unit's attacks will ignore any effects of non-boss enemies that would prevent the target from being defeated.",
    "Passive Skill 2": "Lunar Focus",
    "Passive Skill 2 Description": "This unit cannot be defeated by damage from Burn status effects. This unit is not affected by stun effects. This unit has 50% damage reduction from attacks if this unit is not burning or sleeping.\n\nIf this unit is burning, this unit has:\n- Hold Ground (if this unit would be defeated by an enemy attack or a status effect while having more than 1 HP, it instead survives with 1 HP)\n- 100% chance to ignore attacks that would damage exactly 2 targets. Attacks that target All allies will not be ignored.\n- TU costs for all active skills reduced by 40%. This effect does not stack with Quicken skills.",
    "Passive Skill 3": "HP Up Lv3",
    "Passive Skill 3 Description": "Adds 1200 to this unit's max HP.",
    "Passive Skill 4": "Attack Up Lv3",
    "Passive Skill 4 Description Description": "Adds 300 to this unit's Attack.",
    "Passive Skill 5": "Axe Resist Lv3",
    "Passive Skill 5 Description": "10% less damage from attacks by units equipped with Axes.",
    "Passive Skill 6 Description": "Sword Mastery",
    "Passive Skill 6": "Can use weapon skills of Swords in addition to their original preferred weapon type."
  },
  {
    "quickview-portrait-image src": "https://evertaletoolbox2.runasp.net/files/images/monsters/small/OkitaRegular02_2.png",
    "Name": "Okita",
    "Title": "Shinsengumi's Finest",
    "icon36 src (2)": "https://evertaletoolbox2.runasp.net/files/ui/elements/Earth.png",
    "Attack": "1,328",
    "HP": "7,780",
    "SPD": "379",
    "icon36 src (3)": "https://evertaletoolbox2.runasp.net/files/ui/weapons/Katana.png",
    "Leader Skill": "Earth HP Up",
    "Leader Skill Description": "Allied Earth element units have their max HP increased by 10%.",
    "Active Skill 1": "Trinity Thrust",
    "Active Skill 1 Description": "75% damage to 1 enemy. 500% damage instead if the user has stealth. Then the user is granted Stealth, and a Stealth Shield.\n\nStealth will overwrite other Status effects on the user. Stealth Shields prevent the next other status effect a unit would gain while Stealthed from applying. Stealthed units ignore the next enemy attack that would damage more than 1 target. Any damage will remove stealth.",
    "Active Skill 2": "Stealth Landslide",
    "Active Skill 2 Description": "Targets 2 enemies. 500% damage to targets that are not burning. Usable only if the user has the Stealth status effect. This attack ignores any enemy status effects (including Stealth), damage reduction effects, revenge passive skills, and skin passive skills. This skill becomes locked for 50TU after use.",
    "Active Skill 3": "Boundless Slash",
    "Active Skill 3 Description": "500% damage to 1 enemy, and the user is granted Stealth, a Stealth Shield, and 3 Charges. This attack ignores damage reduction effects.\n\nThe next damage the user deals with an Attack while on the battlefield will ignore any effects of non-boss enemies that would prevent the target from being defeated. Usable only if the user has no Charges stored.",
    "Active Skill 4": "Trinity Onslaught",
    "Active Skill 4 Description": "Damage 2 enemies, and then grants those enemies the Mega Poison status effect for 200TU if they are left with below 25% of max HP. 300% damage to targets that have survived 100TU or more, and are not burning. 600% damage to targets that have survived 200TU or more, and are not burning. This attack ignores damage reduction effects.\n\nMega Poison will overwrite other status effects on affected enemies. Mega Poison deals 20 times the damage of normal Poison and cannot be overwritten by normal Poison or Super Poison.",
    "Passive Skill 1": "Captain's Resolve",
    "Passive Skill 1 Description": "Unless this unit is burning, this unit is immune to Stun effects. Poison cannot be applied to this unit while it has the Stealth status effect. Until this unit has survived for 1000TU on the battlefield, this unit gains Stealth and a Stealth Shield every 100TU.\n\nThis unit's attacks heal this unit for 100% of total damage dealt. This unit enters battle with Stealth, a Stealth Shield, and 3 Charges. If this unit would be defeated while it has any charges, this unit will consume 1 charge to survive with 1HP remaining instead. Certain skills are affected by and may consume charges. A unit can store a maximum of 3 charges, and all charges are removed from a unit that leaves the battlefield.",
    "Passive Skill 2": "Vengeance Rampage",
    "Passive Skill 2 Description": "Whenever this unit defeats a non-conjured unit on the battlefield with an attack, the next damage this unit deals with an Attack while on the battlefield will ignore any effects of non-boss enemies that would prevent the target from being defeated.\n\nAllies gain the Stealth status effect, a Stealth Shield, 2 Spirit and will become Enraged. All of these effects are triggered whenever another non-conjured Ally on the battlefield is defeated or sacrificed by any source. This may not trigger if this unit is defeated or sacrificed at the same time. This will overwrite other status effects and the effects of other Enrage skills on those units. Enraged units have their Attack increased to 1.5x until the end of their next turn.",
    "Passive Skill 3": "Attack Up Lv3",
    "Passive Skill 3 Description": "Adds 300 to this unit's Attack.",
    "Passive Skill 4": "HP Up Lv3",
    "Passive Skill 4 Description Description": "Adds 1200 to this unit's max HP.",
    "Passive Skill 5": "Sleep Resist Lv3",
    "Passive Skill 5 Description": "Reduces the duration of any enemy sleep effects on this unit by 20TU.",
    "Passive Skill 6 Description": "Spear Mastery",
    "Passive Skill 6": "Can use weapon skills of Spears in addition to their original preferred weapon type."
  },
  {
    "quickview-portrait-image src": "https://evertaletoolbox2.runasp.net/files/images/monsters/small/HijikataRegular02_2.png",
    "Name": "Hijikata",
    "Title": "Demon Vice-Commander",
    "icon36 src (2)": "https://evertaletoolbox2.runasp.net/files/ui/elements/Water.png",
    "Attack": "1,413",
    "HP": "7,355",
    "SPD": "413",
    "icon36 src (3)": "https://evertaletoolbox2.runasp.net/files/ui/weapons/GreatSword.png",
    "Leader Skill": "Water ATK & HP Up",
    "Leader Skill Description": "Allied Water element units have their Attack increased by 10% and max HP increased by 7%.",
    "Active Skill 1": "Spirit Blast",
    "Active Skill 1 Description": "50% damage to 1 enemy. 300% damage instead every second time this skill is activated while on the battlefield. The user is granted Stealth, a Stealth Shield, and allies randomly gain either 3, 5 or 9 Spirit. This attack ignores damage reduction effects, the Counter Stance Status Effect, and the effects of Skin passive skills.\n\nStealth will overwrite other Status effects on the user. Stealth Shields prevent the next other status effect a unit would gain while Stealthed from applying. Stealthed units ignore the next enemy attack that would damage more than 1 target. Any damage will remove stealth.",
    "Active Skill 2": "Stealth Punisher",
    "Active Skill 2 Description": "500% damage to 2 enemies. Heals the user for 100% of max HP if damage is dealt. Allies gain 1 Spirit for each ally that has the Stealth status effect. Usable only if the user has the Stealth status effect. This attack ignores any enemy status effects (including Stealth), damage reduction effects, revenge passive skills, and skin passive skills.",
    "Active Skill 3": "Excessive Force",
    "Active Skill 3 Description": "600% damage to 1 enemy. This attack ignores any enemy status effects, damage reduction effects, revenge passive skills, and skin passive skills. Usable only if the user has the Stealth status effect, and allies have 6 or more Spirit. If this skill is used 3 times within 10TU, it becomes locked for 50TU.",
    "Active Skill 4": "Veil of Dread",
    "Active Skill 4 Description": "500% damage to 1 enemy if they are a Guardian. This attack ignores enemy damage reduction effects and any effects of non-boss enemies that would prevent the target from being defeated. Usable only if the user has no ally Guardian on the battlefield, and there is a Guardian among enemies on the battlefield. This skill becomes locked for 200TU after use.",
    "Passive Skill 1": "Unwavering Demon",
    "Passive Skill 1 Description": "Poison cannot be applied to this unit while it has the Stealth status effect.\n\nThis unit will immediately get the next turn by having its TU reduced to 0. Triggered when this unit enters the battlefield from reinforcements unless there is a non-Mori Guardian among allies on the battlefield.\n\nUnless there is a non-Mori Guardian among allies on the battlefield, this unit has:\n- Attack increased to 1.5x. This effect does not stack with Enrage skills.\n- TU costs for all active skills reduced by 40%. This effect does not stack with Quicken skills.",
    "Passive Skill 2": "Demonic Resolve",
    "Passive Skill 2 Description": "Each time this unit takes damage from an attack while its TU is 100 or less and survives until after the end of the turn with more than 1 HP, this unit will immediately get the turn by having its TU reduced to 0. Then this unit will heal for 30% of max HP, and gain Stealth, even if it survived with 1HP. This extra turn may be interrupted by other effects that influence the turn order (e.g. stuns targeting the lowest TU target). This is not considered a Counter Skin type effect.\n\nThis unit enters battle with 3 Charges. If this unit would be defeated while it has any charges, this unit will consume 1 charge to survive with 1HP remaining instead. Whenever a Stealthed ally gets the turn, this unit gains 1 charge at the end of the turn. Certain skills are affected by and may consume charges. A unit can store a maximum of 3 charges, and all charges are removed from a unit that leaves the battlefield.",
    "Passive Skill 3": "HP Up Lv3",
    "Passive Skill 3 Description": "Adds 1200 to this unit's max HP.",
    "Passive Skill 4": "Attack Up Lv3",
    "Passive Skill 4 Description Description": "Adds 300 to this unit's Attack.",
    "Passive Skill 5": "Spear Hunter Lv3",
    "Passive Skill 5 Description": "10% bonus to attacks against units equipped with Spears.",
    "Passive Skill 6 Description": "Greataxe Mastery",
    "Passive Skill 6": "Can use weapon skills of Greataxes in addition to their original preferred weapon type."
  },
  {
    "quickview-portrait-image src": "https://evertaletoolbox2.runasp.net/files/images/monsters/small/CleopatraDark02_2.png",
    "Name": "Dark Cleopatra",
    "Title": "Fallen Pharaoh",
    "icon36 src (2)": "https://evertaletoolbox2.runasp.net/files/ui/elements/Earth.png",
    "Attack": "1,499",
    "HP": "6,925",
    "SPD": "397",
    "icon36 src (3)": "https://evertaletoolbox2.runasp.net/files/ui/weapons/Axe.png",
    "Leader Skill": "Earth ATK & HP Up",
    "Leader Skill Description": "Allied Earth element units have their Attack increased by 10% and max HP increased by 7%.",
    "Active Skill 1": "Draining Shadow",
    "Active Skill 1 Description": "Grants 1 enemy the Mega Poison status effect for 200TU, and the user is granted Stealth, and a Stealth Shield. Steals up to 2 Spirit from enemies.\n\nThis will overwrite other status effects on that enemy. Mega Poison deals 20 times the damage of normal Poison and cannot be overwritten by normal Poison or Super Poison. Stealth will overwrite other Status effects on the user. Stealth Shields prevent the next other status effect a unit would gain while Stealthed from applying. Stealthed units ignore the next enemy attack that would damage more than 1 target. Any damage will remove stealth.",
    "Active Skill 2": "Dread Fumes",
    "Active Skill 2 Description": "Grants all non-burning allies Stealth, a Stealth Shield, and heals them for 500% of the user's attack. This will overwrite other status effects on those allies. Allies gain 1 Spirit for each Poisoned or Sleeping enemy on the battlefield. Then each non-burning enemy is randomly granted either Mega Poison for 200TU or Cursed Sleep for 200TU.\n\nUnlocked each time a non-conjured enemy on the battlefield is defeated or sacrificed by any source. This skill is locked again after each use or if the user leaves the battlefield. Cursed Sleep will overwrite status effects other than Burn, cannot be overwritten by Poison, can be applied repeatedly to units that have already slept while on the battlefield, and will not end from damage caused by Dream Hunter type active skills.",
    "Active Skill 3": "Dread Serpent",
    "Active Skill 3 Description": "Damages all enemies, 600% damage instead to all Poisoned or Sleeping enemies. This attack ignores damage reduction effects. All non-burning, non-sleeping enemies hit are then granted Mega Poison for 200TU. Damage from this attack does not wake up sleeping enemies.",
    "Active Skill 4": "Creeping Death",
    "Active Skill 4 Description": "600% damage to 1 enemy. Then, if that target is not burning, they are granted Lethal Poison for 999TU. Usable only if the user has Stealth. This skill is locked for 150TU after use.\n\nLethal Poison will overwrite other status effects on that enemy, cannot be overwritten by status effects other than Burn or Stealth, and cannot be Purified. Lethal Poison deals 2 times the damage of normal Poison and ignores passive skills or effects of active skills that would prevent the target from being defeated, other than those which specifically prevent defeat from Poison or non-attack damage. Lethal Poison cannot apply to Burning units or Boss units.",
    "Passive Skill 1": "Cold Blooded",
    "Passive Skill 1 Description": "Unless this unit is burning, this unit has 75% damage reduction from attacks and is immune to Stun effects.\n\nIf this unit would be defeated by an enemy attack or a status effect while having more than 1 HP, it instead survives with 1 HP.",
    "Passive Skill 2": "Plague Queen",
    "Passive Skill 2 Description": "This unit enters battle with a Poison Ward, Sleep Ward, Stealth, and Stealth Shield. Each Ward prevents their named effect from being applied once, then is removed. Identical Wards cannot stack.\n\nThis unit will have their TU costs reduced by 40% while there is a poisoned or sleeping enemy. Quicken effects will not further reduce this unit's TU costs.\n\nEach time an enemy with Cursed Sleep, Mega Poison or Lethal Poison gets the turn:\n\n- this unit heals for 30% of its max HP.\n- this unit steals up to 1 Spirit from the enemy team at the end of the turn.",
    "Passive Skill 3": "Attack Up Lv3",
    "Passive Skill 3 Description": "Adds 300 to this unit's Attack.",
    "Passive Skill 4": "HP Up Lv3",
    "Passive Skill 4 Description Description": "Adds 1200 to this unit's max HP.",
    "Passive Skill 5": "G.axe Resist Lv3",
    "Passive Skill 5 Description": "10% less damage from attacks by units equipped with Greataxes.",
    "Passive Skill 6 Description": "Sword Mastery",
    "Passive Skill 6": "Can use weapon skills of Swords in addition to their original preferred weapon type."
  },
  {
    "quickview-portrait-image src": "https://evertaletoolbox2.runasp.net/files/images/monsters/small/NapoleonRegular02_2.png",
    "Name": "Napoleon",
    "Title": "The Perfect Empress",
    "icon36 src (2)": "https://evertaletoolbox2.runasp.net/files/ui/elements/Storm.png",
    "Attack": "1,374",
    "HP": "7,550",
    "SPD": "483",
    "icon36 src (3)": "https://evertaletoolbox2.runasp.net/files/ui/weapons/Sword.png",
    "Leader Skill": "Storm ATK & HP Up",
    "Leader Skill Description": "Allied Storm element units have their Attack increased by 10% and max HP increased by 7%.",
    "Active Skill 1": "Revolution!",
    "Active Skill 1 Description": "50% damage to all enemies, 200% damage if user has survived on the battlefield for 200TU or more. Allies gain 1 Spirit for each enemy hit at 50+ TU in the turn order, or 2 Spirit for each at 100+ TU. This attack ignores any effects of non-boss enemies that would prevent the targets from being defeated, the Counter Stance Status Effect, and the effects of Skin passive skills.",
    "Active Skill 2": "Stun Cannon",
    "Active Skill 2 Description": "Targets 2 random enemies, they are each randomly granted either Stun for 50TU, 100TU, or 200TU. The user is granted 1 Charge. This skill is locked until the end of the user's next turn after each use.\n\nCertain skills are affected by and may consume charges. A unit can store a maximum of 3 charges, and all charges are removed from a unit that leaves the battlefield.",
    "Active Skill 3": "Time Shockwave",
    "Active Skill 3 Description": "100% damage to 2 enemies. 400% damage if the target has 50TU or more. 600% damage if the target has 100TU or more. 800% damage if the target has 150TU or more. For each target hit but not defeated by this attack, Stun 1 random enemy that was not hit by this attack for 100TU.",
    "Active Skill 4": "Glorious Cannon",
    "Active Skill 4 Description": "400% damage to 1 enemy, plus 100% per Awakening the user has (800% max). This attack ignores damage reduction effects. Usable only if the user has stored 3 Charges. This skill becomes locked for 75TU after use.",
    "Passive Skill 1": "Flanking Maneuver",
    "Passive Skill 1 Description": "This unit has 80% damage reduction from attacks if this unit has no Charges and is not alone on the battlefield.\n\nThis unit will gain a Charge and be healed for 30% of its max HP each time another ally gets the turn.\nEach time a Storm ally (including this unit) gets the turn, they will heal for 30% of their max HP.\n\nIf this unit would be defeated while it has any charges, this unit will consume 1 charge to survive with 1HP remaining instead. Each time this unit takes damage from an attack and survives until after the end of the turn, this unit will heal for 30% of its max HP.",
    "Passive Skill 2": "Naval Tactician",
    "Passive Skill 2 Description": "This unit cannot be sent to the reinforcements from the battlefield. This unit cannot fall asleep if there are any Water enemies on the battlefield.\n\nWhenever this unit defeats an enemy with an attack, all allies are Purified (any negative status effects like sleep, burn or poison are removed).\n\nThis unit will have their TU costs reduced by 40% while this unit has 3 Charges. Quicken effects will not further reduce this unit's TU costs.",
    "Passive Skill 3": "HP Up Lv3",
    "Passive Skill 3 Description": "Adds 1200 to this unit's max HP.",
    "Passive Skill 4": "Attack Up Lv3",
    "Passive Skill 4 Description Description": "Adds 300 to this unit's Attack.",
    "Passive Skill 5": "Sword Resist Lv3",
    "Passive Skill 5 Description": "10% less damage from attacks by units equipped with Swords.",
    "Passive Skill 6 Description": "Axe Mastery",
    "Passive Skill 6": "Can use weapon skills of Axes in addition to their original preferred weapon type."
  },
  {
    "quickview-portrait-image src": "https://evertaletoolbox2.runasp.net/files/images/monsters/small/CthulhuGirlRegular02_2.png",
    "Name": "Cthulhu",
    "Title": "Creature of the Void",
    "icon36 src (2)": "https://evertaletoolbox2.runasp.net/files/ui/elements/Dark.png",
    "Attack": "1,561",
    "HP": "6,615",
    "SPD": "354",
    "icon36 src (3)": "https://evertaletoolbox2.runasp.net/files/ui/weapons/GreatAxe.png",
    "Leader Skill": "Dark Attack Up",
    "Leader Skill Description": "Allied Dark element units have their Attack increased by 15%.",
    "Active Skill 1": "Infect Reality",
    "Active Skill 1 Description": "300% damage to 2 random enemies. This attack cannot be redirected by Guardians, and will ignore the Counter Stance Status Effect, and the effects of Skin passive skills. This attack can hit targets that have the Stealth Status Effect or a passive effect that ignores multiple target attacks.\n\nConsumes 1 charge on the user and unlocks at random either Mind Piercer or No One Is Safe. This skill becomes locked after use until the user uses another active skill. This skill is locked if the user has no Charges.",
    "Active Skill 2": "Mind Piercer",
    "Active Skill 2 Description": "600% damage to 1 random enemy. This attack cannot be redirected by Guardians. This skill is locked until it becomes unlocked by Infect Reality. This skill is locked again after each use or if the user leaves the battlefield.",
    "Active Skill 3": "No One Is Safe",
    "Active Skill 3 Description": "300% damage to all enemies. This attack ignores the Stealth Status Effect. Heals all allies for 800% of the user's Attack. Sets both enemy and ally Spirit to 5. This skill is locked until it becomes unlocked by Infect Reality. This skill is locked again after each use or if the user leaves the battlefield.",
    "Active Skill 4": "Reset Reality",
    "Active Skill 4 Description": "The user has all Sleep immunities, Sleep Wards and Stealth Shields removed. Then, the user is healed for 100% of max HP, granted 3 Charges, and Sleep for 100TU, even if they have already slept. A random enemy is also granted Sleep for 200TU, even if they have already slept. The next time the user is awake at the end of a turn, they will be healed for 100% of max HP, and have their current TU reduced by 100. Usable only if the user has no Charges stored.",
    "Passive Skill 1": "Cult of Cthulhu",
    "Passive Skill 1 Description": "Enemies damaged by an attack from this unit are Mega Poisoned for 200TU. Mega Poison will overwrite other status effects on that enemy. Mega Poison deals 20 times the damage of normal Poison and cannot be overwritten by normal Poison or Super Poison.\n\nIf this unit is on 1HP at the end of a turn, it is healed for 100% max HP and Purified (negative status effects like sleep, burn or poison are removed) at the end of the turn.\n\nThis unit gains 3 charges. Triggered both at the very start of the battle if this unit is on the battlefield, and when this unit enters the battlefield from reinforcements.\n\nIf this unit would be defeated while it has any charges, this unit will consume 1 charge to survive with 1HP remaining instead. Certain skills are affected by and may consume charges. A unit can store up to 3 charges.",
    "Passive Skill 2": "The Great Old One",
    "Passive Skill 2 Description": "Whenever an enemy enters the battlefield from reinforcements, this unit has a 20% chance, plus 20% chance per Awakening (up to 100% chance if this unit has 4 Awakenings) to immediately have its TU reduced to 0, be Purified, and be granted Sleep Immunity until the end of the turn.\n\nThe first time this unit is damaged by an attack while this unit has no Charges, it will survive that attack and then enter Warped Reality for 200TU. While in Warped Reality, this unit cannot be sent to the reinforcements from the battlefield, cannot be defeated by damage, has 90% damage reduction from attacks and is a Guardian.\n\nWhenever this unit gets the turn in Warped Reality, it will lose the turn and Mega Poison all non-sleeping enemies for 200TU. Then if there is more than 1 enemy on the battlefield and no enemy is Hypnotized, this unit will hypnotize 1 random enemy on the battlefield. This unit cannot be Hypnotized while in Warped Reality. When Warped Reality ends, this unit will be sacrificed.\n\nWhile this unit is a Guardian, for any enemy attack that would hit 1 or 2 other allies, this unit has a 100% chance to redirect 1 hit to itself instead. This unit will not redirect skills that don't deal damage. A Hypnotized enemy will use its next turn to grant the turn to and Purify the hypnotizer (the turn will be lost as if it were sleeping), and then the hypnosis will end. Hypnosis is not a status effect and cannot be removed by Purify skills, but will be canceled if the hypnotizer is defeated or leaves the battlefield. Hypnosis will fail against Boss units.",
    "Passive Skill 3": "Attack Up Lv3",
    "Passive Skill 3 Description": "Adds 300 to this unit's Attack.",
    "Passive Skill 4": "HP Up Lv3",
    "Passive Skill 4 Description Description": "Adds 1200 to this unit's max HP.",
    "Passive Skill 5": "Axe Hunter Lv3",
    "Passive Skill 5 Description": "10% bonus to attacks against units equipped with Axes.",
    "Passive Skill 6 Description": "Greatsword Mastery",
    "Passive Skill 6": "Can use weapon skills of Greatswords in addition to their original preferred weapon type."
  },
  {
    "quickview-portrait-image src": "https://evertaletoolbox2.runasp.net/files/images/monsters/small/UnicornRegular02_2.png",
    "Name": "Unicorn",
    "Title": "Pure-Hearted Knight",
    "icon36 src (2)": "https://evertaletoolbox2.runasp.net/files/ui/elements/Storm.png",
    "Attack": "1,439",
    "HP": "7,225",
    "SPD": "501",
    "icon36 src (3)": "https://evertaletoolbox2.runasp.net/files/ui/weapons/GreatSword.png",
    "Leader Skill": "Storm HP Up",
    "Leader Skill Description": "Allied Storm element units have their max HP increased by 10%.",
    "Active Skill 1": "Discharge Strike",
    "Active Skill 1 Description": "Damage to 1 enemy, the user is granted a Sleep Ward. If this hits an enemy with any Discharge Counters, they will be stunned for:\n\n300TU if they have 3 Discharge Counters\n200TU if they have 2 Discharge Counters\n100TU if they have 1 Discharge Counter\n\nThen, the target has 1 Discharge Counter removed. Sleep Ward prevents Sleep from being applied once, then is removed. Sleep Wards cannot stack.",
    "Active Skill 2": "Instant Push Back",
    "Active Skill 2 Description": "Pushes 1 enemy away from the battlefield to be next in line of the enemy reinforcements. This skill can only be used if there are 1 or more enemy reinforcements left. This skill becomes locked for 100TU after use.",
    "Active Skill 3": "Magical Experience",
    "Active Skill 3 Description": "Immediately give 1 other random ally the next turn by reducing their current TU to 0, and Purifies them (removes negative status effects like sleep, burn or poison). Active skills that grant turns cannot be used on turns given by this skill.\n\nThis skill becomes locked after use until the user deals damage with an Attack. This skill cannot be used if this unit is alone on the battlefield.",
    "Active Skill 4": "Rainbow Raid",
    "Active Skill 4 Description": "600% damage to 2 enemies. This attack ignores any effects of non-boss enemies that would prevent the targets from being defeated.\n\nLocked for 300TU after the user has entered the battlefield.",
    "Passive Skill 1": "Chevalier's Grace",
    "Passive Skill 1 Description": "This unit has 50% damage reduction from attacks. If this unit would be defeated by an enemy attack or a status effect while having more than 1 HP, it instead survives with 1 HP.\n\nWhen this unit gets the turn with less than 50% HP, this unit exchanges its current HP with the amount of HP it has currently lost.\n\nGrants all other allies the Armor status effect, and all Enemies 3 Discharge Counters. Triggered both at the very start of the battle if this unit is on the battlefield, and when this unit enters the battlefield from reinforcements. New enemies entering the battlefield will be granted 3 Discharge Counters.\n\nArmor will overwrite other status effects on those allies. Armor grants 50% damage reduction from the next attack, then the effect is removed. A unit can store a maximum of 3 Discharge Counters, and all are removed from a unit that leaves the battlefield.",
    "Passive Skill 2": "Electrostatic Field",
    "Passive Skill 2 Description": "Enemies entering the battlefield have a 20% chance to be immediately stunned for 50TU, plus 20% chance per Awakening (up to 100% chance if this unit has 4 Awakenings).\n\nWhenever another ally enters the battlefield from reinforcements, they are granted the Armor status effect.\n\nThis unit is granted a Sleep ward. Triggered at the very start of the battle if this unit is on the battlefield, and whenever any unit (including this unit) enters the battlefield from reinforcements.",
    "Passive Skill 3": "HP Up Lv3",
    "Passive Skill 3 Description": "Adds 1200 to this unit's max HP.",
    "Passive Skill 4": "Attack Up Lv3",
    "Passive Skill 4 Description Description": "Adds 300 to this unit's Attack.",
    "Passive Skill 5": "Staff Hunter Lv3",
    "Passive Skill 5 Description": "10% bonus to attacks against units equipped with Staffs.",
    "Passive Skill 6 Description": "Greataxe Mastery",
    "Passive Skill 6": "Can use weapon skills of Greataxes in addition to their original preferred weapon type."
  },
  {
    "quickview-portrait-image src": "https://evertaletoolbox2.runasp.net/files/images/monsters/small/CinderellaSwimsuit02_2.png",
    "Name": "Cinderella",
    "Title": "Princess of the Beach",
    "icon36 src (2)": "https://evertaletoolbox2.runasp.net/files/ui/elements/Water.png",
    "Attack": "1,399",
    "HP": "7,425",
    "SPD": "377",
    "icon36 src (3)": "https://evertaletoolbox2.runasp.net/files/ui/weapons/Spear.png",
    "Leader Skill": "Water Attack Up",
    "Leader Skill Description": "Allied Water element units have their Attack increased by 15%.",
    "Active Skill 1": "Stealth Blast",
    "Active Skill 1 Description": "50% damage to 1 enemy. 300% damage instead every second time this skill is activated while on the battlefield. The user is granted Stealth, and a Stealth Shield. This attack ignores the Counter Stance Status Effect, and the effects of Skin passive skills.\n\nStealth will overwrite other Status effects on the user. Stealth Shields prevent the next other status effect a unit would gain while Stealthed from applying. Stealthed units ignore the next enemy attack that would damage more than 1 target. Any damage will remove stealth.",
    "Active Skill 2": "Waves of Sleep",
    "Active Skill 2 Description": "Grants 2 enemies the Sleep status effect for 200TU, even if they have already slept while on the battlefield, and the user is granted Stealth, and a Stealth Shield. This will overwrite other status effects on those units. Unlocked each time the user damages an enemy with an attack. This skill is locked again after each use or if the user leaves the battlefield. This is not considered a Combo Burst type active skill.",
    "Active Skill 3": "Knockout Storm",
    "Active Skill 3 Description": "500% damage to 1 enemy, and then grants that enemy the Sleep status effect for 200TU, even if they have already slept while on the battlefield if they are left with below 50% of max HP. This attack ignores damage reduction effects. Sleep will overwrite other status effects on that enemy.\n\nThis skill becomes locked for 50TU after use. Usable if the user has the Stealth status effect or at the cost of consuming 1 charge if the user has no stealth. This is considered a Stealth Strike type skill.",
    "Active Skill 4": "Unending Nightmare",
    "Active Skill 4 Description": "Targets 1 enemy. If the target is sleeping, deals 600% damage, grants them the Sleep status effect for 200TU, even though they have already slept while on the battlefield, and allies gain 4 Spirit.",
    "Passive Skill 1": "Cinderella's Resolve",
    "Passive Skill 1 Description": "This unit cannot be burned.\n\nThis unit enters battle with Stealth, a Stealth Shield, and 3 Charges. Certain skills are affected by and may consume charges. A unit can store a maximum of 3 charges, and all charges are removed from a unit that leaves the battlefield.\n\nEach time this unit takes damage from an attack and survives until after the end of the turn, this unit will heal for 25% of its max HP. If this unit would be defeated while it has any charges, this unit will consume 1 charge to survive with 1HP remaining instead. Whenever a sleeping enemy gets the turn or this unit damages a sleeping enemy with an attack, this unit gains 1 charge.",
    "Passive Skill 2": "Water Slaughter",
    "Passive Skill 2 Description": "This unit's attacks will not wake sleeping enemies.\n\nEach time this unit damages a sleeping enemy with an attack, this unit will get another turn. This effect cannot trigger again against the same target until TU advances. Effects that influence TU order may interrupt the extra turn (e.g. Stuns targeting the lowest TU target).\n\nWhen this unit defeats an enemy with an attack, this unit gains Stealth and a Stealth Shield.",
    "Passive Skill 3": "Attack Up Lv3",
    "Passive Skill 3 Description": "Adds 300 to this unit's Attack.",
    "Passive Skill 4": "HP Up Lv3",
    "Passive Skill 4 Description Description": "Adds 1200 to this unit's max HP.",
    "Passive Skill 5": "Fire Resist Lv3",
    "Passive Skill 5 Description": "10% less damage from attacks by Fire units.",
    "Passive Skill 6 Description": "Hammer Mastery",
    "Passive Skill 6": "Can use weapon skills of Hammers in addition to their original preferred weapon type."
  },
  {
    "quickview-portrait-image src": "https://evertaletoolbox2.runasp.net/files/images/monsters/small/GenieRegular02_2.png",
    "Name": "Genie",
    "Title": "Almighty Lamp Spirit",
    "icon36 src (2)": "https://evertaletoolbox2.runasp.net/files/ui/elements/Light.png",
    "Attack": "1,111",
    "HP": "8,865",
    "SPD": "151",
    "icon36 src (3)": "https://evertaletoolbox2.runasp.net/files/ui/weapons/Staff.png",
    "Leader Skill": "Light Attack Up",
    "Leader Skill Description": "Allied Light element units have their Attack increased by 15%.",
    "Active Skill 1": "Golden Sandstorm",
    "Active Skill 1 Description": "50% damage to all enemies. This attack ignores the Counter Stance Status Effect, and the effects of Skin passive skills. This skill locks after use, and unlocks when this unit damages an enemy with another attack.",
    "Active Skill 2": "Lamp Blast",
    "Active Skill 2 Description": "100% damage to 2 enemies. 400% damage if the user's HP is at 75%+. This attack ignores damage reduction effects, the Counter Stance Status Effect, and the effects of Skin passive skills.",
    "Active Skill 3": "Instant Give Turn",
    "Active Skill 3 Description": "Immediately give 1 other ally the next turn by reducing their current TU to 0. This skill becomes locked for 50TU after use. Active skills that grant turns cannot be used on turns given by this skill.",
    "Active Skill 4": "Big Awesome Move",
    "Active Skill 4 Description": "800% damage to 1 enemy, and randomly grants that enemy either Stun for 200TU, Mega Poison for 200TU, or Sleep for 200TU, even if they have already slept while on the battlefield. This attack ignores enemy damage reduction effects and revenge passive skills. If Ally Spirit is at 0, allies gain 5 Spirit. If Ally Spirit is at 10, allies lose 5 Spirit. Usable if allies have 0 or 10 Spirit.\n\nSleep and Mega Poison will overwrite other status effects on that enemy. Mega Poison deals 20 times the damage of normal Poison and cannot be overwritten by normal Poison or Super Poison.",
    "Passive Skill 1": "All Powerful?",
    "Passive Skill 1 Description": "This unit has a 33% chance to:\n\n- have its TU reduced to 0 after dealing damage with an Attack (1 chance per hit).\n- each turn, survive any damage that would defeat it with 1HP.\n- ignore the incoming status effects Sleep, Poison, and Burn.\n- ignore incoming Stun effects.\n- ignore attacks that would damage exactly 2 targets. Attacks that target All allies will not be ignored.\n- enrage 1 random ally at the end of each turn.\n- weaken 1 random enemy at the end of each turn.\n\nThe chance for each effect is determined independently each time they may occur. Enraged units have their Attack increased to 1.5x until the end of their next turn. Weakened units have their Attack reduced to 0.75x until the end of their next turn. These effects will overwrite any existing Weak or Enrage effects on affected units. The effect of Weakening may be diminished if the affected unit's Attack is increased by other effects and it can be overwritten by Enrage effects. Effects that influence TU order may interrupt the extra turn (e.g. Stuns targeting the lowest TU target).",
    "Passive Skill 2": "Unlimited Healing",
    "Passive Skill 2 Description": "Each time this unit takes damage from an attack and survives until after the end of the turn, this unit will be Purified (any negative status effects like sleep, burn or poison are removed), and heal for 75% of its max HP.\n\nPurifies and heals all allies on the battlefield for 800% of this unit's attack when another non-conjured ally on the battlefield is defeated or sacrificed by any source. This may not trigger if this unit is defeated or sacrificed at the same time.",
    "Passive Skill 3": "HP Up Lv3",
    "Passive Skill 3 Description": "Adds 1200 to this unit's max HP.",
    "Passive Skill 4": "Attack Up Lv3",
    "Passive Skill 4 Description Description": "Adds 300 to this unit's Attack.",
    "Passive Skill 5": "Dark Resist Lv3",
    "Passive Skill 5 Description": "10% less damage from attacks by Dark units.",
    "Passive Skill 6 Description": "Sword Mastery",
    "Passive Skill 6": "Can use weapon skills of Swords in addition to their original preferred weapon type."
  }
]