[
  {
    "quickview-portrait-image src": "https://evertaletoolbox2.runasp.net/files/images/monsters/small/DeathKnight02_2.png",
    "Name": "Merdain",
    "Title": "Knight of Vengeance",
    "icon36 src": "https://evertaletoolbox2.runasp.net/files/ui/app/RarityIconSsr01.png",
    "icon10 src": "https://evertaletoolbox2.runasp.net/files/ui/rarity/IconRainbowStar01.png",
    "icon10 src (2)": "https://evertaletoolbox2.runasp.net/files/ui/rarity/IconRainbowStar01.png",
    "icon10 src (3)": "https://evertaletoolbox2.runasp.net/files/ui/rarity/IconRainbowStar01.png",
    "icon10 src (4)": "https://evertaletoolbox2.runasp.net/files/ui/rarity/IconRainbowStar01.png",
    "icon36 src (2)": "https://evertaletoolbox2.runasp.net/files/ui/elements/Dark.png",
    "Cost": "34",
    "Attack": "1,279",
    "HP": "7,291",
    "SPD": "124",
    "icon36 src (3)": "https://evertaletoolbox2.runasp.net/files/ui/weapons/GreatSword.png",
    "Leader Skill": "Dark ATK & HP Up",
    "Active Skill 1": "Poison Attack",
    "Active Skill 1 Description": "Damages 1 enemy and then poisons them.",
    "Active Skill 2": "Armor Impact",
    "Active Skill 2 Description": "300% damage to 1 enemy. Usable if the user has the Armor status effect. Removes armor from this unit.",
    "Active Skill 3": "Blood Nova",
    "Active Skill 3 Description": "Sacrifices the last unit in the allied reinforcements for 400% damage to 1 enemy. Usable only if there are 1 or more allied reinforcements left.",
    "Active Skill 4": "Poison Frenzy",
    "Active Skill 4 Description": "500% damage to 1 enemy if they are poisoned. Usable if the user has defeated 1+ units with attacks while on the battlefield.",
    "Passive Skill 1": "Augment: Armor",
    "Passive Skill 1 Description": "This unit gains the Armor status effect after dealing damage with an attack. This will overwrite other status effects on the unit. This will not activate if the unit begins its turn with armor. Armor grants 50% damage reduction from the next attack, then the effect is removed.",
    "Passive Skill 2": "Poisoned Fate",
    "Passive Skill 2 Description": "This unit gets a turn if an enemy has the Poison status effect at the start of their turn, but loses it before their turn ends. Requires at least 2 other Dark allies to activate. If more than one ally has this passive skill, only one ally will get a turn when it is triggered.",
    "Passive Skill 3": "G.sword Resist Lv3",
    "Passive Skill 3 Description": "10% less damage from attacks by units equipped with Greatswords.",
    "Passive Skill 4": "HP Up Lv3",
    "Passive Skill 4 Description Description": "Adds 1200 to this unit's max HP.",
    "Passive Skill 5": "Attack Up Lv3",
    "Passive Skill 5 Description": "Adds 300 to this unit's Attack."
  },
  {
    "quickview-portrait-image src": "https://evertaletoolbox2.runasp.net/files/images/monsters/small/BlackKnightDojo01_2.png",
    "Name": "Elven Knight",
    "icon10 src": "https://evertaletoolbox2.runasp.net/files/ui/rarity/IconBrownStarBronze01.png",
    "icon10 src (2)": "https://evertaletoolbox2.runasp.net/files/ui/rarity/IconBrownStarBronze01.png",
    "icon10 src (3)": "https://evertaletoolbox2.runasp.net/files/ui/rarity/IconBrownStarBronze01.png",
    "icon36 src (2)": "https://evertaletoolbox2.runasp.net/files/ui/elements/Dark.png",
    "Cost": "16",
    "Attack": "411",
    "HP": "1,636",
    "SPD": "374",
    "icon36 src (3)": "https://evertaletoolbox2.runasp.net/files/ui/weapons/Sword.png",
    "Active Skill 1": "Brash Strike",
    "Active Skill 1 Description": "150% damage to 1 enemy and allies gain 1 Spirit. Reflects 30% of the damage to the user.",
    "Active Skill 2": "Guard Breaker",
    "Active Skill 2 Description": "400% damage to 1 enemy if they are a Guardian.",
    "Active Skill 3": "Time Bolt",
    "Active Skill 3 Description": "400% damage to 1 enemy if they have 150TU or more in the turn order. 500% damage if the target has 200TU or more.",
    "Active Skill 4": "Spirit+ Revenge",
    "Active Skill 4 Description": "Whenever this unit is defeated by an enemy, allies gain 2 Spirit.",
    "icon36h32 src": "https://evertaletoolbox2.runasp.net/files/ui/app/RarityIconN01.png"
  },
  {
    "quickview-portrait-image src": "https://evertaletoolbox2.runasp.net/files/images/monsters/small/RizetteDojo01_2.png",
    "Name": "Rizette",
    "icon10 src": "https://evertaletoolbox2.runasp.net/files/ui/rarity/IconBrownStarBronze01.png",
    "icon10 src (2)": "https://evertaletoolbox2.runasp.net/files/ui/rarity/IconBrownStarBronze01.png",
    "icon10 src (3)": "https://evertaletoolbox2.runasp.net/files/ui/rarity/IconBrownStarBronze01.png",
    "icon36 src (2)": "https://evertaletoolbox2.runasp.net/files/ui/elements/Water.png",
    "Cost": "16",
    "Attack": "375",
    "HP": "1,780",
    "SPD": "107",
    "icon36 src (3)": "https://evertaletoolbox2.runasp.net/files/ui/weapons/Sword.png",
    "Active Skill 1": "Attack",
    "Active Skill 1 Description": "Damage to 1 enemy and allies gain 1 Spirit.",
    "Active Skill 2": "Stun Bolt",
    "Active Skill 2 Description": "Stuns 1 enemy for 150TU. Usable once per battle.",
    "Active Skill 3": "Survivor's Rage",
    "Active Skill 3 Description": "400% damage to 1 enemy. Locked for 300TU after the user has entered the battlefield.",
    "icon36h32 src": "https://evertaletoolbox2.runasp.net/files/ui/app/RarityIconN01.png"
  },
  {
    "quickview-portrait-image src": "https://evertaletoolbox2.runasp.net/files/images/monsters/small/MyshaDojo01_2.png",
    "Name": "Mysha",
    "icon10 src": "https://evertaletoolbox2.runasp.net/files/ui/rarity/IconBrownStarBronze01.png",
    "icon10 src (2)": "https://evertaletoolbox2.runasp.net/files/ui/rarity/IconBrownStarBronze01.png",
    "icon10 src (3)": "https://evertaletoolbox2.runasp.net/files/ui/rarity/IconBrownStarBronze01.png",
    "icon36 src (2)": "https://evertaletoolbox2.runasp.net/files/ui/elements/Earth.png",
    "Cost": "16",
    "Attack": "371",
    "HP": "1,796",
    "SPD": "368",
    "icon36 src (3)": "https://evertaletoolbox2.runasp.net/files/ui/weapons/Sword.png",
    "Active Skill 1": "Attack",
    "Active Skill 1 Description": "Damage to 1 enemy and allies gain 1 Spirit.",
    "Active Skill 2": "Survivor's Rage",
    "Active Skill 2 Description": "350% damage to 2 enemies. Locked for 300TU after the user has entered the battlefield.",
    "Active Skill 3": "Grant Stealth",
    "Active Skill 3 Description": "Grants the Stealth status effect to 1 ally. This will overwrite other status effects on that unit. Stealthed units ignore the next enemy attack that would damage more than 1 target. Any damage will remove stealth.",
    "icon36h32 src": "https://evertaletoolbox2.runasp.net/files/ui/app/RarityIconN01.png"
  },
  {
    "quickview-portrait-image src": "https://evertaletoolbox2.runasp.net/files/images/monsters/small/GhostKnightDojo01_2.png",
    "Name": "Returner",
    "icon10 src": "https://evertaletoolbox2.runasp.net/files/ui/rarity/IconBrownStarBronze01.png",
    "icon36 src (2)": "https://evertaletoolbox2.runasp.net/files/ui/elements/Dark.png",
    "Cost": "8",
    "Attack": "297",
    "HP": "1,122",
    "SPD": "240",
    "icon36 src (3)": "https://evertaletoolbox2.runasp.net/files/ui/weapons/GreatAxe.png",
    "Active Skill 1": "Attack",
    "Active Skill 1 Description": "Damage to 1 enemy and allies gain 1 Spirit.",
    "Active Skill 2": "Dream Ender",
    "Active Skill 2 Description": "500% damage to 1 enemy if they are sleeping. Allies gain 3 Spirit if the target is asleep.",
    "Active Skill 3": "Spirit+ Revenge",
    "Active Skill 3 Description": "Whenever this unit is defeated by an enemy, allies gain 2 Spirit.",
    "icon36h32 src": "https://evertaletoolbox2.runasp.net/files/ui/app/RarityIconN01.png"
  },
  {
    "quickview-portrait-image src": "https://evertaletoolbox2.runasp.net/files/images/monsters/small/BlueDinosaurDojo01_2.png",
    "Name": "Cryosaur",
    "icon36 src": "https://evertaletoolbox2.runasp.net/files/ui/app/RarityIconR01.png",
    "icon10 src": "https://evertaletoolbox2.runasp.net/files/ui/rarity/IconGreyStarSilver01.png",
    "icon10 src (2)": "https://evertaletoolbox2.runasp.net/files/ui/rarity/IconGreyStarSilver01.png",
    "icon10 src (3)": "https://evertaletoolbox2.runasp.net/files/ui/rarity/IconGreyStarSilver01.png",
    "icon10 src (4)": "https://evertaletoolbox2.runasp.net/files/ui/rarity/IconGreyStarSilver01.png",
    "icon36 src (2)": "https://evertaletoolbox2.runasp.net/files/ui/elements/Water.png",
    "Cost": "20",
    "Attack": "481",
    "HP": "2,976",
    "SPD": "279",
    "icon36 src (3)": "https://evertaletoolbox2.runasp.net/files/ui/weapons/GreatAxe.png",
    "Active Skill 1": "Brash Strike",
    "Active Skill 1 Description": "150% damage to 1 enemy and allies gain 1 Spirit. Reflects 30% of the damage to the user.",
    "Active Skill 2": "Dream Hunter",
    "Active Skill 2 Description": "600% damage to 1 enemy if they are sleeping. Allies gain 4 Spirit if the target is asleep.",
    "Active Skill 3": "Over Drive",
    "Active Skill 3 Description": "500% damage to 1 enemy. Usable only if the user's party has 7 or more Spirit.",
    "Active Skill 4": "Life Flip Ally",
    "Active Skill 4 Description": "Exchanges 1 ally's current HP with the amount of HP they have currently lost. Usable once per battle.",
    "Passive Skill 1": "G.sword Hunter Lv1",
    "Passive Skill 1 Description": "5% bonus to attacks against units equipped with Greatswords.",
    "Passive Skill 2": "HP Up Lv1",
    "Passive Skill 2 Description": "Adds 600 to this unit's max HP.",
    "Passive Skill 3": "Attack Up Lv1",
    "Passive Skill 3 Description": "Adds 150 to this unit's Attack.",
    "Passive Skill 4": "Katana Mastery",
    "Passive Skill 4 Description Description": "Can use weapon skills of Katanas in addition to their original preferred weapon type."
  },
  {
    "quickview-portrait-image src": "https://evertaletoolbox2.runasp.net/files/images/monsters/small/JewelMermaidDojo02_2.png",
    "Name": "Yanti Pike",
    "icon10 src": "https://evertaletoolbox2.runasp.net/files/ui/rarity/IconBrownStarBronze01.png",
    "icon10 src (2)": "https://evertaletoolbox2.runasp.net/files/ui/rarity/IconBrownStarBronze01.png",
    "icon10 src (3)": "https://evertaletoolbox2.runasp.net/files/ui/rarity/IconBrownStarBronze01.png",
    "icon36 src (2)": "https://evertaletoolbox2.runasp.net/files/ui/elements/Water.png",
    "Cost": "16",
    "Attack": "401",
    "HP": "1,676",
    "SPD": "366",
    "icon36 src (3)": "https://evertaletoolbox2.runasp.net/files/ui/weapons/Spear.png",
    "Active Skill 1": "Attack",
    "Active Skill 1 Description": "Damage to 1 enemy and allies gain 2 Spirit.",
    "Active Skill 2": "Dream Ender",
    "Active Skill 2 Description": "500% damage to 1 enemy if they are sleeping. Allies gain 3 Spirit if the target is asleep.",
    "Active Skill 3": "Push Back",
    "Active Skill 3 Description": "Pushes 1 enemy away from the battlefield to be next in line of the enemy reinforcements. This skill can only be used if there are 1 or more enemy reinforcements left.",
    "icon36h32 src": "https://evertaletoolbox2.runasp.net/files/ui/app/RarityIconN01.png"
  },
  {
    "quickview-portrait-image src": "https://evertaletoolbox2.runasp.net/files/images/monsters/small/MartialArtistGirlDojo02_2.png",
    "Name": "Lucija",
    "Title": "Allied Fire element units have their Attack increased by 7%.",
    "icon36 src": "https://evertaletoolbox2.runasp.net/files/ui/app/RarityIconR01.png",
    "icon10 src": "https://evertaletoolbox2.runasp.net/files/ui/rarity/IconGreyStarSilver01.png",
    "icon10 src (2)": "https://evertaletoolbox2.runasp.net/files/ui/rarity/IconGreyStarSilver01.png",
    "icon10 src (3)": "https://evertaletoolbox2.runasp.net/files/ui/rarity/IconGreyStarSilver01.png",
    "icon10 src (4)": "https://evertaletoolbox2.runasp.net/files/ui/rarity/IconGreyStarSilver01.png",
    "icon36 src (2)": "https://evertaletoolbox2.runasp.net/files/ui/elements/Fire.png",
    "Cost": "23",
    "Attack": "652",
    "HP": "3,170",
    "SPD": "285",
    "icon36 src (3)": "https://evertaletoolbox2.runasp.net/files/ui/weapons/Axe.png",
    "Leader Skill": "Attack Up",
    "Active Skill 1": "Attack",
    "Active Skill 1 Description": "Damage to 1 enemy and allies gain 2 Spirit.",
    "Active Skill 2": "Attack All",
    "Active Skill 2 Description": "Damage to all enemies.",
    "Active Skill 3": "Vigor Impact",
    "Active Skill 3 Description": "250% damage to 1 enemy. Usable only if the user's HP is at 75%+.",
    "Active Skill 4": "Payback Strike",
    "Active Skill 4 Description": "500% damage to 1 enemy. Unlocked each time an ally on the battlefield is defeated or sacrificed by any source. This skill is locked again after each use or if the user leaves the battlefield.",
    "Passive Skill 1": "Spirit+ Revenge",
    "Passive Skill 1 Description": "Whenever this unit is defeated by an enemy, allies gain 2 Spirit.",
    "Passive Skill 2": "Mace Resist Lv1",
    "Passive Skill 2 Description": "5% less damage from attacks by units equipped with Maces.",
    "Passive Skill 3": "HP Up Lv1",
    "Passive Skill 3 Description": "Adds 600 to this unit's max HP.",
    "Passive Skill 4": "Attack Up Lv1",
    "Passive Skill 4 Description Description": "Adds 150 to this unit's Attack.",
    "Passive Skill 5": "Sword Mastery",
    "Passive Skill 5 Description": "Can use weapon skills of Swords in addition to their original preferred weapon type."
  },
  {
    "quickview-portrait-image src": "https://evertaletoolbox2.runasp.net/files/images/monsters/small/FoxDuelistDojo02_2.png",
    "Name": "Fenn Fal",
    "Title": "Allied Earth element units have their Attack increased by 7%.",
    "icon36 src": "https://evertaletoolbox2.runasp.net/files/ui/app/RarityIconR01.png",
    "icon10 src": "https://evertaletoolbox2.runasp.net/files/ui/rarity/IconGreyStarSilver01.png",
    "icon10 src (2)": "https://evertaletoolbox2.runasp.net/files/ui/rarity/IconGreyStarSilver01.png",
    "icon10 src (3)": "https://evertaletoolbox2.runasp.net/files/ui/rarity/IconGreyStarSilver01.png",
    "icon10 src (4)": "https://evertaletoolbox2.runasp.net/files/ui/rarity/IconGreyStarSilver01.png",
    "icon36 src (2)": "https://evertaletoolbox2.runasp.net/files/ui/elements/Earth.png",
    "Cost": "23",
    "Attack": "622",
    "HP": "3,320",
    "SPD": "284",
    "icon36 src (3)": "https://evertaletoolbox2.runasp.net/files/ui/weapons/Sword.png",
    "Leader Skill": "Attack Up",
    "Active Skill 1": "Attack Two",
    "Active Skill 1 Description": "Damage to 2 enemies and allies gain 1 Spirit.",
    "Active Skill 2": "Attack All",
    "Active Skill 2 Description": "Damage to all enemies.",
    "Active Skill 3": "Stealth Fury",
    "Active Skill 3 Description": "400% damage to 1 enemy. Usable if the user has the Stealth status effect. This attack ignores any enemy status effects, damage reduction effects, revenge passive skills, and skin passive skills.",
    "Active Skill 4": "Gain Stealth",
    "Active Skill 4 Description": "Grants the Stealth status effect to the user. This will overwrite other status effects on that unit. Stealthed units ignore the next enemy attack that would damage more than 1 target. Any damage will remove stealth.",
    "Passive Skill 1": "Poison Revenge",
    "Passive Skill 1 Description": "Whenever this unit is defeated by an enemy, that enemy gains the Poison status effect. This will overwrite other status effects on that unit.",
    "Passive Skill 2": "G.axe Resist Lv1",
    "Passive Skill 2 Description": "5% less damage from attacks by units equipped with Greataxes.",
    "Passive Skill 3": "HP Up Lv1",
    "Passive Skill 3 Description": "Adds 600 to this unit's max HP.",
    "Passive Skill 4": "Attack Up Lv1",
    "Passive Skill 4 Description Description": "Adds 150 to this unit's Attack.",
    "Passive Skill 5": "Axe Mastery",
    "Passive Skill 5 Description": "Can use weapon skills of Axes in addition to their original preferred weapon type."
  },
  {
    "quickview-portrait-image src": "https://evertaletoolbox2.runasp.net/files/images/monsters/small/FourLeggedCatfishDojo02_2.png",
    "Name": "Volcatfish",
    "icon10 src": "https://evertaletoolbox2.runasp.net/files/ui/rarity/IconBrownStarBronze01.png",
    "icon10 src (2)": "https://evertaletoolbox2.runasp.net/files/ui/rarity/IconBrownStarBronze01.png",
    "icon36 src (2)": "https://evertaletoolbox2.runasp.net/files/ui/elements/Fire.png",
    "Cost": "12",
    "Attack": "281",
    "HP": "1,636",
    "SPD": "103",
    "icon36 src (3)": "https://evertaletoolbox2.runasp.net/files/ui/weapons/GreatSword.png",
    "Active Skill 1": "Attack",
    "Active Skill 1 Description": "Damage to 1 enemy and allies gain 1 Spirit.",
    "Active Skill 2": "Guard Allies",
    "Active Skill 2 Description": "The user becomes a Guardian. For any enemy attack that would hit 1 or 2 other allies, 1 of the hits is instead redirected to this unit. This unit will not redirect skills that don't deal damage. Usable only if this unit is not already a Guardian.",
    "Active Skill 3": "Stun Absorb",
    "Active Skill 3 Description": "Whenever any ally would be affected by stun, this unit takes the stun instead.",
    "icon36h32 src": "https://evertaletoolbox2.runasp.net/files/ui/app/RarityIconN01.png"
  }
]