[
  {
    "quickview-portrait-image src": "https://evertaletoolbox2.runasp.net/files/images/monsters/small/WaterElfWarrior02_2.png",
    "Name": "Eves",
    "Title": "Elf Seaspire",
    "icon36 src": "https://evertaletoolbox2.runasp.net/files/ui/app/RarityIconR01.png",
    "icon10 src": "https://evertaletoolbox2.runasp.net/files/ui/rarity/IconGreyStarSilver01.png",
    "icon10 src (3)": "https://evertaletoolbox2.runasp.net/files/ui/rarity/IconGreyStarSilver01.png",
    "icon10 src (4)": "https://evertaletoolbox2.runasp.net/files/ui/rarity/IconGreyStarSilver01.png",
    "icon36 src (2)": "https://evertaletoolbox2.runasp.net/files/ui/elements/Water.png",
    "Cost": "23",
    "Attack": "582",
    "HP": "3,520",
    "SPD": "373",
    "icon36 src (3)": "https://evertaletoolbox2.runasp.net/files/ui/weapons/Katana.png",
    "Active Skill 1": "Attack",
    "Active Skill 1 Description": "Damage to 1 enemy and allies gain 2 Spirit.",
    "Active Skill 2": "Sleep",
    "Active Skill 2 Description": "Grants 1 enemy the Sleep status effect for 200TU. Usable once per battle. This will overwrite other status effects on that unit. Sleep cannot be applied to a unit that Has Slept while on the battlefield.",
    "Active Skill 3": "Survivor's Fury",
    "Active Skill 3 Description": "500% damage to 1 enemy. Locked for 300TU after the user has entered the battlefield.",
    "Active Skill 4": "Dream Hunter",
    "Active Skill 4 Description": "600% damage to 1 enemy if they are sleeping. Allies gain 4 Spirit if the target is asleep.",
    "Passive Skill 1": "Stun Absorb",
    "Passive Skill 1 Description": "Whenever any ally would be affected by stun, this unit takes the stun instead.",
    "Passive Skill 2": "Storm Resist Lv1",
    "Passive Skill 2 Description": "5% less damage from attacks by Storm units.",
    "Passive Skill 3": "HP Up Lv1",
    "Passive Skill 3 Description": "Adds 600 to this unit's max HP.",
    "Passive Skill 4": "Attack Up Lv1",
    "Passive Skill 4 Description Description": "Adds 150 to this unit's Attack.",
    "Passive Skill 5": "Hammer Mastery",
    "Passive Skill 5 Description": "Can use weapon skills of Hammers in addition to their original preferred weapon type."
  },
  {
    "quickview-portrait-image src": "https://evertaletoolbox2.runasp.net/files/images/monsters/small/CrescentBladeElf02_2.png",
    "Name": "High Lancer",
    "Title": "High Lancer",
    "icon36 src": "https://evertaletoolbox2.runasp.net/files/ui/app/RarityIconR01.png",
    "icon10 src": "https://evertaletoolbox2.runasp.net/files/ui/rarity/IconGreyStarSilver01.png",
    "icon10 src (3)": "https://evertaletoolbox2.runasp.net/files/ui/rarity/IconGreyStarSilver01.png",
    "icon10 src (4)": "https://evertaletoolbox2.runasp.net/files/ui/rarity/IconGreyStarSilver01.png",
    "icon36 src (2)": "https://evertaletoolbox2.runasp.net/files/ui/elements/Earth.png",
    "Cost": "20",
    "Attack": "573",
    "HP": "3,475",
    "SPD": "287",
    "icon36 src (3)": "https://evertaletoolbox2.runasp.net/files/ui/weapons/Spear.png",
    "Active Skill 1": "Attack",
    "Active Skill 1 Description": "Damage to 1 enemy and allies gain 2 Spirit.",
    "Active Skill 2": "Attack All",
    "Active Skill 2 Description": "Damage to all enemies.",
    "Active Skill 3": "Survivor's Fury",
    "Active Skill 3 Description": "500% damage to 1 enemy. Locked for 300TU after the user has entered the battlefield.",
    "Active Skill 4": "Life Flip",
    "Active Skill 4 Description": "Exchanges the user's current HP with the amount of HP they have currently lost. Usable once per battle.",
    "Passive Skill 1": "Hold Ground",
    "Passive Skill 1 Description": "If this unit would be defeated by an enemy attack or a status effect while having more than 1 HP, it instead survives with 1 HP.",
    "Passive Skill 2": "G.sword Resist Lv1",
    "Passive Skill 2 Description": "5% less damage from attacks by units equipped with Greatswords.",
    "Passive Skill 3": "HP Up Lv1",
    "Passive Skill 3 Description": "Adds 600 to this unit's max HP.",
    "Passive Skill 4": "Attack Up Lv1",
    "Passive Skill 4 Description Description": "Adds 150 to this unit's Attack.",
    "Passive Skill 5": "Katana Mastery",
    "Passive Skill 5 Description": "Can use weapon skills of Katanas in addition to their original preferred weapon type."
  },
  {
    "quickview-portrait-image src": "https://evertaletoolbox2.runasp.net/files/images/monsters/small/DragonKnight02_2.png",
    "Name": "Szi Paladin",
    "Title": "Szi Paladin",
    "icon36 src": "https://evertaletoolbox2.runasp.net/files/ui/app/RarityIconR01.png",
    "icon10 src": "https://evertaletoolbox2.runasp.net/files/ui/rarity/IconGreyStarSilver01.png",
    "icon10 src (3)": "https://evertaletoolbox2.runasp.net/files/ui/rarity/IconGreyStarSilver01.png",
    "icon10 src (4)": "https://evertaletoolbox2.runasp.net/files/ui/rarity/IconGreyStarSilver01.png",
    "icon36 src (2)": "https://evertaletoolbox2.runasp.net/files/ui/elements/Fire.png",
    "Cost": "20",
    "Attack": "489",
    "HP": "2,944",
    "SPD": "178",
    "icon36 src (3)": "https://evertaletoolbox2.runasp.net/files/ui/weapons/GreatAxe.png",
    "Active Skill 1": "Attack",
    "Active Skill 1 Description": "Damage to 1 enemy and allies gain 2 Spirit.",
    "Active Skill 2": "Attack All",
    "Active Skill 2 Description": "Damage to all enemies.",
    "Active Skill 3": "Blood Nova",
    "Active Skill 3 Description": "Sacrifices the last unit in the allied reinforcements for 400% damage to 1 enemy. Usable only if there are 1 or more allied reinforcements left.",
    "Active Skill 4": "Vengeance Strike",
    "Active Skill 4 Description": "300% damage to 1 enemy if they have defeated 1+ units with attacks while on the battlefield.",
    "Passive Skill 1": "Spirit+ Revenge",
    "Passive Skill 1 Description": "Whenever this unit is defeated by an enemy, allies gain 2 Spirit.",
    "Passive Skill 2": "Mace Hunter Lv1",
    "Passive Skill 2 Description": "5% bonus to attacks against units equipped with Maces.",
    "Passive Skill 3": "HP Up Lv1",
    "Passive Skill 3 Description": "Adds 600 to this unit's max HP.",
    "Passive Skill 4": "Attack Up Lv1",
    "Passive Skill 4 Description Description": "Adds 150 to this unit's Attack.",
    "Passive Skill 5": "Spear Mastery",
    "Passive Skill 5 Description": "Can use weapon skills of Spears in addition to their original preferred weapon type."
  },
  {
    "quickview-portrait-image src": "https://evertaletoolbox2.runasp.net/files/images/monsters/small/BlueDinosaur01_2.png",
    "Name": "Cryosaur",
    "Title": "Cryosaur",
    "icon36 src": "https://evertaletoolbox2.runasp.net/files/ui/app/RarityIconR01.png",
    "icon10 src": "https://evertaletoolbox2.runasp.net/files/ui/rarity/IconGreyStarSilver01.png",
    "icon10 src (3)": "https://evertaletoolbox2.runasp.net/files/ui/rarity/IconGreyStarSilver01.png",
    "icon10 src (4)": "https://evertaletoolbox2.runasp.net/files/ui/rarity/IconGreyStarSilver01.png",
    "icon36 src (2)": "https://evertaletoolbox2.runasp.net/files/ui/elements/Water.png",
    "Cost": "20",
    "Attack": "481",
    "HP": "2,976",
    "SPD": "279",
    "icon36 src (3)": "https://evertaletoolbox2.runasp.net/files/ui/weapons/GreatAxe.png",
    "Active Skill 1": "Brash Strike",
    "Active Skill 1 Description": "150% damage to 1 enemy and allies gain 1 Spirit. Reflects 30% of the damage to the user.",
    "Active Skill 2": "Dream Hunter",
    "Active Skill 2 Description": "600% damage to 1 enemy if they are sleeping. Allies gain 4 Spirit if the target is asleep.",
    "Active Skill 3": "Over Drive",
    "Active Skill 3 Description": "500% damage to 1 enemy. Usable only if the user's party has 7 or more Spirit.",
    "Active Skill 4": "Life Flip Ally",
    "Active Skill 4 Description": "Exchanges 1 ally's current HP with the amount of HP they have currently lost. Usable once per battle.",
    "Passive Skill 1": "G.sword Hunter Lv1",
    "Passive Skill 1 Description": "5% bonus to attacks against units equipped with Greatswords.",
    "Passive Skill 2": "HP Up Lv1",
    "Passive Skill 2 Description": "Adds 600 to this unit's max HP.",
    "Passive Skill 3": "Attack Up Lv1",
    "Passive Skill 3 Description": "Adds 150 to this unit's Attack.",
    "Passive Skill 4": "Katana Mastery",
    "Passive Skill 4 Description Description": "Can use weapon skills of Katanas in addition to their original preferred weapon type."
  },
  {
    "quickview-portrait-image src": "https://evertaletoolbox2.runasp.net/files/images/monsters/small/NewRedElf02_2.png",
    "Name": "Pike Apostle",
    "Title": "Pike Apostle",
    "icon36 src": "https://evertaletoolbox2.runasp.net/files/ui/app/RarityIconR01.png",
    "icon10 src": "https://evertaletoolbox2.runasp.net/files/ui/rarity/IconGreyStarSilver01.png",
    "icon10 src (3)": "https://evertaletoolbox2.runasp.net/files/ui/rarity/IconGreyStarSilver01.png",
    "icon10 src (4)": "https://evertaletoolbox2.runasp.net/files/ui/rarity/IconGreyStarSilver01.png",
    "icon36 src (2)": "https://evertaletoolbox2.runasp.net/files/ui/elements/Light.png",
    "Cost": "20",
    "Attack": "488",
    "HP": "2,948",
    "SPD": "24",
    "icon36 src (3)": "https://evertaletoolbox2.runasp.net/files/ui/weapons/Spear.png",
    "Active Skill 1": "Attack",
    "Active Skill 1 Description": "Damage to 1 enemy and allies gain 2 Spirit.",
    "Active Skill 2": "Attack All",
    "Active Skill 2 Description": "Damage to all enemies.",
    "Active Skill 3": "Purify",
    "Active Skill 3 Description": "Removes negative status effects like sleep, burn or poison from 2 allies.",
    "Active Skill 4": "Give Turn",
    "Active Skill 4 Description": "Immediately give 1 other ally the next turn by reducing their current TU to 0. Active skills that grant turns cannot be used on turns given by this skill.",
    "Passive Skill 1": "Stun Revenge",
    "Passive Skill 1 Description": "When this unit is defeated by an enemy, that enemy is stunned for 150TU.",
    "Passive Skill 2": "Attack Up Lv1",
    "Passive Skill 2 Description": "Adds 150 to this unit's Attack.",
    "Passive Skill 3": "Fire Resist Lv1",
    "Passive Skill 3 Description": "5% less damage from attacks by Fire units.",
    "Passive Skill 4": "HP Up Lv1",
    "Passive Skill 4 Description Description": "Adds 600 to this unit's max HP.",
    "Passive Skill 5": "Hammer Mastery",
    "Passive Skill 5 Description": "Can use weapon skills of Hammers in addition to their original preferred weapon type."
  },
  {
    "quickview-portrait-image src": "https://evertaletoolbox2.runasp.net/files/images/monsters/small/GreenFerret02_2.png",
    "Name": "Treasle",
    "Title": "Treasle",
    "icon36 src": "https://evertaletoolbox2.runasp.net/files/ui/app/RarityIconR01.png",
    "icon10 src": "https://evertaletoolbox2.runasp.net/files/ui/rarity/IconGreyStarSilver01.png",
    "icon10 src (3)": "https://evertaletoolbox2.runasp.net/files/ui/rarity/IconGreyStarSilver01.png",
    "icon10 src (4)": "https://evertaletoolbox2.runasp.net/files/ui/rarity/IconGreyStarSilver01.png",
    "icon36 src (2)": "https://evertaletoolbox2.runasp.net/files/ui/elements/Light.png",
    "Cost": "20",
    "Attack": "458",
    "HP": "3,068",
    "SPD": "23",
    "icon36 src (3)": "https://evertaletoolbox2.runasp.net/files/ui/weapons/Staff.png",
    "Active Skill 1": "Attack",
    "Active Skill 1 Description": "Damage to 1 enemy and allies gain 2 Spirit.",
    "Active Skill 2": "Attack All",
    "Active Skill 2 Description": "Damage to all enemies.",
    "Active Skill 3": "Last Heal",
    "Active Skill 3 Description": "Sacrifices the user to heal 2 allies for HP equal to 350% of the user's Attack. Locked for 100TU after the user has entered the battlefield.",
    "Active Skill 4": "Gain Stealth",
    "Active Skill 4 Description": "Grants the Stealth status effect to the user. This will overwrite other status effects on that unit. Stealthed units ignore the next enemy attack that would damage more than 1 target. Any damage will remove stealth.",
    "Passive Skill 1": "Hold Ground",
    "Passive Skill 1 Description": "If this unit would be defeated by an enemy attack or a status effect while having more than 1 HP, it instead survives with 1 HP.",
    "Passive Skill 2": "Attack Up Lv1",
    "Passive Skill 2 Description": "Adds 150 to this unit's Attack.",
    "Passive Skill 3": "Fire Resist Lv1",
    "Passive Skill 3 Description": "5% less damage from attacks by Fire units.",
    "Passive Skill 4": "HP Up Lv1",
    "Passive Skill 4 Description Description": "Adds 600 to this unit's max HP.",
    "Passive Skill 5": "Mace Mastery",
    "Passive Skill 5 Description": "Can use weapon skills of Maces in addition to their original preferred weapon type."
  },
  {
    "quickview-portrait-image src": "https://evertaletoolbox2.runasp.net/files/images/monsters/small/PlainsFox01_2.png",
    "Name": "Erish",
    "Title": "Erish",
    "icon36 src": "https://evertaletoolbox2.runasp.net/files/ui/app/RarityIconR01.png",
    "icon10 src": "https://evertaletoolbox2.runasp.net/files/ui/rarity/IconGreyStarSilver01.png",
    "icon10 src (3)": "https://evertaletoolbox2.runasp.net/files/ui/rarity/IconGreyStarSilver01.png",
    "icon10 src (4)": "https://evertaletoolbox2.runasp.net/files/ui/rarity/IconGreyStarSilver01.png",
    "icon36 src (2)": "https://evertaletoolbox2.runasp.net/files/ui/elements/Earth.png",
    "Cost": "20",
    "Attack": "451",
    "HP": "3,096",
    "SPD": "77",
    "icon36 src (3)": "https://evertaletoolbox2.runasp.net/files/ui/weapons/Katana.png",
    "Active Skill 1": "Attack",
    "Active Skill 1 Description": "Damage to 1 enemy and allies gain 2 Spirit.",
    "Active Skill 2": "Sleep",
    "Active Skill 2 Description": "Grants 1 enemy the Sleep status effect for 200TU. This will overwrite other status effects on that unit. Sleep cannot be applied to a unit that Has Slept while on the battlefield.",
    "Active Skill 3": "Quicken",
    "Active Skill 3 Description": "User's TU costs for all of their skills are reduced by 20%. This will overwrite the effect of previous Quicken skills.",
    "Active Skill 4": "Push Back",
    "Active Skill 4 Description": "Pushes 1 enemy away from the battlefield to be next in line of the enemy reinforcements. This skill can only be used if there are 1 or more enemy reinforcements left.",
    "Passive Skill 1": "Attack Up Lv1",
    "Passive Skill 1 Description": "Adds 150 to this unit's Attack.",
    "Passive Skill 2": "G.sword Resist Lv1",
    "Passive Skill 2 Description": "5% less damage from attacks by units equipped with Greatswords.",
    "Passive Skill 3": "HP Up Lv1",
    "Passive Skill 3 Description": "Adds 600 to this unit's max HP.",
    "Passive Skill 4": "Spear Mastery",
    "Passive Skill 4 Description Description": "Can use weapon skills of Spears in addition to their original preferred weapon type."
  },
  {
    "quickview-portrait-image src": "https://evertaletoolbox2.runasp.net/files/images/monsters/small/ForestOrc01_2.png",
    "Name": "Orc Shaman",
    "Title": "Orc Shaman",
    "icon10 src": "https://evertaletoolbox2.runasp.net/files/ui/rarity/IconBrownStarBronze01.png",
    "icon36 src (2)": "https://evertaletoolbox2.runasp.net/files/ui/elements/Earth.png",
    "Cost": "12",
    "Attack": "313",
    "HP": "1,508",
    "SPD": "254",
    "icon36 src (3)": "https://evertaletoolbox2.runasp.net/files/ui/weapons/Staff.png",
    "Active Skill 1": "Attack",
    "Active Skill 1 Description": "Damage to 1 enemy and allies gain 1 Spirit.",
    "Active Skill 2": "Stealth Strike",
    "Active Skill 2 Description": "400% damage to 1 enemy. Usable if the user has the Stealth status effect. This attack ignores any enemy status effects, damage reduction effects, revenge passive skills, and skin passive skills.",
    "Active Skill 3": "Spirit- Revenge",
    "Active Skill 3 Description": "Whenever this unit is defeated by an enemy, the enemy party loses 2 Spirit.",
    "icon36h32 src": "https://evertaletoolbox2.runasp.net/files/ui/app/RarityIconN01.png"
  },
  {
    "quickview-portrait-image src": "https://evertaletoolbox2.runasp.net/files/images/monsters/small/BlackKnight01_2.png",
    "Name": "Elven Knight",
    "Title": "Elven Knight",
    "icon10 src": "https://evertaletoolbox2.runasp.net/files/ui/rarity/IconBrownStarBronze01.png",
    "icon10 src (3)": "https://evertaletoolbox2.runasp.net/files/ui/rarity/IconBrownStarBronze01.png",
    "icon36 src (2)": "https://evertaletoolbox2.runasp.net/files/ui/elements/Dark.png",
    "Cost": "16",
    "Attack": "411",
    "HP": "1,636",
    "SPD": "374",
    "icon36 src (3)": "https://evertaletoolbox2.runasp.net/files/ui/weapons/Sword.png",
    "Active Skill 1": "Brash Strike",
    "Active Skill 1 Description": "150% damage to 1 enemy and allies gain 1 Spirit. Reflects 30% of the damage to the user.",
    "Active Skill 2": "Guard Breaker",
    "Active Skill 2 Description": "400% damage to 1 enemy if they are a Guardian.",
    "Active Skill 3": "Time Bolt",
    "Active Skill 3 Description": "400% damage to 1 enemy if they have 150TU or more in the turn order. 500% damage if the target has 200TU or more.",
    "Active Skill 4": "Spirit+ Revenge",
    "Active Skill 4 Description": "Whenever this unit is defeated by an enemy, allies gain 2 Spirit.",
    "icon36h32 src": "https://evertaletoolbox2.runasp.net/files/ui/app/RarityIconN01.png"
  },
  {
    "quickview-portrait-image src": "https://evertaletoolbox2.runasp.net/files/images/monsters/small/HornedYeti01_2.png",
    "Name": "Wendigo",
    "Title": "Wendigo",
    "icon10 src": "https://evertaletoolbox2.runasp.net/files/ui/rarity/IconBrownStarBronze01.png",
    "icon36 src (2)": "https://evertaletoolbox2.runasp.net/files/ui/elements/Water.png",
    "Cost": "12",
    "Attack": "315",
    "HP": "1,500",
    "SPD": "257",
    "icon36 src (3)": "https://evertaletoolbox2.runasp.net/files/ui/weapons/Hammer.png",
    "Active Skill 1": "Attack",
    "Active Skill 1 Description": "Damage to 1 enemy and allies gain 1 Spirit.",
    "Active Skill 2": "Final Strike",
    "Active Skill 2 Description": "400% damage to 1 enemy. Usable only if the user has no allies on the battlefield.",
    "Active Skill 3": "Stun Revenge",
    "Active Skill 3 Description": "When this unit is defeated by an enemy, that enemy is stunned for 100TU.",
    "icon36h32 src": "https://evertaletoolbox2.runasp.net/files/ui/app/RarityIconN01.png"
  }
]