[
  {
    "quickview-portrait-image src": "https://evertaletoolbox2.runasp.net/files/images/monsters/small/DarkLudmilla02_2.png",
    "Name": "Endless Ludmilla",
    "Title": "Savior of the Living City",
    "icon36 src": "https://evertaletoolbox2.runasp.net/files/ui/app/RarityIconSsr01.png",
    "icon10 src": "https://evertaletoolbox2.runasp.net/files/ui/rarity/IconRainbowStar01.png",
    "icon10 src (6)": "https://evertaletoolbox2.runasp.net/files/ui/rarity/IconRainbowStar01.png",
    "icon36 src (2)": "https://evertaletoolbox2.runasp.net/files/ui/elements/Fire.png",
    "Cost": "34",
    "Attack": "1,493",
    "HP": "6,946",
    "SPD": "392",
    "icon36 src (3)": "https://evertaletoolbox2.runasp.net/files/ui/weapons/Spear.png",
    "Leader Skill": "Blood Skills Up",
    "Leader Skill Description": "Allies add 80% to the damage % of Blood Shot type skills. (e.g. Blood Nova: 400% => 480% damage)",
    "Active Skill 1": "Swift Strike",
    "Active Skill 1 Description": "75% damage to 1 enemy and allies gain 1 Spirit.",
    "Active Skill 2": "Burn Drain",
    "Active Skill 2 Description": "300% damage to 1 enemy and heals the user for 50% of max HP if damage is dealt. Usable if the user has the Burn status effect.",
    "Active Skill 3": "Call Minion x2",
    "Active Skill 3 Description": "Adds 2 Himoris to the very end of the allied reinforcements. This skill becomes locked for 200TU after use.",
    "Active Skill 4": "Blood Nova",
    "Active Skill 4 Description": "Sacrifices the last unit in the allied reinforcements for 400% damage to 1 enemy. Usable only if there are 1 or more allied reinforcements left.",
    "Passive Skill 1": "Augment: Burn",
    "Passive Skill 1 Description": "This unit gains the Burn status effect after dealing damage with an attack. This will overwrite other status effects on the unit. This will not activate if the unit begins its turn burning. Any unit that deals damage to or is dealt damage by a unit with burn will also become burned.",
    "Passive Skill 2": "Burning Focus",
    "Passive Skill 2 Description": "This unit is not affected by stun effects while they have the Burn status effect.",
    "Passive Skill 3": "HP Up Lv3",
    "Passive Skill 3 Description": "Adds 1200 to this unit's max HP.",
    "Passive Skill 4": "Sword Hunter Lv3",
    "Passive Skill 4 Description Description": "10% bonus to attacks against units equipped with Swords.",
    "Passive Skill 5": "Attack Up Lv3",
    "Passive Skill 5 Description": "Adds 300 to this unit's Attack.",
    "Passive Skill 6 Description": "Greatsword Mastery",
    "Passive Skill 6": "Can use weapon skills of Greatswords in addition to their original preferred weapon type."
  },
  {
    "quickview-portrait-image src": "https://evertaletoolbox2.runasp.net/files/images/monsters/small/WindDragon02_2.png",
    "Name": "Aethrodon",
    "Title": "Gossamer Drake",
    "icon36 src": "https://evertaletoolbox2.runasp.net/files/ui/app/RarityIconSr01.png",
    "icon10 src": "https://evertaletoolbox2.runasp.net/files/ui/rarity/IconBlackStarGold01.png",
    "icon36 src (2)": "https://evertaletoolbox2.runasp.net/files/ui/elements/Earth.png",
    "Cost": "28",
    "Attack": "801",
    "HP": "4,789",
    "SPD": "390",
    "icon36 src (3)": "https://evertaletoolbox2.runasp.net/files/ui/weapons/Katana.png",
    "Leader Skill": "Earth Attack Up",
    "Leader Skill Description": "Allied Earth element units have their Attack increased by 10%.",
    "Active Skill 1": "Attack",
    "Active Skill 1 Description": "Damage to 1 enemy and allies gain 2 Spirit.",
    "Active Skill 2": "Purify",
    "Active Skill 2 Description": "Removes negative status effects like sleep, burn or poison from 2 allies.",
    "Active Skill 3": "Payback Strike",
    "Active Skill 3 Description": "500% damage to 1 enemy. Unlocked each time an ally on the battlefield is defeated or sacrificed by any source. This skill is locked again after each use or if the user leaves the battlefield.",
    "Active Skill 4": "Quicken Ally",
    "Active Skill 4 Description": "1 ally's TU costs for all of their skills are reduced by 20%. This will overwrite the effect of previous Quicken skills.",
    "Passive Skill 1": "Spirit+ Revenge",
    "Passive Skill 1 Description": "Whenever this unit is defeated by an enemy, allies gain 2 Spirit.",
    "Passive Skill 2": "Summon Entry",
    "Passive Skill 2 Description": "Adds 1 Chimori to the very end of this unit's team. Triggered when this unit enters the battlefield from the allied reinforcements.",
    "Passive Skill 3": "Mace Resist Lv2",
    "Passive Skill 3 Description": "7% less damage from attacks by units equipped with Maces.",
    "Passive Skill 4": "HP Up Lv2",
    "Passive Skill 4 Description Description": "Adds 800 to this unit's max HP.",
    "Passive Skill 5": "Attack Up Lv2",
    "Passive Skill 5 Description": "Adds 200 to this unit's Attack.",
    "Passive Skill 6 Description": "Hammer Mastery",
    "Passive Skill 6": "Can use weapon skills of Hammers in addition to their original preferred weapon type."
  },
  {
    "quickview-portrait-image src": "https://evertaletoolbox2.runasp.net/files/images/monsters/small/BatWingWarrior02_2.png",
    "Name": "Endless Phantom",
    "Title": "Shadeborn Menace",
    "icon36 src": "https://evertaletoolbox2.runasp.net/files/ui/app/RarityIconSr01.png",
    "icon10 src": "https://evertaletoolbox2.runasp.net/files/ui/rarity/IconBlackStarGold01.png",
    "icon36 src (2)": "https://evertaletoolbox2.runasp.net/files/ui/elements/Fire.png",
    "Cost": "28",
    "Attack": "882",
    "HP": "4,386",
    "SPD": "318",
    "icon36 src (3)": "https://evertaletoolbox2.runasp.net/files/ui/weapons/GreatSword.png",
    "Leader Skill": "Fire Attack Up",
    "Leader Skill Description": "Allied Fire element units have their Attack increased by 10%.",
    "Active Skill 1": "Brash Strike",
    "Active Skill 1 Description": "135% damage to 1 enemy and allies gain 2 Spirit. Reflects 25% of the damage to the user.",
    "Active Skill 2": "Ignition",
    "Active Skill 2 Description": "The user gains the Burn status effect. This will overwrite other status effects on that unit. Any unit that deals damage to or is dealt damage by a unit with burn will also become burned.",
    "Active Skill 3": "Burn Blast",
    "Active Skill 3 Description": "250% damage to 2 enemies. Usable if the user has the Burn status effect.",
    "Active Skill 4": "Blood Nova",
    "Active Skill 4 Description": "Sacrifices the last unit in the allied reinforcements for 400% damage to 1 enemy. Usable only if there are 1 or more allied reinforcements left.",
    "Passive Skill 1": "Minion Revenge",
    "Passive Skill 1 Description": "When this unit is defeated by an enemy, add 1 Himori to the very end of the allied reinforcements.",
    "Passive Skill 2": "Burning Focus",
    "Passive Skill 2 Description": "This unit is not affected by stun effects while they have the Burn status effect.",
    "Passive Skill 3": "Earth Resist Lv2",
    "Passive Skill 3 Description": "7% less damage from attacks by Earth units.",
    "Passive Skill 4": "HP Up Lv2",
    "Passive Skill 4 Description Description": "Adds 800 to this unit's max HP.",
    "Passive Skill 5": "Attack Up Lv2",
    "Passive Skill 5 Description": "Adds 200 to this unit's Attack.",
    "Passive Skill 6 Description": "Greataxe Mastery",
    "Passive Skill 6": "Can use weapon skills of Greataxes in addition to their original preferred weapon type."
  },
  {
    "quickview-portrait-image src": "https://evertaletoolbox2.runasp.net/files/images/monsters/small/DancingAssassin02_2.png",
    "Name": "Alira",
    "Title": "Silk-Veiled Siren",
    "icon36 src": "https://evertaletoolbox2.runasp.net/files/ui/app/RarityIconSsr01.png",
    "icon10 src": "https://evertaletoolbox2.runasp.net/files/ui/rarity/IconRainbowStar01.png",
    "icon10 src (6)": "https://evertaletoolbox2.runasp.net/files/ui/rarity/IconRainbowStar01.png",
    "icon36 src (2)": "https://evertaletoolbox2.runasp.net/files/ui/elements/Water.png",
    "Cost": "34",
    "Attack": "1,450",
    "HP": "7,164",
    "SPD": "300",
    "icon36 src (3)": "https://evertaletoolbox2.runasp.net/files/ui/weapons/Sword.png",
    "Leader Skill": "Water ATK & HP Up",
    "Leader Skill Description": "Allied Water element units have their Attack increased by 10% and max HP increased by 7%.",
    "Active Skill 1": "Attack",
    "Active Skill 1 Description": "Damage to 1 enemy and allies gain 2 Spirit.",
    "Active Skill 2": "Sleep",
    "Active Skill 2 Description": "Grants 1 enemy the Sleep status effect for 200TU. This will overwrite other status effects on that unit. Sleep cannot be applied to a unit that Has Slept while on the battlefield.",
    "Active Skill 3": "Nightmare Drain",
    "Active Skill 3 Description": "600% damage to 1 enemy if they are sleeping, this damage will not wake up the enemy. If damage is dealt to a sleeping target, the user recovers HP to 100% of its own max.",
    "Active Skill 4": "Survivor's Fury",
    "Active Skill 4 Description": "500% damage to 1 enemy. Locked for 300TU after the user has entered the battlefield.",
    "Passive Skill 1": "Vigor Armor",
    "Passive Skill 1 Description": "50% less attack damage taken by the user while at max HP.",
    "Passive Skill 2": "Sleep Random Revenge",
    "Passive Skill 2 Description": "Whenever this unit is defeated by an enemy, a random enemy gains the Sleep status effect for 200TU. This will overwrite other status effects on that unit. Sleep cannot be applied to a unit that Has Slept while on the battlefield.",
    "Passive Skill 3": "Water Resist Lv3",
    "Passive Skill 3 Description": "10% less damage from attacks by Water units.",
    "Passive Skill 4": "HP Up Lv3",
    "Passive Skill 4 Description Description": "Adds 1200 to this unit's max HP.",
    "Passive Skill 5": "Attack Up Lv3",
    "Passive Skill 5 Description": "Adds 300 to this unit's Attack.",
    "Passive Skill 6 Description": "Mace Mastery",
    "Passive Skill 6": "Can use weapon skills of Maces in addition to their original preferred weapon type."
  },
  {
    "quickview-portrait-image src": "https://evertaletoolbox2.runasp.net/files/images/monsters/small/SamuraiGirl02_2.png",
    "Name": "Shiori",
    "Title": "Steel-Edged Sakura",
    "icon36 src": "https://evertaletoolbox2.runasp.net/files/ui/app/RarityIconSsr01.png",
    "icon10 src": "https://evertaletoolbox2.runasp.net/files/ui/rarity/IconRainbowStar01.png",
    "icon10 src (6)": "https://evertaletoolbox2.runasp.net/files/ui/rarity/IconRainbowStar01.png",
    "icon36 src (2)": "https://evertaletoolbox2.runasp.net/files/ui/elements/Storm.png",
    "Cost": "34",
    "Attack": "1,520",
    "HP": "6,813",
    "SPD": "306",
    "icon36 src (3)": "https://evertaletoolbox2.runasp.net/files/ui/weapons/Katana.png",
    "Leader Skill": "Storm Attack Up",
    "Leader Skill Description": "Allied Storm units have their Attack increased by 15%.",
    "Active Skill 1": "Swift Strike",
    "Active Skill 1 Description": "75% damage to 1 enemy and allies gain 1 Spirit.",
    "Active Skill 2": "Over Drive",
    "Active Skill 2 Description": "500% damage to 1 enemy. Usable only if the user's party has 7 or more Spirit.",
    "Active Skill 3": "Time Strike",
    "Active Skill 3 Description": "500% damage to 2 enemies if they have 130TU or more in the turn order. 600% damage if the target has 200TU or more.",
    "Active Skill 4": "Savage Drain",
    "Active Skill 4 Description": "500% damage to 1 enemy and heals the user for 50% of max HP if damage is dealt. Usable if the user has defeated 1+ units with attacks while on the battlefield.",
    "Passive Skill 1": "Spirit+ Entry",
    "Passive Skill 1 Description": "Grants allies 3 Spirit. Triggered when this unit enters the battlefield from reinforcements.",
    "Passive Skill 2": "Hold Ground",
    "Passive Skill 2 Description": "If this unit would be defeated by an enemy attack or a status effect while having more than 1 HP, it instead survives with 1 HP.",
    "Passive Skill 3": "HP Up Lv3",
    "Passive Skill 3 Description": "Adds 1200 to this unit's max HP.",
    "Passive Skill 4": "Spear Hunter Lv3",
    "Passive Skill 4 Description Description": "10% bonus to attacks against units equipped with Spears.",
    "Passive Skill 5": "Attack Up Lv3",
    "Passive Skill 5 Description": "Adds 300 to this unit's Attack.",
    "Passive Skill 6 Description": "Greataxe Mastery",
    "Passive Skill 6": "Can use weapon skills of Greataxes in addition to their original preferred weapon type."
  },
  {
    "quickview-portrait-image src": "https://evertaletoolbox2.runasp.net/files/images/monsters/small/EarthKaiju02_2.png",
    "Name": "Voraxion",
    "Title": "Adamantine Maw",
    "icon36 src": "https://evertaletoolbox2.runasp.net/files/ui/app/RarityIconSsr01.png",
    "icon10 src": "https://evertaletoolbox2.runasp.net/files/ui/rarity/IconRainbowStar01.png",
    "icon10 src (6)": "https://evertaletoolbox2.runasp.net/files/ui/rarity/IconRainbowStar01.png",
    "icon36 src (2)": "https://evertaletoolbox2.runasp.net/files/ui/elements/Earth.png",
    "Cost": "34",
    "Attack": "1,467",
    "HP": "7,685",
    "SPD": "244",
    "icon36 src (3)": "https://evertaletoolbox2.runasp.net/files/ui/weapons/GreatAxe.png",
    "Leader Skill": "Earth ATK & HP Up",
    "Leader Skill Description": "Allied Earth element units have their Attack increased by 10% and max HP increased by 7%.",
    "Active Skill 1": "Attack",
    "Active Skill 1 Description": "Damage to 1 enemy and allies gain 2 Spirit.",
    "Active Skill 2": "Status Drain",
    "Active Skill 2 Description": "Removes any status effect from 1 enemy. If an effect is removed, heals the user for 10% of max HP and allies are granted 1 Spirit.",
    "Active Skill 3": "Desperate Drain",
    "Active Skill 3 Description": "500% damage to 1 enemy, and the user recovers HP by 50% of its own max if damage is dealt. Usable only if the user's HP is at 25% or less.",
    "Active Skill 4": "Survival Bomb",
    "Active Skill 4 Description": "Sacrifices the user for 400% damage to all enemies. Locked for 300TU after the user enters the battlefield. 500% damage if the user has survived for 400TU.",
    "Passive Skill 1": "Hold Ground",
    "Passive Skill 1 Description": "If this unit would be defeated by an enemy attack or a status effect while having more than 1 HP, it instead survives with 1 HP.",
    "Passive Skill 2": "Immovable",
    "Passive Skill 2 Description": "This unit cannot be sent to the reinforcements from the battlefield.",
    "Passive Skill 3": "HP Up Lv3",
    "Passive Skill 3 Description": "Adds 1200 to this unit's max HP.",
    "Passive Skill 4": "Hammer Hunter Lv3",
    "Passive Skill 4 Description Description": "10% bonus to attacks against units equipped with Hammers.",
    "Passive Skill 5": "Attack Up Lv3",
    "Passive Skill 5 Description": "Adds 300 to this unit's Attack.",
    "Passive Skill 6 Description": "Hammer Mastery",
    "Passive Skill 6": "Can use weapon skills of Hammers in addition to their original preferred weapon type."
  },
  {
    "quickview-portrait-image src": "https://evertaletoolbox2.runasp.net/files/images/monsters/small/ChineseRizette02_2.png",
    "Name": "Rizette",
    "Title": "Spring's First Blossom",
    "icon36 src": "https://evertaletoolbox2.runasp.net/files/ui/app/RarityIconSsr01.png",
    "icon10 src": "https://evertaletoolbox2.runasp.net/files/ui/rarity/IconRainbowStar01.png",
    "icon10 src (6)": "https://evertaletoolbox2.runasp.net/files/ui/rarity/IconRainbowStar01.png",
    "icon36 src (2)": "https://evertaletoolbox2.runasp.net/files/ui/elements/Fire.png",
    "Cost": "34",
    "Attack": "1,407",
    "HP": "7,376",
    "SPD": "333",
    "icon36 src (3)": "https://evertaletoolbox2.runasp.net/files/ui/weapons/Sword.png",
    "Leader Skill": "Fire Attack Up",
    "Leader Skill Description": "Allied Fire element units have their Attack increased by 15%.",
    "Active Skill 1": "Brash Strike",
    "Active Skill 1 Description": "125% damage to 2 enemies and allies gain 1 Spirit. Reflects 15% of the total damage to the user.",
    "Active Skill 2": "Burn Blast",
    "Active Skill 2 Description": "300% damage to 1 enemy. Usable if the user has the Burn status effect.",
    "Active Skill 3": "Ignition Dance",
    "Active Skill 3 Description": "The user and 1 random other ally gain the Burn status effect. This will overwrite other status effects on both units. Any unit that deals damage to or is dealt damage by a unit with burn will also become burned.",
    "Active Skill 4": "Burn Drive",
    "Active Skill 4 Description": "500% damage to 1 enemy. Usable only if there are at least 4 units with the Burn status effect. 600% damage if there are at least 6 units with burn.",
    "Passive Skill 1": "Burning Dawn",
    "Passive Skill 1 Description": "This unit gains the Burn status effect. Triggered at the very start of the battle if this unit is on the battlefield.",
    "Passive Skill 2": "Burning Focus",
    "Passive Skill 2 Description": "This unit is not affected by stun effects while they have the Burn status effect.",
    "Passive Skill 3": "HP Up Lv3",
    "Passive Skill 3 Description": "Adds 1200 to this unit's max HP.",
    "Passive Skill 4": "Earth Resist Lv3",
    "Passive Skill 4 Description Description": "10% less damage from attacks by Earth units.",
    "Passive Skill 5": "Attack Up Lv3",
    "Passive Skill 5 Description": "Adds 300 to this unit's Attack.",
    "Passive Skill 6 Description": "Mace Mastery",
    "Passive Skill 6": "Can use weapon skills of Maces in addition to their original preferred weapon type."
  },
  {
    "quickview-portrait-image src": "https://evertaletoolbox2.runasp.net/files/images/monsters/small/ChristmasCatEar02_2.png",
    "Name": "Shanna",
    "Title": "Snowkissed Maid",
    "icon36 src": "https://evertaletoolbox2.runasp.net/files/ui/app/RarityIconSr01.png",
    "icon10 src": "https://evertaletoolbox2.runasp.net/files/ui/rarity/IconBlackStarGold01.png",
    "icon36 src (2)": "https://evertaletoolbox2.runasp.net/files/ui/elements/Light.png",
    "Cost": "28",
    "Attack": "702",
    "HP": "5,286",
    "SPD": "75",
    "icon36 src (3)": "https://evertaletoolbox2.runasp.net/files/ui/weapons/Hammer.png",
    "Leader Skill": "Light HP Up",
    "Leader Skill Description": "Allied Light element units have their max HP increased by 7%.",
    "Active Skill 1": "Attack",
    "Active Skill 1 Description": "Damage to 1 enemy and allies gain 2 Spirit.",
    "Active Skill 2": "Give Turn",
    "Active Skill 2 Description": "Immediately give 1 other ally the next turn by reducing their current TU to 0. Active skills that grant turns cannot be used on turns given by this skill.",
    "Active Skill 3": "Pain Spirit",
    "Active Skill 3 Description": "Reduces the user's current HP by 30% of max and allies are granted 3 Spirit.",
    "Active Skill 4": "Push Back",
    "Active Skill 4 Description": "Pushes 1 enemy away from the battlefield to be next in line of the enemy reinforcements. This skill can only be used if there are 1 or more enemy reinforcements left.",
    "Passive Skill 1": "Elixir Revenge",
    "Passive Skill 1 Description": "Whenever this unit is defeated by an enemy, all allies on the battlefield are healed for 30% of their own max HP and any negative status effects like sleep, burn or poison are removed from them once TU next advances. The timing of these effects in relation to any other effects or skills triggering or expiring at any time between turns is not guaranteed, and they will only apply to units that have been on the battlefield since this unit was defeated.",
    "Passive Skill 2": "Attack Up Lv2",
    "Passive Skill 2 Description": "Adds 200 to this unit's Attack.",
    "Passive Skill 3": "Light Resist Lv2",
    "Passive Skill 3 Description": "7% less damage from attacks by Light units.",
    "Passive Skill 4": "HP Up Lv2",
    "Passive Skill 4 Description Description": "Adds 800 to this unit's max HP.",
    "Passive Skill 5": "Greatsword Mastery",
    "Passive Skill 5 Description": "Can use weapon skills of Greatswords in addition to their original preferred weapon type."
  },
  {
    "quickview-portrait-image src": "https://evertaletoolbox2.runasp.net/files/images/monsters/small/NewYearRolotia02_2.png",
    "Name": "Rolotia",
    "Title": "Timeless Beauty",
    "icon36 src": "https://evertaletoolbox2.runasp.net/files/ui/app/RarityIconSsr01.png",
    "icon10 src": "https://evertaletoolbox2.runasp.net/files/ui/rarity/IconRainbowStar01.png",
    "icon10 src (6)": "https://evertaletoolbox2.runasp.net/files/ui/rarity/IconRainbowStar01.png",
    "icon36 src (2)": "https://evertaletoolbox2.runasp.net/files/ui/elements/Earth.png",
    "Cost": "34",
    "Attack": "1,103",
    "HP": "8,896",
    "SPD": "73",
    "icon36 src (3)": "https://evertaletoolbox2.runasp.net/files/ui/weapons/Staff.png",
    "Leader Skill": "Earth HP Up",
    "Leader Skill Description": "Allied Earth element units have their max HP increased by 10%.",
    "Active Skill 1": "Attack",
    "Active Skill 1 Description": "Damage to 1 enemy and allies gain 2 Spirit.",
    "Active Skill 2": "Chrono Command",
    "Active Skill 2 Description": "Immediately give 1 other ally the next turn by reducing their current TU to 0. This skill becomes locked for 200TU after use. Active skills that grant turns cannot be used on turns given by this skill.",
    "Active Skill 3": "Payback Strike",
    "Active Skill 3 Description": "500% damage to 1 enemy. Unlocked each time an ally on the battlefield is defeated or sacrificed by any source. This skill is locked again after each use or if the user leaves the battlefield.",
    "Active Skill 4": "Quicken Allies",
    "Active Skill 4 Description": "2 allies' TU costs for all of their skills are reduced by 20%. This will overwrite the effect of previous Quicken skills.",
    "Passive Skill 1": "Sleep Revenge",
    "Passive Skill 1 Description": "Whenever this unit is defeated by an enemy, that enemy gains the Sleep status effect for 200TU. This will overwrite other status effects on that unit. Sleep cannot be applied to a unit that Has Slept while on the battlefield.",
    "Passive Skill 2": "Sword Resist Lv3",
    "Passive Skill 2 Description": "10% less damage from attacks by units equipped with Swords.",
    "Passive Skill 3": "Attack Up Lv3",
    "Passive Skill 3 Description": "Adds 300 to this unit's Attack.",
    "Passive Skill 4": "HP Up Lv3",
    "Passive Skill 4 Description Description": "Adds 1200 to this unit's max HP.",
    "Passive Skill 5": "Mace Mastery",
    "Passive Skill 5 Description": "Can use weapon skills of Maces in addition to their original preferred weapon type."
  },
  {
    "quickview-portrait-image src": "https://evertaletoolbox2.runasp.net/files/images/monsters/small/ChristmasElmina02_2.png",
    "Name": "Elmina",
    "Title": "Yuletide Rogue",
    "icon36 src": "https://evertaletoolbox2.runasp.net/files/ui/app/RarityIconSsr01.png",
    "icon10 src": "https://evertaletoolbox2.runasp.net/files/ui/rarity/IconRainbowStar01.png",
    "icon10 src (6)": "https://evertaletoolbox2.runasp.net/files/ui/rarity/IconRainbowStar01.png",
    "icon36 src (2)": "https://evertaletoolbox2.runasp.net/files/ui/elements/Light.png",
    "Cost": "34",
    "Attack": "1,256",
    "HP": "8,133",
    "SPD": "147",
    "icon36 src (3)": "https://evertaletoolbox2.runasp.net/files/ui/weapons/Spear.png",
    "Leader Skill": "Light Attack Up",
    "Leader Skill Description": "Allied Light element units have their Attack increased by 15%.",
    "Active Skill 1": "Attack",
    "Active Skill 1 Description": "Damage to 1 enemy and allies gain 2 Spirit.",
    "Active Skill 2": "Healing Armor",
    "Active Skill 2 Description": "The user is healed for 30% of max HP and gains the Armor status effect. This will overwrite other status effects on the user. Armor grants 50% damage reduction from the next attack, then the effect is removed.",
    "Active Skill 3": "Survivor's Fury",
    "Active Skill 3 Description": "500% damage to 2 enemies. Locked for 300TU after the user has entered the battlefield.",
    "Active Skill 4": "Desperate Strike",
    "Active Skill 4 Description": "400% damage to 1 enemy. Usable only if the user's HP is at 50% or less. 500% damage if the user's HP is at 25% or less.",
    "Passive Skill 1": "Stun Revenge",
    "Passive Skill 1 Description": "When this unit is defeated by an enemy, that enemy is stunned for 200TU.",
    "Passive Skill 2": "Axe Hunter Lv3",
    "Passive Skill 2 Description": "10% bonus to attacks against units equipped with Axes.",
    "Passive Skill 3": "HP Up Lv3",
    "Passive Skill 3 Description": "Adds 1200 to this unit's max HP.",
    "Passive Skill 4": "Attack Up Lv3",
    "Passive Skill 4 Description Description": "Adds 300 to this unit's Attack.",
    "Passive Skill 5": "Katana Mastery",
    "Passive Skill 5 Description": "Can use weapon skills of Katanas in addition to their original preferred weapon type."
  }
]