[
  {
    "quickview-portrait-image src": "https://evertaletoolbox2.runasp.net/files/images/monsters/small/PlainsMammalDojo01_2.png",
    "Name": "Krish",
    "icon36h32 src": "https://evertaletoolbox2.runasp.net/files/ui/app/RarityIconN01.png",
    "icon10 src": "https://evertaletoolbox2.runasp.net/files/ui/rarity/IconBrownStarBronze01.png",
    "icon10 src (2)": "https://evertaletoolbox2.runasp.net/files/ui/rarity/IconBrownStarBronze01.png",
    "icon36 src": "https://evertaletoolbox2.runasp.net/files/ui/elements/Light.png",
    "Cost": "12",
    "Attack": "318",
    "HP": "1,488",
    "SPD": "248",
    "icon36 src (2)": "https://evertaletoolbox2.runasp.net/files/ui/weapons/Hammer.png",
    "Active Skill 1": "Attack",
    "Active Skill 1 Description": "Damage to 1 enemy and allies gain 1 Spirit.",
    "Active Skill 2": "Vengeance Claw",
    "Active Skill 2 Description": "300% damage to 1 enemy if they have defeated 1+ units with attacks while on the battlefield.",
    "Active Skill 3": "Stun Revenge",
    "Active Skill 3 Description": "When this unit is defeated by an enemy, that enemy is stunned for 100TU."
  },
  {
    "quickview-portrait-image src": "https://evertaletoolbox2.runasp.net/files/images/monsters/small/AstridDojo01_2.png",
    "Name": "Astrid",
    "icon36h32 src": "https://evertaletoolbox2.runasp.net/files/ui/app/RarityIconN01.png",
    "icon10 src": "https://evertaletoolbox2.runasp.net/files/ui/rarity/IconBrownStarBronze01.png",
    "icon10 src (2)": "https://evertaletoolbox2.runasp.net/files/ui/rarity/IconBrownStarBronze01.png",
    "icon36 src": "https://evertaletoolbox2.runasp.net/files/ui/elements/Fire.png",
    "Cost": "16",
    "Attack": "415",
    "HP": "1,620",
    "SPD": "255",
    "icon36 src (2)": "https://evertaletoolbox2.runasp.net/files/ui/weapons/GreatSword.png",
    "Active Skill 1": "Attack",
    "Active Skill 1 Description": "Damage to 1 enemy and allies gain 1 Spirit.",
    "Active Skill 2": "Guard Breaker",
    "Active Skill 2 Description": "400% damage to 1 enemy if they are a Guardian.",
    "Active Skill 3": "Desperate Blow",
    "Active Skill 3 Description": "300% damage to 1 enemy. Usable only if the user's HP is at 50% or less. 400% damage if the user's HP is at 25% or less.",
    "icon10 src (3)": "https://evertaletoolbox2.runasp.net/files/ui/rarity/IconBrownStarBronze01.png"
  },
  {
    "quickview-portrait-image src": "https://evertaletoolbox2.runasp.net/files/images/monsters/small/FlyingSnakeDojo01_2.png",
    "Name": "Serpent Idol",
    "icon36h32 src": "https://evertaletoolbox2.runasp.net/files/ui/app/RarityIconN01.png",
    "icon10 src": "https://evertaletoolbox2.runasp.net/files/ui/rarity/IconBrownStarBronze01.png",
    "icon10 src (2)": "https://evertaletoolbox2.runasp.net/files/ui/rarity/IconBrownStarBronze01.png",
    "icon36 src": "https://evertaletoolbox2.runasp.net/files/ui/elements/Earth.png",
    "Cost": "12",
    "Attack": "283",
    "HP": "1,628",
    "SPD": "102",
    "icon36 src (2)": "https://evertaletoolbox2.runasp.net/files/ui/weapons/Spear.png",
    "Active Skill 1": "Attack",
    "Active Skill 1 Description": "Damage to 1 enemy and allies gain 1 Spirit.",
    "Active Skill 2": "Guard Allies",
    "Active Skill 2 Description": "The user becomes a Guardian. For any enemy attack that would hit 1 or 2 other allies, 1 of the hits is instead redirected to this unit. This unit will not redirect skills that don't deal damage. Usable only if this unit is not already a Guardian.",
    "Active Skill 3": "Stun Absorb",
    "Active Skill 3 Description": "Whenever any ally would be affected by stun, this unit takes the stun instead."
  },
  {
    "quickview-portrait-image src": "https://evertaletoolbox2.runasp.net/files/images/monsters/small/IceWolfDojo01_2.png",
    "Name": "Frostfenris",
    "icon36h32 src": "https://evertaletoolbox2.runasp.net/files/ui/app/RarityIconN01.png",
    "icon10 src": "https://evertaletoolbox2.runasp.net/files/ui/rarity/IconBrownStarBronze01.png",
    "icon10 src (2)": "https://evertaletoolbox2.runasp.net/files/ui/rarity/IconBrownStarBronze01.png",
    "icon36 src": "https://evertaletoolbox2.runasp.net/files/ui/elements/Water.png",
    "Cost": "16",
    "Attack": "419",
    "HP": "1,604",
    "SPD": "261",
    "icon36 src (2)": "https://evertaletoolbox2.runasp.net/files/ui/weapons/GreatAxe.png",
    "Active Skill 1": "Attack",
    "Active Skill 1 Description": "Damage to 1 enemy and allies gain 1 Spirit.",
    "Active Skill 2": "Vigor Impact",
    "Active Skill 2 Description": "250% damage to 1 enemy. Usable only if the user's HP is at 75%+.",
    "Active Skill 3": "Grant Stealth",
    "Active Skill 3 Description": "Grants the Stealth status effect to 1 ally. This will overwrite other status effects on that unit. Stealthed units ignore the next enemy attack that would damage more than 1 target. Any damage will remove stealth.",
    "icon10 src (3)": "https://evertaletoolbox2.runasp.net/files/ui/rarity/IconBrownStarBronze01.png"
  },
  {
    "quickview-portrait-image src": "https://evertaletoolbox2.runasp.net/files/images/monsters/small/ForestBearDojo02_2.png",
    "Name": "Noctursus",
    "icon10 src": "https://evertaletoolbox2.runasp.net/files/ui/rarity/IconGreyStarSilver01.png",
    "icon10 src (2)": "https://evertaletoolbox2.runasp.net/files/ui/rarity/IconGreyStarSilver01.png",
    "icon36 src": "https://evertaletoolbox2.runasp.net/files/ui/elements/Dark.png",
    "Cost": "20",
    "Attack": "548",
    "HP": "2,708",
    "SPD": "273",
    "icon36 src (2)": "https://evertaletoolbox2.runasp.net/files/ui/weapons/GreatAxe.png",
    "Active Skill 1": "Brash Strike",
    "Active Skill 1 Description": "150% damage to 1 enemy and allies gain 1 Spirit. Reflects 30% of the damage to the user.",
    "Active Skill 2": "Attack All",
    "Active Skill 2 Description": "Damage to all enemies.",
    "Active Skill 3": "Poison Devour",
    "Active Skill 3 Description": "400% damage to 1 enemy if they are poisoned.",
    "icon10 src (3)": "https://evertaletoolbox2.runasp.net/files/ui/rarity/IconGreyStarSilver01.png",
    "icon36 src (3)": "https://evertaletoolbox2.runasp.net/files/ui/app/RarityIconR01.png",
    "icon10 src (4)": "https://evertaletoolbox2.runasp.net/files/ui/rarity/IconGreyStarSilver01.png",
    "Active Skill 4": "Quicken",
    "Active Skill 4 Description": "User's TU costs for all of their skills are reduced by 20%. This will overwrite the effect of previous Quicken skills.",
    "Passive Skill 1": "Spear Resist Lv1",
    "Passive Skill 1 Description": "5% less damage from attacks by units equipped with Spears.",
    "Passive Skill 2": "HP Up Lv1",
    "Passive Skill 2 Description": "Adds 600 to this unit's max HP.",
    "Passive Skill 3": "Attack Up Lv1",
    "Passive Skill 3 Description": "Adds 150 to this unit's Attack.",
    "Passive Skill 4": "Spear Mastery",
    "Passive Skill 4 Description Description": "Can use weapon skills of Spears in addition to their original preferred weapon type."
  },
  {
    "quickview-portrait-image src": "https://evertaletoolbox2.runasp.net/files/images/monsters/small/PurpleWaspDojo01_2.png",
    "Name": "Tiger Hornet",
    "icon36h32 src": "https://evertaletoolbox2.runasp.net/files/ui/app/RarityIconN01.png",
    "icon10 src": "https://evertaletoolbox2.runasp.net/files/ui/rarity/IconBrownStarBronze01.png",
    "icon36 src": "https://evertaletoolbox2.runasp.net/files/ui/elements/Storm.png",
    "Cost": "8",
    "Attack": "299",
    "HP": "1,114",
    "SPD": "140",
    "icon36 src (2)": "https://evertaletoolbox2.runasp.net/files/ui/weapons/Mace.png",
    "Active Skill 1": "Poison",
    "Active Skill 1 Description": "300% damage to 1 enemy if they are poisoned.",
    "Active Skill 2": "Poison Eater"
  },
  {
    "quickview-portrait-image src": "https://evertaletoolbox2.runasp.net/files/images/monsters/small/AirWolfDojo02_2.png",
    "Name": "Levintoline",
    "icon10 src": "https://evertaletoolbox2.runasp.net/files/ui/rarity/IconGreyStarSilver01.png",
    "icon10 src (2)": "https://evertaletoolbox2.runasp.net/files/ui/rarity/IconGreyStarSilver01.png",
    "icon36 src": "https://evertaletoolbox2.runasp.net/files/ui/elements/Storm.png",
    "Cost": "20",
    "Attack": "559",
    "HP": "2,664",
    "SPD": "275",
    "icon36 src (2)": "https://evertaletoolbox2.runasp.net/files/ui/weapons/Spear.png",
    "Active Skill 1": "Attack",
    "Active Skill 1 Description": "Damage to 1 enemy and allies gain 2 Spirit.",
    "Active Skill 2": "Attack All",
    "Active Skill 2 Description": "Damage to all enemies.",
    "Active Skill 3": "Time Strike",
    "Active Skill 3 Description": "500% damage to 1 enemy if they have 130TU or more in the turn order. 600% damage if the target has 200TU or more.",
    "icon10 src (3)": "https://evertaletoolbox2.runasp.net/files/ui/rarity/IconGreyStarSilver01.png",
    "icon36 src (3)": "https://evertaletoolbox2.runasp.net/files/ui/app/RarityIconR01.png",
    "icon10 src (4)": "https://evertaletoolbox2.runasp.net/files/ui/rarity/IconGreyStarSilver01.png",
    "Active Skill 4": "Vengeance Strike",
    "Active Skill 4 Description": "300% damage to 1 enemy if they have defeated 1+ units with attacks while on the battlefield.",
    "Passive Skill 1": "Stun Revenge",
    "Passive Skill 1 Description": "When this unit is defeated by an enemy, that enemy is stunned for 150TU.",
    "Passive Skill 2": "Spear Hunter Lv1",
    "Passive Skill 2 Description": "5% bonus to attacks against units equipped with Spears.",
    "Passive Skill 3": "HP Up Lv1",
    "Passive Skill 3 Description": "Adds 600 to this unit's max HP.",
    "Passive Skill 4": "Attack Up Lv1",
    "Passive Skill 4 Description Description": "Adds 150 to this unit's Attack.",
    "Passive Skill 5": "Greataxe Mastery",
    "Passive Skill 5 Description": "Can use weapon skills of Greataxes in addition to their original preferred weapon type."
  },
  {
    "quickview-portrait-image src": "https://evertaletoolbox2.runasp.net/files/images/monsters/small/NagiDojo01_2.png",
    "Name": "Nagi",
    "icon36h32 src": "https://evertaletoolbox2.runasp.net/files/ui/app/RarityIconN01.png",
    "icon10 src": "https://evertaletoolbox2.runasp.net/files/ui/rarity/IconBrownStarBronze01.png",
    "icon10 src (2)": "https://evertaletoolbox2.runasp.net/files/ui/rarity/IconBrownStarBronze01.png",
    "icon36 src": "https://evertaletoolbox2.runasp.net/files/ui/elements/Water.png",
    "Cost": "16",
    "Attack": "389",
    "HP": "1,724",
    "SPD": "204",
    "icon36 src (2)": "https://evertaletoolbox2.runasp.net/files/ui/weapons/Katana.png",
    "Active Skill 1": "Attack",
    "Active Skill 1 Description": "Damage to 1 enemy and allies gain 1 Spirit.",
    "Active Skill 2": "Over Flow",
    "Active Skill 2 Description": "400% damage to 1 enemy. Usable only if the user's party has 7 or more Spirit.",
    "Active Skill 3": "Pain Spirit",
    "Active Skill 3 Description": "Reduces the user's current HP by 30% of max and allies are granted 3 Spirit.",
    "icon10 src (3)": "https://evertaletoolbox2.runasp.net/files/ui/rarity/IconBrownStarBronze01.png"
  },
  {
    "quickview-portrait-image src": "https://evertaletoolbox2.runasp.net/files/images/monsters/small/BlueSeaSerpentDojo02_2.png",
    "Name": "Kaidaros",
    "icon10 src": "https://evertaletoolbox2.runasp.net/files/ui/rarity/IconRainbowStar01.png",
    "icon10 src (2)": "https://evertaletoolbox2.runasp.net/files/ui/rarity/IconRainbowStar01.png",
    "icon36 src": "https://evertaletoolbox2.runasp.net/files/ui/elements/Water.png",
    "Cost": "34",
    "Attack": "965",
    "HP": "6,475",
    "SPD": "502",
    "icon36 src (2)": "https://evertaletoolbox2.runasp.net/files/ui/weapons/Hammer.png",
    "Active Skill 1": "Attack",
    "Active Skill 1 Description": "Damage to 1 enemy and allies gain 2 Spirit.",
    "Active Skill 2": "Over Drive",
    "Active Skill 2 Description": "350% damage to 2 enemies. Usable only if the user's party has 7 or more Spirit and if there is at least 1 other Water ally.",
    "Active Skill 3": "Pain Spirit",
    "Active Skill 3 Description": "Reduces the user's current HP by 30% of max and allies are granted 3 Spirit.",
    "icon10 src (3)": "https://evertaletoolbox2.runasp.net/files/ui/rarity/IconRainbowStar01.png",
    "icon36 src (3)": "https://evertaletoolbox2.runasp.net/files/ui/app/RarityIconSsr01.png",
    "icon10 src (4)": "https://evertaletoolbox2.runasp.net/files/ui/rarity/IconRainbowStar01.png",
    "Active Skill 4": "Savage Force",
    "Active Skill 4 Description": "500% damage to 1 enemy. Usable if the user has defeated 1+ units with attacks while on the battlefield.",
    "Passive Skill 1": "Regeneration",
    "Passive Skill 1 Description": "When this unit gets a turn, it heals 30% of its max HP.",
    "Passive Skill 2": "Poison Immunity",
    "Passive Skill 2 Description": "Poison cannot be applied to this unit.",
    "Passive Skill 3": "Storm Resist Lv3",
    "Passive Skill 3 Description": "10% less damage from attacks by Storm units.",
    "Passive Skill 4": "HP Up Lv3",
    "Passive Skill 4 Description Description": "Adds 1200 to this unit's max HP.",
    "Passive Skill 5": "Attack Up Lv3",
    "Passive Skill 5 Description": "Adds 300 to this unit's Attack.",
    "icon10 src (5)": "https://evertaletoolbox2.runasp.net/files/ui/rarity/IconRainbowStar01.png",
    "Title": "Attack Up",
    "Leader Skill": "Allied Water element units have their Attack increased by 15%."
  },
  {
    "quickview-portrait-image src": "https://evertaletoolbox2.runasp.net/files/images/monsters/small/MetalDragonDojo02_2.png",
    "Name": "Jedariel",
    "icon10 src": "https://evertaletoolbox2.runasp.net/files/ui/rarity/IconBlackStarGold01.png",
    "icon10 src (2)": "https://evertaletoolbox2.runasp.net/files/ui/rarity/IconBlackStarGold01.png",
    "icon36 src": "https://evertaletoolbox2.runasp.net/files/ui/elements/Fire.png",
    "Cost": "28",
    "Attack": "697",
    "HP": "4,045",
    "SPD": "292",
    "icon36 src (2)": "https://evertaletoolbox2.runasp.net/files/ui/weapons/Sword.png",
    "Active Skill 1": "Brash Strike",
    "Active Skill 1 Description": "150% damage to 1 enemy and allies gain 1 Spirit. Reflects 30% of the damage to the user.",
    "Active Skill 2": "Attack All",
    "Active Skill 2 Description": "Damage to all enemies.",
    "Active Skill 3": "Savage Force",
    "Active Skill 3 Description": "500% damage to 1 enemy. Usable if the user has defeated 1+ units with attacks while on the battlefield.",
    "icon10 src (3)": "https://evertaletoolbox2.runasp.net/files/ui/rarity/IconBlackStarGold01.png",
    "icon36 src (3)": "https://evertaletoolbox2.runasp.net/files/ui/app/RarityIconSr01.png",
    "icon10 src (4)": "https://evertaletoolbox2.runasp.net/files/ui/rarity/IconBlackStarGold01.png",
    "Active Skill 4": "Guard Destroyer",
    "Active Skill 4 Description": "500% damage to 1 enemy if they are a Guardian.",
    "Passive Skill 1": "Spirit+ Revenge",
    "Passive Skill 1 Description": "Whenever this unit is defeated by an enemy, allies gain 3 Spirit.",
    "Passive Skill 2": "Stun Resist Lv2",
    "Passive Skill 2 Description": "Reduces the amount of any stun effects against this unit by 15TU.",
    "Passive Skill 3": "HP Up Lv2",
    "Passive Skill 3 Description": "Adds 800 to this unit's max HP.",
    "Passive Skill 4": "Attack Up Lv2",
    "Passive Skill 4 Description Description": "Adds 200 to this unit's Attack.",
    "Passive Skill 5": "Axe Mastery",
    "Passive Skill 5 Description": "Can use weapon skills of Axes in addition to their original preferred weapon type.",
    "icon10 src (5)": "https://evertaletoolbox2.runasp.net/files/ui/rarity/IconBlackStarGold01.png",
    "Title": "Attack Up",
    "Leader Skill": "Allied Fire element units have their Attack increased by 10%."
  }
]