[
  {
    "quickview-portrait-image src": "https://evertaletoolbox2.runasp.net/files/images/monsters/small/NobunagaRegular02_2.png",
    "Name": "Nobunaga",
    "Title": "Demon Queen of the 6th Heaven",
    "icon36 src (2)": "https://evertaletoolbox2.runasp.net/files/ui/elements/Fire.png",
    "Attack": "1,100",
    "HP": "8,920",
    "SPD": "730",
    "icon36 src (3)": "https://evertaletoolbox2.runasp.net/files/ui/weapons/Katana.png",
    "Leader Skill": "Fire ATK & HP Up",
    "Leader Skill Description": "Allied Fire element units have their Attack increased by 10% and max HP increased by 7%.",
    "Active Skill 1": "Spark Blast",
    "Active Skill 1 Description": "50% damage to 1 enemy. 300% damage instead every second time this skill is activated while on the battlefield. This attack ignores the Counter Stance Status Effect and the effects of Skin passive skills.\n\n25% chance of reducing the user's active skill TU costs by 50% on its next turn. Effects that further reduce TU will have diminishing returns while this TU cost reduction is in effect.\n\nAlso grants the user the Burn status effect. This will overwrite other status effects on the user.",
    "Active Skill 2": "Crimson Ward",
    "Active Skill 2 Description": "Burns 1 Ally and grants them either a Stun Ward if they are a Fire or Earth unit, a Sleep Ward if they are a Storm or Dark unit, or a Poison Ward if they are a Water or Light unit. Burn will overwrite other status effects on that ally. Wards will prevent their named effect from applying to that ally once, then be removed. Identical Wards cannot stack. This skill becomes locked for 50TU after use.",
    "Active Skill 3": "Demon Hellfire",
    "Active Skill 3 Description": "600% damage to 1 enemy, this attack ignores the Counter Stance Status Effect and the effects of skin passive skills. The user and the target are immediately granted the Burn status effect. This will overwrite other status effects on both units. Usable if the user's party has 6 or more Spirit.",
    "Active Skill 4": "Stroke of Death",
    "Active Skill 4 Description": "500% damage to 1 enemy and heals the user for 100% of max HP if damage is dealt. This attack ignores the Counter Stance Status Effect and the effects of Skin passive skills. Unlocked each time this unit gains the Burn status effect. This skill is locked again after each use or if the user leaves the battlefield.",
    "Passive Skill 1": "Fires of Rejuvenation",
    "Passive Skill 1 Description": "Each time an ally gets the turn while Burning, they will heal for 20% of their own max HP and then allies will gain 1 Spirit after that turn so long as this unit remains on the battlefield.",
    "Passive Skill 2": "Demonic Focus",
    "Passive Skill 2 Description": "This unit is not affected by stun effects.\n\nThis unit's Attack is increased to 1.5x while it has the Burn status effect. This effect does not stack with Enrage skills.\n\nIf this unit would be defeated while it has the Burn status effect, it instead survives with 1 HP, then burn is removed from this unit.",
    "Passive Skill 3": "Attack Up Lv3",
    "Passive Skill 3 Description": "Adds 300 to this unit's Attack.",
    "Passive Skill 4": "HP Up Lv3",
    "Passive Skill 4 Description Description": "Adds 1200 to this unit's max HP.",
    "Passive Skill 5": "G.sword Hunter Lv3",
    "Passive Skill 5 Description": "10% bonus to attacks against units equipped with Greatswords.",
    "Passive Skill 6 Description": "Spear Mastery",
    "Passive Skill 6": "Can use weapon skills of Spears in addition to their original preferred weapon type."
  },
  {
    "quickview-portrait-image src": "https://evertaletoolbox2.runasp.net/files/images/monsters/small/SnowBlackBride02_2.png",
    "Name": "Snow Black",
    "Title": "Ebony Black Bride",
    "icon36 src (2)": "https://evertaletoolbox2.runasp.net/files/ui/elements/Dark.png",
    "Attack": "1,528",
    "HP": "6,780",
    "SPD": "722",
    "icon36 src (3)": "https://evertaletoolbox2.runasp.net/files/ui/weapons/Spear.png",
    "Active Skill 1": "Dark Summons",
    "Active Skill 1 Description": "75% damage to 1 enemy. If the user's current HP is at 50% or less, exchanges the user's current HP with the amount of HP the user has currently lost. Otherwise, adds 2 Kuromoris to the very end of allied reinforcements.",
    "Active Skill 2": "Blood Revelry",
    "Active Skill 2 Description": "Sacrifices the last unit in the allied reinforcements for 600% damage to 1 enemy. The user recovers HP to 100% of its own max. This attack ignores enemy damage reduction effects. If there are no allied reinforcements left, sacrifices all ally Kuromoris on the battlefield instead. Cannot be used if there are no allied reinforcements left unless there is an ally Kuromori on the battlefield.",
    "Active Skill 3": "Little Dark Garden",
    "Active Skill 3 Description": "500% damage to all enemies. This attack ignores the Stealth status effect and enemy damage reduction effects. Usable if the user has defeated 1+ units with attacks while on the battlefield.",
    "Active Skill 4": "Light Transformation",
    "Active Skill 4 Description": "Stuns 1 enemy for 150TU and the user transforms back into Snow White. Snow White will return with full HP, will be treated as a new conjured unit, and is considered to have entered the battlefield upon transformation.\n\nLocked until a non-conjured ally on the battlefield is defeated or sacrificed by any source. Snow Black cannot activate any other active skills while this skill is unlocked. When a unit transforms, it is not considered to have been defeated or sacrificed.",
    "Passive Skill 1": "Darkest Night",
    "Passive Skill 1 Description": "This unit will immediately get the turn by having its TU reduced to 0 and add 2 Kuromoris to the very end of allied reinforcements whenever it enters the battlefield from reinforcements or transformation.",
    "Passive Skill 2": "Hold Ground+",
    "Passive Skill 2 Description": "If this unit would be defeated, it instead survives with 1 HP and then cannot be defeated until its next turn. This effect can trigger only once each time this unit enters the battlefield (at the start of battle, from reinforcements, or from transformation).",
    "Passive Skill 3": "Attack Up Lv3",
    "Passive Skill 3 Description": "Adds 300 to this unit's Attack.",
    "Passive Skill 4": "Sword Hunter Lv3",
    "Passive Skill 4 Description Description": "10% bonus to attacks against units equipped with Swords.",
    "Passive Skill 5": "HP Up Lv3",
    "Passive Skill 5 Description": "Adds 1200 to this unit's max HP.",
    "Passive Skill 6 Description": "Greatsword Mastery",
    "Passive Skill 6": "Can use weapon skills of Greatswords in addition to their original preferred weapon type."
  },
  {
    "quickview-portrait-image src": "https://evertaletoolbox2.runasp.net/files/images/monsters/small/SnowWhiteBride02_2.png",
    "Name": "Snow White",
    "Title": "Dazzling White Bride",
    "icon36 src (2)": "https://evertaletoolbox2.runasp.net/files/ui/elements/Light.png",
    "Attack": "1,367",
    "HP": "7,585",
    "SPD": "227",
    "icon36 src (3)": "https://evertaletoolbox2.runasp.net/files/ui/weapons/Spear.png",
    "Leader Skill": "Light ATK & HP Up",
    "Leader Skill Description": "Allied Light element units have their Attack increased by 10% and max HP increased by 7%.",
    "Active Skill 1": "Double Spirit",
    "Active Skill 1 Description": "Doubles current Ally Spirit. If Ally Spirit is 0, gain 1 Spirit instead.",
    "Active Skill 2": "Little Bright Garden",
    "Active Skill 2 Description": "600% damage to 1 enemy. This attack ignores enemy damage reduction effects. Usable if the user's party has 6 or more Spirit or if all allies on the battlefield are at max HP.",
    "Active Skill 3": "Instant Restoration",
    "Active Skill 3 Description": "Removes negative status effects like sleep, burn or poison from 1 ally, and heals them for HP equal to 500% of the user's Attack. This skill becomes locked for 50TU after use.",
    "Active Skill 4": "Dark Transformation",
    "Active Skill 4 Description": "The user transforms into Snow Black. Snow Black's Level, Limit Breaks, Awakenings, Boosts, Potential, Mastery, Weapon and Accessory will match the user. Snow Black will start with full HP, will be treated as a new conjured unit, and is considered to have entered the battlefield upon transformation.\n\nLocked for 300TU after the user has entered the battlefield, or until a non-conjured enemy on the battlefield is defeated or sacrificed by any source. Snow White cannot activate any other active skills while this skill is unlocked. When a unit transforms, it is not considered to have been defeated or sacrificed.",
    "Passive Skill 1": "Brightest Light",
    "Passive Skill 1 Description": "When this unit enters battle (including at the start of battle or from transformation), Ally Spirit is doubled. If Ally Spirit is at 0, gain 1 Spirit instead.\n\nThis unit will immediately get the turn by having its TU reduced to 0 whenever it enters the battlefield from reinforcements or transformation.",
    "Passive Skill 2": "Hold Ground+",
    "Passive Skill 2 Description": "If this unit would be defeated, it instead survives with 1 HP and then cannot be defeated until its next turn. This effect can trigger only once each time this unit enters the battlefield (at the start of battle, from reinforcements, or from transformation).",
    "Passive Skill 3": "Storm Resist Lv3",
    "Passive Skill 3 Description": "10% less damage from attacks by Storm units.",
    "Passive Skill 4": "HP Up Lv3",
    "Passive Skill 4 Description Description": "Adds 1200 to this unit's max HP.",
    "Passive Skill 5": "Attack Up Lv3",
    "Passive Skill 5 Description": "Adds 300 to this unit's Attack.",
    "Passive Skill 6 Description": "Greatsword Mastery",
    "Passive Skill 6": "Can use weapon skills of Greatswords in addition to their original preferred weapon type."
  },
  {
    "quickview-portrait-image src": "https://evertaletoolbox2.runasp.net/files/images/monsters/small/RolotiaNew02_2.png",
    "Name": "Rolotia",
    "Title": "Sorceress of Time",
    "icon36 src (2)": "https://evertaletoolbox2.runasp.net/files/ui/elements/Storm.png",
    "Attack": "1,565",
    "HP": "6,595",
    "SPD": "1",
    "icon36 src (3)": "https://evertaletoolbox2.runasp.net/files/ui/weapons/Katana.png",
    "Leader Skill": "Storm ATK & HP Up",
    "Leader Skill Description": "Allied Storm element units have their Attack increased by 10% and max HP increased by 7%.",
    "Active Skill 1": "Poison Shock",
    "Active Skill 1 Description": "Grants the Poison status effect to 1 enemy and Stuns them for 50TU. Poison will overwrite other status effects on that unit. This skill can be redirected by enemy Stun Absorbers.",
    "Active Skill 2": "Chrono Chaos",
    "Active Skill 2 Description": "Stuns all enemies for 150TU. Then if there is no enemy Stun Absorber, all other allies are Purified, granted Sleep Wards, Quickened by 30%, Stunned for 100TU, and then this skill becomes locked while this unit remains on the battlefield.\n\n-This Quicken will overwrite the effects of previous quicken skills on those allies.\n-Any ally Stun immunities and ally Wards are ignored, and ally Stun Absorbers do not redirect this Stun.\n-Sleep Ward prevents Sleep from being applied once, then is removed. Sleep Wards cannot stack.",
    "Active Skill 3": "Giga Time Strike",
    "Active Skill 3 Description": "500% damage to all enemies if they have 100TU or more in the turn order. This attack ignores the Counter Stance status effect and the effects of Skin passive skills. Allies lose 1 Spirit for each enemy at 100TU or more hit by this attack. This skill becomes locked for 200TU after use if Allies would lose more Spirit than they have in this way. Other effects that would cause Allies to lose Spirit may apply before Spirit lost by this skill.",
    "Active Skill 4": "Savage Step Back",
    "Active Skill 4 Description": "Pulls the user away from the battlefield to be next in line of your reinforcements. If there are no ally reinforcements, adds enough Denmoris to the ally team to still pull the user away to reinforcements (max 4 if the user is alone on the battlefield). Usable if the user has defeated 1+ units with attacks while on the battlefield.",
    "Passive Skill 1": "Stun Heal Entry",
    "Passive Skill 1 Description": "Stuns 2 random enemies for 150TU and this unit is fully healed. Triggered when this unit enters the battlefield from the allied reinforcements.",
    "Passive Skill 2": "Timeline Distortion",
    "Passive Skill 2 Description": "After each enemy turn, there is a 50% chance for negative status effects like sleep, burn or poison to be removed from 1 random ally that has a negative status effect.\n\nThis unit enters battle with a Poison Ward, Sleep Ward, Stun Ward, and Endure. Each Ward prevents their named effect from being applied once, then is removed. Identical Wards cannot stack.\n\nA unit with Endure will endure the next damage that would defeat it with 1HP. Endure effects cannot stack.",
    "Passive Skill 3": "Attack Up Lv3",
    "Passive Skill 3 Description": "Adds 300 to this unit's Attack.",
    "Passive Skill 4": "Mace Hunter Lv3",
    "Passive Skill 4 Description Description": "10% bonus to attacks against units equipped with Maces.",
    "Passive Skill 5": "HP Up Lv3",
    "Passive Skill 5 Description": "Adds 1200 to this unit's max HP.",
    "Passive Skill 6 Description": "Greatsword Mastery",
    "Passive Skill 6": "Can use weapon skills of Greatswords in addition to their original preferred weapon type."
  },
  {
    "quickview-portrait-image src": "https://evertaletoolbox2.runasp.net/files/images/monsters/small/LudmillaSchoolGirl02_2.png",
    "Name": "Ludmilla & Clarice",
    "Title": "Red Dragon Sisters",
    "icon36 src (2)": "https://evertaletoolbox2.runasp.net/files/ui/elements/Water.png",
    "Attack": "1,352",
    "HP": "7,660",
    "SPD": "296",
    "icon36 src (3)": "https://evertaletoolbox2.runasp.net/files/ui/weapons/Hammer.png",
    "Leader Skill": "Water ATK & HP Up",
    "Leader Skill Description": "Allied Water element units have their Attack increased by 10% and max HP increased by 7%.",
    "Active Skill 1": "Knockout Strike",
    "Active Skill 1 Description": "Damage to 1 enemy. 35% chance of forcing that enemy to Sleep for 200TU, even if it has already slept or is sleeping. If Sleep is applied, it will overwrite other status effects on that enemy. Damage from this attack does not wake up sleeping enemies.",
    "Active Skill 2": "Instant Nightmare",
    "Active Skill 2 Description": "600% damage to 1 enemy if they are sleeping, this damage will not wake up the enemy. If damage is dealt to a sleeping target, the user recovers HP to 100% of its own max. This skill becomes locked for 100TU after use.",
    "Active Skill 3": "Forced Sleep",
    "Active Skill 3 Description": "Grants 1 enemy the Sleep status effect for 200TU, even if they have already slept while on the battlefield. This will overwrite other status effects on that unit. Usable only if no enemies are sleeping.",
    "Active Skill 4": "Savage Knockout",
    "Active Skill 4 Description": "500% damage to 2 enemies. Forces those enemies to Sleep for 200TU if they are left with 25% or less of max HP and are not already sleeping, even if they have already slept while on the battlefield. This attack ignores enemy damage reduction effects and the Stealth status effect. Damage from this attack does not wake up sleeping enemies. Sleep will overwrite other status effects on those enemies. Usable if the user has defeated 1+ units with attacks while on the battlefield.",
    "Passive Skill 1": "Deadly Guard",
    "Passive Skill 1 Description": "When this unit defeats an enemy unit with an attack while it is not a Guardian, it will become a Guardian. While this unit is a Guardian, it cannot be defeated by non-attack damage. If this unit would be defeated by an attack while it is a Guardian, this unit will stop being a Guardian and be healed for 100% of max HP.\n\nFor any enemy attack that would hit 1 or 2 other allies while this unit is a Guardian, 1 of the hits is instead redirected to this unit. This unit will not redirect skills that don't deal damage.\n\nThis unit cannot become a Guardian from other skills.",
    "Passive Skill 2": "Dual Prodigies",
    "Passive Skill 2 Description": "While this unit is a Guardian, it has 65% damage reduction from attacks.\n\nWhile this unit is not a Guardian, its Attack is increased to 1.5x (this will not stack with Enrage effects) and it will ignore attacks that would damage exactly 2 targets (attacks that target All allies will not be ignored). If this unit gains the Stealth status effect, it will not be lost when ignoring attacks in this way.",
    "Passive Skill 3": "HP Up Lv3",
    "Passive Skill 3 Description": "Adds 1200 to this unit's max HP.",
    "Passive Skill 4": "Attack Up Lv3",
    "Passive Skill 4 Description Description": "Adds 300 to this unit's Attack.",
    "Passive Skill 5": "Spear Hunter Lv3",
    "Passive Skill 5 Description": "10% bonus to attacks against units equipped with Spears.",
    "Passive Skill 6 Description": "Spear Mastery",
    "Passive Skill 6": "Can use weapon skills of Spears in addition to their original preferred weapon type."
  },
  {
    "quickview-portrait-image src": "https://evertaletoolbox2.runasp.net/files/images/monsters/small/DarkRizetteSwimsuit02_2.png",
    "Name": "Endless Rizette",
    "Title": "Angel of the Sleepless City",
    "icon36 src (2)": "https://evertaletoolbox2.runasp.net/files/ui/elements/Dark.png",
    "Attack": "1,462",
    "HP": "7,110",
    "SPD": "442",
    "icon36 src (3)": "https://evertaletoolbox2.runasp.net/files/ui/weapons/Axe.png",
    "Leader Skill": "Dark Attack Up",
    "Leader Skill Description": "Allied Dark element units have their Attack increased by 15%.",
    "Active Skill 1": "Poison Scourge",
    "Active Skill 1 Description": "Damages 1 enemy and then Mega Poisons them for 100TU. This will overwrite other status effects on that enemy. 300% damage if the user is a conjured unit. Mega Poison deals 20 times the damage of normal Poison and cannot be overwritten by normal Poison or Super Poison. This attack ignores the Counter Stance status effect and the effects of Skin passive skills.",
    "Active Skill 2": "Poison Carnage",
    "Active Skill 2 Description": "500% damage to 1 enemy if they are poisoned. If damage is dealt to a poisoned target, the user recovers HP to 100% of its own max and gains the Counter Stance status effect. This will overwrite other status effects on the user.",
    "Active Skill 3": "Instant Mega Poison",
    "Active Skill 3 Description": "Grants the Mega Poison status effect to 1 random enemy for 100TU. This will overwrite other status effects on that unit. This skill becomes locked after use until the user deals damage with an Attack.",
    "Active Skill 4": "Endless Resolve",
    "Active Skill 4 Description": "This unit gains Counter Stance, Endure, and a Burn Ward. Cannot be used if the user already has the Counter Stance status effect or has gotten the current turn from Counter Stance.\n\nCounter stance will overwrite other status effects on the user. For 150TU, the next time the unit with counter stance takes damage from an enemy attack, it will become their turn.\n\nA unit with Endure will endure the next damage that would defeat it with 1HP. Endure effects cannot stack.\n\nBurn Ward prevents Burn from being applied once, then is removed. Burn Wards cannot stack.",
    "Passive Skill 1": "Endless Revenge",
    "Passive Skill 1 Description": "If this unit is not conjured, revives this unit to a random place in allied reinforcements with full HP when this unit is defeated by an enemy. The revived unit will be considered a conjured unit.\n\nIf this unit is conjured, it immediately gets the turn by having its TU reduced to 0 whenever it enters the battlefield from reinforcements, and TU costs for all of its skills are reduced by 20%. This will overwrite the effect of previous quicken skills.",
    "Passive Skill 2": "Mega Poison Aura",
    "Passive Skill 2 Description": "If this unit takes damage from an attack and survives until after the end of the turn, a random enemy that is not poisoned or sleeping will become Mega Poisoned for 200TU. This is not a Skin passive skill.",
    "Passive Skill 3": "Attack Up Lv3",
    "Passive Skill 3 Description": "Adds 300 to this unit's Attack.",
    "Passive Skill 4": "G.axe Hunter Lv3",
    "Passive Skill 4 Description Description": "10% bonus to attacks against units equipped with Greataxes.",
    "Passive Skill 5": "HP Up Lv3",
    "Passive Skill 5 Description": "Adds 1200 to this unit's max HP.",
    "Passive Skill 6 Description": "Sword Mastery",
    "Passive Skill 6": "Can use weapon skills of Swords in addition to their original preferred weapon type."
  },
  {
    "quickview-portrait-image src": "https://evertaletoolbox2.runasp.net/files/images/monsters/small/IbarahimeRegular02_2.png",
    "Name": "Sleeping Beauty",
    "Title": "Princess of Thorns",
    "icon36 src (2)": "https://evertaletoolbox2.runasp.net/files/ui/elements/Earth.png",
    "Attack": "1,477",
    "HP": "7,035",
    "SPD": "280",
    "icon36 src (3)": "https://evertaletoolbox2.runasp.net/files/ui/weapons/GreatSword.png",
    "Leader Skill": "Earth Attack Up",
    "Leader Skill Description": "Allied Earth element units have their Attack increased by 15%.",
    "Active Skill 1": "An Ashen Garden",
    "Active Skill 1 Description": "Heals all non-burning allies for 500% of the user's Attack and grants them Sleep Thorns. When an ally with Sleep Thorns is dealt damage by an attack, that ally's Sleep Thorns will be consumed to immediately grant the Cursed Sleep status effect to the attacker. Burn or attacks that grant Burn will remove Sleep Thorns and prevent Cursed Sleep from applying. Usable if there are no Sleep Thorns on allies and the user is not burning.\n\nCursed Sleep will overwrite status effects other than Burn, cannot be overwritten by Poison, can be applied repeatedly to units that have already slept while on the battlefield, and will not end from damage caused by Dream Hunter type active skills.",
    "Active Skill 2": "Thorn Raid",
    "Active Skill 2 Description": "600% damage to 1 enemy if they do not have the Burn status effect. This attack ignores enemy damage reduction effects. That enemy will also become Poisoned if they were not burning, this will overwrite any other status effect on that unit. Consumes Sleep Thorns from a random ally that has them after dealing damage. Usable if an ally has Sleep Thorns or if the user has no allies on the battlefield.",
    "Active Skill 3": "Dream Devourer",
    "Active Skill 3 Description": "600% damage to 1 enemy if they are sleeping. This attack ignores enemy damage reduction effects. If damage is dealt to a sleeping target, the user recovers HP to 100% of its own max and steals up to 3 Spirit from enemies. Damage from this attack does not wake up sleeping enemies.",
    "Active Skill 4": "Cursed Sleep Strike",
    "Active Skill 4 Description": "Damage to all enemies. Each non-burning enemy damaged by this attack has a 15% chance to be granted the Cursed Sleep status effect for 200TU. This attack ignores the Counter Stance Status Effect and the effects of Skin passive skills. Damage from this attack does not wake up sleeping enemies.",
    "Passive Skill 1": "Thorn Wall",
    "Passive Skill 1 Description": "If this unit has Sleep Thorns, this unit will become a Guardian and will have 50% damage reduction from attacks until it loses Sleep Thorns. While this unit is a Guardian, for any enemy attack that would hit 1 or 2 other allies, this unit has a 100% chance to redirect 1 hit to itself instead. This unit will not redirect skills that don't deal damage.",
    "Passive Skill 2": "Thorn Mastery",
    "Passive Skill 2 Description": "If any ally has Sleep Thorns, this unit cannot be defeated and is immune to Stun effects.\n\nWhenever another non-conjured Ally on the battlefield is defeated or sacrificed by any source, a random ally that does not have Sleep Thorns and is not burning will be granted Sleep Thorns. This may not trigger if this unit is defeated or sacrificed at the same time.\n\nWhen this unit enters battle, it will Endure the next damage that would defeat it with 1HP, Endure effects cannot stack. This Endure will not be consumed while an ally has Sleep Thorns.",
    "Passive Skill 3": "HP Up Lv3",
    "Passive Skill 3 Description": "Adds 1200 to this unit's max HP.",
    "Passive Skill 4": "Sleep Resist Lv3",
    "Passive Skill 4 Description Description": "Reduces the duration of any enemy sleep effects on this unit by 20TU.",
    "Passive Skill 5": "Attack Up Lv3",
    "Passive Skill 5 Description": "Adds 300 to this unit's Attack.",
    "Passive Skill 6 Description": "Spear Mastery",
    "Passive Skill 6": "Can use weapon skills of Spears in addition to their original preferred weapon type."
  },
  {
    "quickview-portrait-image src": "https://evertaletoolbox2.runasp.net/files/images/monsters/small/CinderellaRegular02_2.png",
    "Name": "Cinderella",
    "Title": "Princess in Glass Slippers",
    "icon36 src (2)": "https://evertaletoolbox2.runasp.net/files/ui/elements/Light.png",
    "Attack": "1,466",
    "HP": "7,090",
    "SPD": "644",
    "icon36 src (3)": "https://evertaletoolbox2.runasp.net/files/ui/weapons/Sword.png",
    "Leader Skill": "Light Attack Up",
    "Leader Skill Description": "Allied Light element units have their Attack increased by 15%.",
    "Active Skill 1": "Hypno Blast",
    "Active Skill 1 Description": "50% damage to 1 enemy. 300% damage instead every second time this skill is activated while on the battlefield. 25% chance of granting that enemy the Sleep status effect for 200TU. If Sleep is applied, it will overwrite other status effects on that enemy. Sleep cannot be applied to a unit that Has Slept while on the battlefield. This attack ignores the Counter Stance Status Effect and the effects of Skin passive skills. Damage from this attack does not wake up sleeping enemies.",
    "Active Skill 2": "Flip Banish+",
    "Active Skill 2 Description": "Exchanges the user's current HP with the amount of HP they have currently lost, and sends 1 enemy to the very back of the enemy reinforcements. If there are no enemy reinforcements and the targeted enemy is not Immovable, adds enough Imposters to the enemy team to still send the targeted enemy to reinforcements (max 4 if that enemy is alone on the battlefield). Usable once per battle.",
    "Active Skill 3": "Survivor's Storm",
    "Active Skill 3 Description": "500% damage to 1 enemy and heals the user for 100% of max HP if damage is dealt. This attack ignores enemy damage reduction effects. The user will also Endure the next damage that would defeat it with 1HP. Endure effects cannot stack. Locked for 300TU after the user has entered the battlefield, and locks again for 50TU after each use.",
    "Active Skill 4": "Calamity Phoenix",
    "Active Skill 4 Description": "1000% damage to 1 enemy. The Hold Ground+ passive skill is reset for the user and can be triggered again. The user is healed for 100% of max HP. Usable if the user's Hold Ground+ passive skill has been triggered while on the battlefield and only once per battle.",
    "Passive Skill 1": "Hold Ground+",
    "Passive Skill 1 Description": "If this unit would be defeated, it instead survives with 1 HP and then cannot be defeated until its next turn. This effect can trigger only once each time this unit enters the battlefield.",
    "Passive Skill 2": "Veil Breaker",
    "Passive Skill 2 Description": "Each time this unit damages an enemy that has the Stealth or Armor Status Effect with an attack, this unit will immediately get the next turn. This unit cannot be sent to the reinforcements from the battlefield.\n\n- The extra turn is granted after Counter Skin type effects triggered by this unit's attacks, and so this unit will act before a countering enemy.\n- Effects that influence TU order may interrupt the extra turn (e.g. Stuns targeting the lowest TU target).\n- This cannot trigger again against the same target until TU advances.",
    "Passive Skill 3": "Storm Resist Lv3",
    "Passive Skill 3 Description": "10% less damage from attacks by Storm units.",
    "Passive Skill 4": "Attack Up Lv3",
    "Passive Skill 4 Description Description": "Adds 300 to this unit's Attack.",
    "Passive Skill 5": "HP Up Lv3",
    "Passive Skill 5 Description": "Adds 1200 to this unit's max HP.",
    "Passive Skill 6 Description": "Staff Mastery",
    "Passive Skill 6": "Can use weapon skills of Staffs in addition to their original preferred weapon type."
  },
  {
    "quickview-portrait-image src": "https://evertaletoolbox2.runasp.net/files/images/monsters/small/AstridNew02_2.png",
    "Name": "Astrid",
    "Title": "Red Dragon Heiress",
    "icon36 src (2)": "https://evertaletoolbox2.runasp.net/files/ui/elements/Fire.png",
    "Attack": "1,489",
    "HP": "6,975",
    "SPD": "388",
    "icon36 src (3)": "https://evertaletoolbox2.runasp.net/files/ui/weapons/Sword.png",
    "Leader Skill": "Fire Attack Up",
    "Leader Skill Description": "Allied Fire element units have their Attack increased by 15%.",
    "Active Skill 1": "Burning Spirit",
    "Active Skill 1 Description": "Damage to 1 Enemy. The user is then granted the Burn status effect. This will overwrite other status effects on the user. Allies gain Spirit equal to the number of burning units on the battlefield after this attack. Any unit that deals damage to or is dealt damage by a unit with burn will also become burned.",
    "Active Skill 2": "Guard Incinerator",
    "Active Skill 2 Description": "500% damage to 1 enemy if they are a Guardian. The user and the target are granted the Burn status effect if the target was a Guardian. This will overwrite other status effects on both units. This skill becomes locked for 100TU after use.",
    "Active Skill 3": "Burning Blaze",
    "Active Skill 3 Description": "500% damage to 2 enemies. This attack ignores the Stealth and Counter Stance Status Effects, the effects of Skin passive skills, and Revenge passive skills. Usable if the user has the Burn status effect.",
    "Active Skill 4": "Ignite All+",
    "Active Skill 4 Description": "All non-sleeping allies are granted the Burn status effect. This will overwrite other status effects on those units. All allies that already had the Burn status effect will have the TU costs for all of their skills reduced by 20%, and until the end of their next turn their Attack is increased to 1.5x. This will overwrite the effects of other Quicken and Enrage skills.",
    "Passive Skill 1": "Blaze of Glory",
    "Passive Skill 1 Description": "When this unit or a Burning ally gets a turn, this unit heals 30% of its max HP.\n\nOther allies with Burn Blast or Burn Drive type active skills gain the Burn status effect and a Stun Ward. Triggered at the very start of the battle if this unit is on the battlefield. This will overwrite other status effects on those allies. Stun Ward prevents Stun from being applied once, then is removed. Stun Wards cannot stack.",
    "Passive Skill 2": "Heroic Focus",
    "Passive Skill 2 Description": "This unit is not affected by stun effects.\n\n50% damage reduction from attacks if this unit has the Burn status effect.\n\nIf this unit would be defeated while it has the Burn status effect, it instead survives with 1 HP, then burn is removed from this unit.",
    "Passive Skill 3": "Mace Hunter Lv3",
    "Passive Skill 3 Description": "10% bonus to attacks against units equipped with Maces.",
    "Passive Skill 4": "Attack Up Lv3",
    "Passive Skill 4 Description Description": "Adds 300 to this unit's Attack.",
    "Passive Skill 5": "HP Up Lv3",
    "Passive Skill 5 Description": "Adds 1200 to this unit's max HP.",
    "Passive Skill 6 Description": "Mace Mastery",
    "Passive Skill 6": "Can use weapon skills of Maces in addition to their original preferred weapon type."
  },
  {
    "quickview-portrait-image src": "https://evertaletoolbox2.runasp.net/files/images/monsters/small/OssiaDark02_2.png",
    "Name": "Ossia",
    "Title": "Plaguebearer Aeon Lord",
    "icon36 src (2)": "https://evertaletoolbox2.runasp.net/files/ui/elements/Earth.png",
    "Attack": "1,577",
    "HP": "6,535",
    "SPD": "630",
    "icon36 src (3)": "https://evertaletoolbox2.runasp.net/files/ui/weapons/Staff.png",
    "Leader Skill": "Earth Attack Up",
    "Leader Skill Description": "Allied Earth element units have their Attack increased by 15%.",
    "Active Skill 1": "Swift Counter",
    "Active Skill 1 Description": "75% damage to 1 enemy. The user is also granted the Counter Stance status effect. This will overwrite other status effects on the user. For 150TU, the next time the unit with counter stance takes damage from an enemy attack, it will become their turn. Counter stance cannot be gained if the user already has the Counter Stance status effect or has gotten the current turn from Counter Stance.",
    "Active Skill 2": "Combo Reaper",
    "Active Skill 2 Description": "300% damage to 2 enemies. This attack ignores enemy damage reduction effects. Heals the user for 50% of max HP if the user is below 50% of max HP and damage is dealt. Unlocked each time the user damages an enemy with another attack. This skill is locked again after each use or if the user leaves the battlefield.",
    "Active Skill 3": "Aeon Bane",
    "Active Skill 3 Description": "300% damage to 2 enemies and heals the user for 50% of max HP if damage is dealt. Usable only if the user has the Stealth or Counter Stance status effect. This attack ignores any enemy status effects (including Stealth), damage reduction effects, revenge passive skills, and skin passive skills.",
    "Active Skill 4": "Sleeping Death Mk2",
    "Active Skill 4 Description": "Grants 2 enemies the Sleep status effect for 300TU, even if they have already slept while on the battlefield. This sleep cannot be overwritten by Poison. This will overwrite other status effects on those units. Usable only if the user's party has 1 or less Spirit, and only once per battle.",
    "Passive Skill 1": "Aeon Plaguebearer+",
    "Passive Skill 1 Description": "Whenever damage reduces this unit's HP to below 50%, each enemy that is not Sleeping or Burning has a 75% chance to become Poisoned. This will overwrite other status effects on those units. If this unit also survives until after the end of the turn it was damaged, it will gain the Stealth status effect, become Enraged (its Attack is increased to 1.5x until the end of its next turn) and Allies will gain 3 Spirit. This skill cannot trigger again until this unit recovers to above 50% of max HP.",
    "Passive Skill 2": "Plague Annihilator",
    "Passive Skill 2 Description": "50% bonus to attacks against units that are poisoned.\n\nThis unit heals 30% of its max HP whenever a Sleeping enemy gets a turn.\n\nIf this unit would be defeated by an enemy attack or a status effect while having more than 1 HP, it instead survives with 1 HP.",
    "Passive Skill 3": "HP Up Lv3",
    "Passive Skill 3 Description": "Adds 1200 to this unit's max HP.",
    "Passive Skill 4": "Sword Hunter Lv3",
    "Passive Skill 4 Description Description": "10% bonus to attacks against units equipped with Swords.",
    "Passive Skill 5": "Attack Up Lv3",
    "Passive Skill 5 Description": "Adds 300 to this unit's Attack.",
    "Passive Skill 6 Description": "Sword Mastery",
    "Passive Skill 6": "Can use weapon skills of Swords in addition to their original preferred weapon type."
  }
]