{
  "Characters": "https://ik.imagekit.io/evertaletoolbox/monsters/large/Characters.png",
  "MusashiDark": "https://ik.imagekit.io/evertaletoolbox/monsters/large/MusashiDark.png",
  "VenusRegular": "https://ik.imagekit.io/evertaletoolbox/monsters/large/VenusRegular.png",
  "RizetteBrave": "https://ik.imagekit.io/evertaletoolbox/monsters/large/RizetteBrave.png",
  "ZeusRegular": "https://ik.imagekit.io/evertaletoolbox/monsters/large/ZeusRegular.png",
  "SiegfriedRegular": "https://ik.imagekit.io/evertaletoolbox/monsters/large/SiegfriedRegular.png",
  "ElmKouhaiRegular": "https://ik.imagekit.io/evertaletoolbox/monsters/large/ElmKouhaiRegular.png",
  "BahamutGirlRegular": "https://ik.imagekit.io/evertaletoolbox/monsters/large/BahamutGirlRegular.png",
  "AnastasiaRegular": "https://ik.imagekit.io/evertaletoolbox/monsters/large/AnastasiaRegular.png",
  "DonQuixoteRegular": "https://ik.imagekit.io/evertaletoolbox/monsters/large/DonQuixoteRegular.png",
  "KingArthurEvil": "https://ik.imagekit.io/evertaletoolbox/monsters/large/KingArthurEvil.png",
  "PeachGirlRegular": "https://ik.imagekit.io/evertaletoolbox/monsters/large/PeachGirlRegular.png",
  "ElminaModern": "https://ik.imagekit.io/evertaletoolbox/monsters/large/ElminaModern.png",
  "OniSchoolDark": "https://ik.imagekit.io/evertaletoolbox/monsters/large/OniSchoolDark.png",
  "PerryRegular": "https://ik.imagekit.io/evertaletoolbox/monsters/large/PerryRegular.png",
  "RyomaRegular": "https://ik.imagekit.io/evertaletoolbox/monsters/large/RyomaRegular.png",
  "MasamuneRegular": "https://ik.imagekit.io/evertaletoolbox/monsters/large/MasamuneRegular.png",
  "PinocchioRegular": "https://ik.imagekit.io/evertaletoolbox/monsters/large/PinocchioRegular.png",
  "KongmingRegular": "https://ik.imagekit.io/evertaletoolbox/monsters/large/KongmingRegular.png",
  "RizKouhaiRegular": "https://ik.imagekit.io/evertaletoolbox/monsters/large/RizKouhaiRegular.png",
  "SuperEarthMinion": "https://ik.imagekit.io/evertaletoolbox/monsters/large/SuperEarthMinion.png",
  "RolotiaDark": "https://ik.imagekit.io/evertaletoolbox/monsters/large/RolotiaDark.png",
  "ChronosRegular": "https://ik.imagekit.io/evertaletoolbox/monsters/large/ChronosRegular.png",
  "NikeRegular": "https://ik.imagekit.io/evertaletoolbox/monsters/large/NikeRegular.png",
  "YandereMaidDark": "https://ik.imagekit.io/evertaletoolbox/monsters/large/YandereMaidDark.png",
  "ElizabethRegular": "https://ik.imagekit.io/evertaletoolbox/monsters/large/ElizabethRegular.png",
  "LudmillaDarkNew": "https://ik.imagekit.io/evertaletoolbox/monsters/large/LudmillaDarkNew.png",
  "SuperAirMinion": "https://ik.imagekit.io/evertaletoolbox/monsters/large/SuperAirMinion.png",
  "KirinGirlRegular": "https://ik.imagekit.io/evertaletoolbox/monsters/large/KirinGirlRegular.png",
  "KaguyahimeDark": "https://ik.imagekit.io/evertaletoolbox/monsters/large/KaguyahimeDark.png",
  "ZoroRegular": "https://ik.imagekit.io/evertaletoolbox/monsters/large/ZoroRegular.png",
  "YamatoRegular": "https://ik.imagekit.io/evertaletoolbox/monsters/large/YamatoRegular.png",
  "MechaSisterNew": "https://ik.imagekit.io/evertaletoolbox/monsters/large/MechaSisterNew.png",
  "HokusaiRegular": "https://ik.imagekit.io/evertaletoolbox/monsters/large/HokusaiRegular.png",
  "SuperFireMinion": "https://ik.imagekit.io/evertaletoolbox/monsters/large/SuperFireMinion.png",
  "DragonGirlRegular": "https://ik.imagekit.io/evertaletoolbox/monsters/large/DragonGirlRegular.png",
  "SatanRegular": "https://ik.imagekit.io/evertaletoolbox/monsters/large/SatanRegular.png",
  "DaVinciRegular": "https://ik.imagekit.io/evertaletoolbox/monsters/large/DaVinciRegular.png",
  "KojiroRegular": "https://ik.imagekit.io/evertaletoolbox/monsters/large/KojiroRegular.png",
  "GoemonRegularClone": "https://ik.imagekit.io/evertaletoolbox/monsters/large/GoemonRegularClone.png",
  "GoemonRegular": "https://ik.imagekit.io/evertaletoolbox/monsters/large/GoemonRegular.png",
  "GokuBride": "https://ik.imagekit.io/evertaletoolbox/monsters/large/GokuBride.png",
  "SuperWaterMinion": "https://ik.imagekit.io/evertaletoolbox/monsters/large/SuperWaterMinion.png",
  "MermaidRegular": "https://ik.imagekit.io/evertaletoolbox/monsters/large/MermaidRegular.png",
  "MurasakiRegular": "https://ik.imagekit.io/evertaletoolbox/monsters/large/MurasakiRegular.png",
  "SnowWhiteMaid": "https://ik.imagekit.io/evertaletoolbox/monsters/large/SnowWhiteMaid.png",
  "CrossSwordKnightDark": "https://ik.imagekit.io/evertaletoolbox/monsters/large/CrossSwordKnightDark.png",
  "LuciferRegular": "https://ik.imagekit.io/evertaletoolbox/monsters/large/LuciferRegular.png",
  "RoundTableKnightDark": "https://ik.imagekit.io/evertaletoolbox/monsters/large/RoundTableKnightDark.png",
  "ExcaliburMinion": "https://ik.imagekit.io/evertaletoolbox/monsters/large/ExcaliburMinion.png",
  "ExcaliburRegular": "https://ik.imagekit.io/evertaletoolbox/monsters/large/ExcaliburRegular.png",
  "TristanRegular": "https://ik.imagekit.io/evertaletoolbox/monsters/large/TristanRegular.png",
  "LudmillaNew": "https://ik.imagekit.io/evertaletoolbox/monsters/large/LudmillaNew.png",
  "KaguyahimeSwimsuit": "https://ik.imagekit.io/evertaletoolbox/monsters/large/KaguyahimeSwimsuit.png",
  "OkitaRegular": "https://ik.imagekit.io/evertaletoolbox/monsters/large/OkitaRegular.png",
  "HijikataRegular": "https://ik.imagekit.io/evertaletoolbox/monsters/large/HijikataRegular.png",
  "CleopatraDark": "https://ik.imagekit.io/evertaletoolbox/monsters/large/CleopatraDark.png",
  "NapoleonRegular": "https://ik.imagekit.io/evertaletoolbox/monsters/large/NapoleonRegular.png",
  "CthulhuGirlRegular": "https://ik.imagekit.io/evertaletoolbox/monsters/large/CthulhuGirlRegular.png",
  "UnicornRegular": "https://ik.imagekit.io/evertaletoolbox/monsters/large/UnicornRegular.png",
  "CinderellaSwimsuit": "https://ik.imagekit.io/evertaletoolbox/monsters/large/CinderellaSwimsuit.png",
  "GenieRegular": "https://ik.imagekit.io/evertaletoolbox/monsters/large/GenieRegular.png",
  "FrankensteinRegularDoll": "https://ik.imagekit.io/evertaletoolbox/monsters/large/FrankensteinRegularDoll.png",
  "FrankensteinRegular": "https://ik.imagekit.io/evertaletoolbox/monsters/large/FrankensteinRegular.png",
  "KingArthurSwimsuit": "https://ik.imagekit.io/evertaletoolbox/monsters/large/KingArthurSwimsuit.png",
  "MusashiRegular": "https://ik.imagekit.io/evertaletoolbox/monsters/large/MusashiRegular.png",
  "LuBuRegular": "https://ik.imagekit.io/evertaletoolbox/monsters/large/LuBuRegular.png",
  "RapunzelRegular": "https://ik.imagekit.io/evertaletoolbox/monsters/large/RapunzelRegular.png",
  "IbarahimeSwimsuit": "https://ik.imagekit.io/evertaletoolbox/monsters/large/IbarahimeSwimsuit.png",
  "MordredRegular": "https://ik.imagekit.io/evertaletoolbox/monsters/large/MordredRegular.png",
  "PercivalRegular": "https://ik.imagekit.io/evertaletoolbox/monsters/large/PercivalRegular.png",
  "LudmillaYukata": "https://ik.imagekit.io/evertaletoolbox/monsters/large/LudmillaYukata.png",
  "CerberusRegular": "https://ik.imagekit.io/evertaletoolbox/monsters/large/CerberusRegular.png",
  "CinderellaDark": "https://ik.imagekit.io/evertaletoolbox/monsters/large/CinderellaDark.png",
  "OtohimeRegular": "https://ik.imagekit.io/evertaletoolbox/monsters/large/OtohimeRegular.png",
  "GokuDark": "https://ik.imagekit.io/evertaletoolbox/monsters/large/GokuDark.png",
  "RizetteBride": "https://ik.imagekit.io/evertaletoolbox/monsters/large/RizetteBride.png",
  "GilgameshRegular": "https://ik.imagekit.io/evertaletoolbox/monsters/large/GilgameshRegular.png",
  "CleopatraRegular": "https://ik.imagekit.io/evertaletoolbox/monsters/large/CleopatraRegular.png",
  "MechaSisterBride": "https://ik.imagekit.io/evertaletoolbox/monsters/large/MechaSisterBride.png",
  "LokiRegular": "https://ik.imagekit.io/evertaletoolbox/monsters/large/LokiRegular.png",
  "OdinRaven": "https://ik.imagekit.io/evertaletoolbox/monsters/large/OdinRaven.png",
  "OdinRegular": "https://ik.imagekit.io/evertaletoolbox/monsters/large/OdinRegular.png",
  "KaguyahimeRegular": "https://ik.imagekit.io/evertaletoolbox/monsters/large/KaguyahimeRegular.png",
  "HimikoRegular": "https://ik.imagekit.io/evertaletoolbox/monsters/large/HimikoRegular.png",
  "JeanneDarkSwimsuit": "https://ik.imagekit.io/evertaletoolbox/monsters/large/JeanneDarkSwimsuit.png",
  "YandereMaidRaceQueen": "https://ik.imagekit.io/evertaletoolbox/monsters/large/YandereMaidRaceQueen.png",
  "KingArthurRegular": "https://ik.imagekit.io/evertaletoolbox/monsters/large/KingArthurRegular.png",
  "RoundTableKnightBride": "https://ik.imagekit.io/evertaletoolbox/monsters/large/RoundTableKnightBride.png",
  "MagicalRabbit": "https://ik.imagekit.io/evertaletoolbox/monsters/large/MagicalRabbit.png",
  "AliceMagicalGirl": "https://ik.imagekit.io/evertaletoolbox/monsters/large/AliceMagicalGirl.png",
  "BurnedGirlRegular": "https://ik.imagekit.io/evertaletoolbox/monsters/large/BurnedGirlRegular.png",
  "NobunagaRegular": "https://ik.imagekit.io/evertaletoolbox/monsters/large/NobunagaRegular.png",
  "SnowBlackBride": "https://ik.imagekit.io/evertaletoolbox/monsters/large/SnowBlackBride.png",
  "SnowWhiteBride": "https://ik.imagekit.io/evertaletoolbox/monsters/large/SnowWhiteBride.png",
  "RolotiaNew": "https://ik.imagekit.io/evertaletoolbox/monsters/large/RolotiaNew.png",
  "LudmillaSchoolGirl": "https://ik.imagekit.io/evertaletoolbox/monsters/large/LudmillaSchoolGirl.png",
  "DarkRizetteSwimsuit": "https://ik.imagekit.io/evertaletoolbox/monsters/large/DarkRizetteSwimsuit.png",
  "IbarahimeRegular": "https://ik.imagekit.io/evertaletoolbox/monsters/large/IbarahimeRegular.png",
  "CinderellaRegular": "https://ik.imagekit.io/evertaletoolbox/monsters/large/CinderellaRegular.png",
  "AstridNew": "https://ik.imagekit.io/evertaletoolbox/monsters/large/AstridNew.png",
  "OssiaDark": "https://ik.imagekit.io/evertaletoolbox/monsters/large/OssiaDark.png",
  "GyurelleRegular": "https://ik.imagekit.io/evertaletoolbox/monsters/large/GyurelleRegular.png",
  "MechaSisterSwimsuit": "https://ik.imagekit.io/evertaletoolbox/monsters/large/MechaSisterSwimsuit.png",
  "TwinGodRegular": "https://ik.imagekit.io/evertaletoolbox/monsters/large/TwinGodRegular.png",
  "LudmillaRacequeen": "https://ik.imagekit.io/evertaletoolbox/monsters/large/LudmillaRacequeen.png",
  "JeanneBrideAngel": "https://ik.imagekit.io/evertaletoolbox/monsters/large/JeanneBrideAngel.png",
  "JeanneBride": "https://ik.imagekit.io/evertaletoolbox/monsters/large/JeanneBride.png",
  "CrossSwordKnight": "https://ik.imagekit.io/evertaletoolbox/monsters/large/CrossSwordKnight.png",
  "RoundTableKnight": "https://ik.imagekit.io/evertaletoolbox/monsters/large/RoundTableKnight.png",
  "TiamatRegular": "https://ik.imagekit.io/evertaletoolbox/monsters/large/TiamatRegular.png",
  "ElminaBunny": "https://ik.imagekit.io/evertaletoolbox/monsters/large/ElminaBunny.png",
  "AliceDark": "https://ik.imagekit.io/evertaletoolbox/monsters/large/AliceDark.png",
  "GokuRegular": "https://ik.imagekit.io/evertaletoolbox/monsters/large/GokuRegular.png",
  "OssiaHalloween": "https://ik.imagekit.io/evertaletoolbox/monsters/large/OssiaHalloween.png",
  "DeerGirl": "https://ik.imagekit.io/evertaletoolbox/monsters/large/DeerGirl.png",
  "InugamiRegular": "https://ik.imagekit.io/evertaletoolbox/monsters/large/InugamiRegular.png",
  "FreyaRegular": "https://ik.imagekit.io/evertaletoolbox/monsters/large/FreyaRegular.png",
  "MerlinRegular": "https://ik.imagekit.io/evertaletoolbox/monsters/large/MerlinRegular.png",
  "DeadlyVampire": "https://ik.imagekit.io/evertaletoolbox/monsters/large/DeadlyVampire.png",
  "TheoRegular": "https://ik.imagekit.io/evertaletoolbox/monsters/large/TheoRegular.png",
  "SnowWhiteSwimsuit": "https://ik.imagekit.io/evertaletoolbox/monsters/large/SnowWhiteSwimsuit.png",
  "ReiBride": "https://ik.imagekit.io/evertaletoolbox/monsters/large/ReiBride.png",
  "CallenBride": "https://ik.imagekit.io/evertaletoolbox/monsters/large/CallenBride.png",
  "CowGirl": "https://ik.imagekit.io/evertaletoolbox/monsters/large/CowGirl.png",
  "MyshaDark": "https://ik.imagekit.io/evertaletoolbox/monsters/large/MyshaDark.png",
  "AntaresRegular": "https://ik.imagekit.io/evertaletoolbox/monsters/large/AntaresRegular.png",
  "EarthGoddess": "https://ik.imagekit.io/evertaletoolbox/monsters/large/EarthGoddess.png",
  "ShutenDoji": "https://ik.imagekit.io/evertaletoolbox/monsters/large/ShutenDoji.png",
  "MyshaIdolGirl": "https://ik.imagekit.io/evertaletoolbox/monsters/large/MyshaIdolGirl.png",
  "AstridBride": "https://ik.imagekit.io/evertaletoolbox/monsters/large/AstridBride.png",
  "HorseIdolGirl": "https://ik.imagekit.io/evertaletoolbox/monsters/large/HorseIdolGirl.png",
  "JeanneAngelValentine": "https://ik.imagekit.io/evertaletoolbox/monsters/large/JeanneAngelValentine.png",
  "JeanneValentine": "https://ik.imagekit.io/evertaletoolbox/monsters/large/JeanneValentine.png",
  "CallenRegular": "https://ik.imagekit.io/evertaletoolbox/monsters/large/CallenRegular.png",
  "MechaSisterDark": "https://ik.imagekit.io/evertaletoolbox/monsters/large/MechaSisterDark.png",
  "LudmillaChristmas": "https://ik.imagekit.io/evertaletoolbox/monsters/large/LudmillaChristmas.png",
  "OniSchoolSamurai": "https://ik.imagekit.io/evertaletoolbox/monsters/large/OniSchoolSamurai.png",
  "WhiteSnakeGirl": "https://ik.imagekit.io/evertaletoolbox/monsters/large/WhiteSnakeGirl.png",
  "MyshaRegular": "https://ik.imagekit.io/evertaletoolbox/monsters/large/MyshaRegular.png",
  "CatIdolHalloween": "https://ik.imagekit.io/evertaletoolbox/monsters/large/CatIdolHalloween.png",
  "ElminaNew": "https://ik.imagekit.io/evertaletoolbox/monsters/large/ElminaNew.png",
  "CallenDragonDark": "https://ik.imagekit.io/evertaletoolbox/monsters/large/CallenDragonDark.png",
  "JeanneDarkAngel": "https://ik.imagekit.io/evertaletoolbox/monsters/large/JeanneDarkAngel.png",
  "JeanneDark": "https://ik.imagekit.io/evertaletoolbox/monsters/large/JeanneDark.png",
  "Imposter": "https://ik.imagekit.io/evertaletoolbox/monsters/large/Imposter.png",
  "CallenSwimsuit": "https://ik.imagekit.io/evertaletoolbox/monsters/large/CallenSwimsuit.png",
  "RizetteSwimsuit": "https://ik.imagekit.io/evertaletoolbox/monsters/large/RizetteSwimsuit.png",
  "YandereMaidSwimsuit": "https://ik.imagekit.io/evertaletoolbox/monsters/large/YandereMaidSwimsuit.png",
  "LudmillaBride": "https://ik.imagekit.io/evertaletoolbox/monsters/large/LudmillaBride.png",
  "SnowWhite": "https://ik.imagekit.io/evertaletoolbox/monsters/large/SnowWhite.png",
  "LunaHood": "https://ik.imagekit.io/evertaletoolbox/monsters/large/LunaHood.png",
  "ShannaRidingHood": "https://ik.imagekit.io/evertaletoolbox/monsters/large/ShannaRidingHood.png",
  "RizetteYoung": "https://ik.imagekit.io/evertaletoolbox/monsters/large/RizetteYoung.png",
  "ReiSwimsuitSummon": "https://ik.imagekit.io/evertaletoolbox/monsters/large/ReiSwimsuitSummon.png",
  "ReiSwimsuit": "https://ik.imagekit.io/evertaletoolbox/monsters/large/ReiSwimsuit.png",
  "DeadlyNurse": "https://ik.imagekit.io/evertaletoolbox/monsters/large/DeadlyNurse.png",
  "MechaSister": "https://ik.imagekit.io/evertaletoolbox/monsters/large/MechaSister.png",
  "AntaresModern": "https://ik.imagekit.io/evertaletoolbox/monsters/large/AntaresModern.png",
  "DarkCatFighter": "https://ik.imagekit.io/evertaletoolbox/monsters/large/DarkCatFighter.png",
  "CatIdolGirl": "https://ik.imagekit.io/evertaletoolbox/monsters/large/CatIdolGirl.png",
  "DarkAstridNewYear": "https://ik.imagekit.io/evertaletoolbox/monsters/large/DarkAstridNewYear.png",
  "DarkRizetteChristmas": "https://ik.imagekit.io/evertaletoolbox/monsters/large/DarkRizetteChristmas.png",
  "ChristmasMinion": "https://ik.imagekit.io/evertaletoolbox/monsters/large/ChristmasMinion.png",
  "BunnySamurai": "https://ik.imagekit.io/evertaletoolbox/monsters/large/BunnySamurai.png",
  "OniSchoolGirl": "https://ik.imagekit.io/evertaletoolbox/monsters/large/OniSchoolGirl.png",
  "SchoolGirlWarrior": "https://ik.imagekit.io/evertaletoolbox/monsters/large/SchoolGirlWarrior.png",
  "YandereMaid": "https://ik.imagekit.io/evertaletoolbox/monsters/large/YandereMaid.png",
  "RedElfOfficer": "https://ik.imagekit.io/evertaletoolbox/monsters/large/RedElfOfficer.png",
  "BlueWingDragon": "https://ik.imagekit.io/evertaletoolbox/monsters/large/BlueWingDragon.png",
  "Ossia": "https://ik.imagekit.io/evertaletoolbox/monsters/large/Ossia.png",
  "IkemenSamurai": "https://ik.imagekit.io/evertaletoolbox/monsters/large/IkemenSamurai.png",
  "GothGirl": "https://ik.imagekit.io/evertaletoolbox/monsters/large/GothGirl.png",
  "EyepatchGuard": "https://ik.imagekit.io/evertaletoolbox/monsters/large/EyepatchGuard.png",
  "CallenDragon": "https://ik.imagekit.io/evertaletoolbox/monsters/large/CallenDragon.png",
  "AntaresSwimsuit": "https://ik.imagekit.io/evertaletoolbox/monsters/large/AntaresSwimsuit.png",
  "DancingAssassinSwimsuit": "https://ik.imagekit.io/evertaletoolbox/monsters/large/DancingAssassinSwimsuit.png",
  "ElminaSwimsuit": "https://ik.imagekit.io/evertaletoolbox/monsters/large/ElminaSwimsuit.png",
  "RolotiaSwimsuit": "https://ik.imagekit.io/evertaletoolbox/monsters/large/RolotiaSwimsuit.png",
  "AxeAngel": "https://ik.imagekit.io/evertaletoolbox/monsters/large/AxeAngel.png",
  "JeanneAngel": "https://ik.imagekit.io/evertaletoolbox/monsters/large/JeanneAngel.png",
  "Jeanne": "https://ik.imagekit.io/evertaletoolbox/monsters/large/Jeanne.png",
  "Bahamut": "https://ik.imagekit.io/evertaletoolbox/monsters/large/Bahamut.png",
  "TimeWitch": "https://ik.imagekit.io/evertaletoolbox/monsters/large/TimeWitch.png",
  "RolotiaRegular": "https://ik.imagekit.io/evertaletoolbox/monsters/large/RolotiaRegular.png",
  "Kisara": "https://ik.imagekit.io/evertaletoolbox/monsters/large/Kisara.png",
  "Crescent": "https://ik.imagekit.io/evertaletoolbox/monsters/large/Crescent.png",
  "SpearGirlWarrior": "https://ik.imagekit.io/evertaletoolbox/monsters/large/SpearGirlWarrior.png",
  "Gloria": "https://ik.imagekit.io/evertaletoolbox/monsters/large/Gloria.png",
  "RizetteNew": "https://ik.imagekit.io/evertaletoolbox/monsters/large/RizetteNew.png",
  "Cyrus": "https://ik.imagekit.io/evertaletoolbox/monsters/large/Cyrus.png",
  "DarkAstrid": "https://ik.imagekit.io/evertaletoolbox/monsters/large/DarkAstrid.png",
  "DarkLudmilla": "https://ik.imagekit.io/evertaletoolbox/monsters/large/DarkLudmilla.png",
  "WindDragon": "https://ik.imagekit.io/evertaletoolbox/monsters/large/WindDragon.png",
  "BatWingWarrior": "https://ik.imagekit.io/evertaletoolbox/monsters/large/BatWingWarrior.png",
  "DancingAssassin": "https://ik.imagekit.io/evertaletoolbox/monsters/large/DancingAssassin.png",
  "SamuraiGirl": "https://ik.imagekit.io/evertaletoolbox/monsters/large/SamuraiGirl.png",
  "EarthKaiju": "https://ik.imagekit.io/evertaletoolbox/monsters/large/EarthKaiju.png",
  "ChineseRizette": "https://ik.imagekit.io/evertaletoolbox/monsters/large/ChineseRizette.png",
  "ChristmasCatEar": "https://ik.imagekit.io/evertaletoolbox/monsters/large/ChristmasCatEar.png",
  "NewYearRolotia": "https://ik.imagekit.io/evertaletoolbox/monsters/large/NewYearRolotia.png",
  "ChristmasElmina": "https://ik.imagekit.io/evertaletoolbox/monsters/large/ChristmasElmina.png",
  "DarkRizette": "https://ik.imagekit.io/evertaletoolbox/monsters/large/DarkRizette.png",
  "NovaBlastDragon": "https://ik.imagekit.io/evertaletoolbox/monsters/large/NovaBlastDragon.png",
  "DeathLich": "https://ik.imagekit.io/evertaletoolbox/monsters/large/DeathLich.png",
  "RibbonStudent": "https://ik.imagekit.io/evertaletoolbox/monsters/large/RibbonStudent.png",
  "Arga": "https://ik.imagekit.io/evertaletoolbox/monsters/large/Arga.png",
  "NorzaRegular": "https://ik.imagekit.io/evertaletoolbox/monsters/large/NorzaRegular.png",
  "LudmillaRegular": "https://ik.imagekit.io/evertaletoolbox/monsters/large/LudmillaRegular.png",
  "BabyDarkDragon": "https://ik.imagekit.io/evertaletoolbox/monsters/large/BabyDarkDragon.png",
  "FireGirlWarrior": "https://ik.imagekit.io/evertaletoolbox/monsters/large/FireGirlWarrior.png",
  "LegendFireDragon": "https://ik.imagekit.io/evertaletoolbox/monsters/large/LegendFireDragon.png",
  "IceWitch": "https://ik.imagekit.io/evertaletoolbox/monsters/large/IceWitch.png",
  "ShadowElmina": "https://ik.imagekit.io/evertaletoolbox/monsters/large/ShadowElmina.png",
  "ElminaRegular": "https://ik.imagekit.io/evertaletoolbox/monsters/large/ElminaRegular.png",
  "AngelFighter": "https://ik.imagekit.io/evertaletoolbox/monsters/large/AngelFighter.png",
  "WaterLancerGirl": "https://ik.imagekit.io/evertaletoolbox/monsters/large/WaterLancerGirl.png",
  "SwimsuitLudmilla": "https://ik.imagekit.io/evertaletoolbox/monsters/large/SwimsuitLudmilla.png",
  "SwimsuitAstrid": "https://ik.imagekit.io/evertaletoolbox/monsters/large/SwimsuitAstrid.png",
  "WaterPriestess": "https://ik.imagekit.io/evertaletoolbox/monsters/large/WaterPriestess.png",
  "DevilLady": "https://ik.imagekit.io/evertaletoolbox/monsters/large/DevilLady.png",
  "WhiteKnight": "https://ik.imagekit.io/evertaletoolbox/monsters/large/WhiteKnight.png",
  "DeathKnight": "https://ik.imagekit.io/evertaletoolbox/monsters/large/DeathKnight.png",
  "BlackKnightDojo": "https://ik.imagekit.io/evertaletoolbox/monsters/large/BlackKnightDojo.png",
  "BeastLadyFighterDojo": "https://ik.imagekit.io/evertaletoolbox/monsters/large/BeastLadyFighterDojo.png",
  "RizetteDojo": "https://ik.imagekit.io/evertaletoolbox/monsters/large/RizetteDojo.png",
  "MyshaDojo": "https://ik.imagekit.io/evertaletoolbox/monsters/large/MyshaDojo.png",
  "AirSpiderDojo": "https://ik.imagekit.io/evertaletoolbox/monsters/large/AirSpiderDojo.png",
  "BrocheWitchDojo": "https://ik.imagekit.io/evertaletoolbox/monsters/large/BrocheWitchDojo.png",
  "GhostKnightDojo": "https://ik.imagekit.io/evertaletoolbox/monsters/large/GhostKnightDojo.png",
  "FrogSorcerorDojo": "https://ik.imagekit.io/evertaletoolbox/monsters/large/FrogSorcerorDojo.png",
  "BlueDinosaurDojo": "https://ik.imagekit.io/evertaletoolbox/monsters/large/BlueDinosaurDojo.png",
  "JewelMermaidDojo": "https://ik.imagekit.io/evertaletoolbox/monsters/large/JewelMermaidDojo.png",
  "MartialArtistGirlDojo": "https://ik.imagekit.io/evertaletoolbox/monsters/large/MartialArtistGirlDojo.png",
  "FoxDuelistDojo": "https://ik.imagekit.io/evertaletoolbox/monsters/large/FoxDuelistDojo.png",
  "FourLeggedCatfishDojo": "https://ik.imagekit.io/evertaletoolbox/monsters/large/FourLeggedCatfishDojo.png",
  "PlainsMammalDojo": "https://ik.imagekit.io/evertaletoolbox/monsters/large/PlainsMammalDojo.png",
  "AstridDojo": "https://ik.imagekit.io/evertaletoolbox/monsters/large/AstridDojo.png",
  "FlyingSnakeDojo": "https://ik.imagekit.io/evertaletoolbox/monsters/large/FlyingSnakeDojo.png",
  "IceWolfDojo": "https://ik.imagekit.io/evertaletoolbox/monsters/large/IceWolfDojo.png",
  "ForestBearDojo": "https://ik.imagekit.io/evertaletoolbox/monsters/large/ForestBearDojo.png",
  "PurpleWaspDojo": "https://ik.imagekit.io/evertaletoolbox/monsters/large/PurpleWaspDojo.png",
  "AirWolfDojo": "https://ik.imagekit.io/evertaletoolbox/monsters/large/AirWolfDojo.png",
  "NagiDojo": "https://ik.imagekit.io/evertaletoolbox/monsters/large/NagiDojo.png",
  "BlueSeaSerpentDojo": "https://ik.imagekit.io/evertaletoolbox/monsters/large/BlueSeaSerpentDojo.png",
  "NewRedElfDojo": "https://ik.imagekit.io/evertaletoolbox/monsters/large/NewRedElfDojo.png",
  "MetalDragonDojo": "https://ik.imagekit.io/evertaletoolbox/monsters/large/MetalDragonDojo.png",
  "AnimalFamiliarDojo": "https://ik.imagekit.io/evertaletoolbox/monsters/large/AnimalFamiliarDojo.png",
  "OnionBoyDojo": "https://ik.imagekit.io/evertaletoolbox/monsters/large/OnionBoyDojo.png",
  "TigerApeDojo": "https://ik.imagekit.io/evertaletoolbox/monsters/large/TigerApeDojo.png",
  "FurCoatWolfDojo": "https://ik.imagekit.io/evertaletoolbox/monsters/large/FurCoatWolfDojo.png",
  "CrescentBladeElfDojo": "https://ik.imagekit.io/evertaletoolbox/monsters/large/CrescentBladeElfDojo.png",
  "ElfFireSamuraiDojo": "https://ik.imagekit.io/evertaletoolbox/monsters/large/ElfFireSamuraiDojo.png",
  "AztecWarriorDojo": "https://ik.imagekit.io/evertaletoolbox/monsters/large/AztecWarriorDojo.png",
  "IceSpiritDojo": "https://ik.imagekit.io/evertaletoolbox/monsters/large/IceSpiritDojo.png",
  "FloatGuardianDojo": "https://ik.imagekit.io/evertaletoolbox/monsters/large/FloatGuardianDojo.png",
  "FireWolfDojo": "https://ik.imagekit.io/evertaletoolbox/monsters/large/FireWolfDojo.png",
  "FireBirdDojo": "https://ik.imagekit.io/evertaletoolbox/monsters/large/FireBirdDojo.png",
  "HornedYetiDojo": "https://ik.imagekit.io/evertaletoolbox/monsters/large/HornedYetiDojo.png",
  "AirGenieDojo": "https://ik.imagekit.io/evertaletoolbox/monsters/large/AirGenieDojo.png",
  "FloatingMageDojo": "https://ik.imagekit.io/evertaletoolbox/monsters/large/FloatingMageDojo.png",
  "PurpleElfKnight": "https://ik.imagekit.io/evertaletoolbox/monsters/large/PurpleElfKnight.png",
  "FurCoatLizard": "https://ik.imagekit.io/evertaletoolbox/monsters/large/FurCoatLizard.png",
  "FireDragon": "https://ik.imagekit.io/evertaletoolbox/monsters/large/FireDragon.png",
  "CherryBlossom": "https://ik.imagekit.io/evertaletoolbox/monsters/large/CherryBlossom.png",
  "AstridRegular": "https://ik.imagekit.io/evertaletoolbox/monsters/large/AstridRegular.png",
  "GoldAppleGirl": "https://ik.imagekit.io/evertaletoolbox/monsters/large/GoldAppleGirl.png",
  "PinkHairWitch": "https://ik.imagekit.io/evertaletoolbox/monsters/large/PinkHairWitch.png",
  "ButterflyLady": "https://ik.imagekit.io/evertaletoolbox/monsters/large/ButterflyLady.png",
  "MoonGoddess": "https://ik.imagekit.io/evertaletoolbox/monsters/large/MoonGoddess.png",
  "GreenDragon": "https://ik.imagekit.io/evertaletoolbox/monsters/large/GreenDragon.png",
  "NagiRegular": "https://ik.imagekit.io/evertaletoolbox/monsters/large/NagiRegular.png",
  "ReiRegular": "https://ik.imagekit.io/evertaletoolbox/monsters/large/ReiRegular.png",
  "AliceRabbit": "https://ik.imagekit.io/evertaletoolbox/monsters/large/AliceRabbit.png",
  "Alice": "https://ik.imagekit.io/evertaletoolbox/monsters/large/Alice.png",
  "BattleCleric": "https://ik.imagekit.io/evertaletoolbox/monsters/large/BattleCleric.png",
  "AirDragon": "https://ik.imagekit.io/evertaletoolbox/monsters/large/AirDragon.png",
  "FinnCrestbearer": "https://ik.imagekit.io/evertaletoolbox/monsters/large/FinnCrestbearer.png",
  "RizetteCrestbearer": "https://ik.imagekit.io/evertaletoolbox/monsters/large/RizetteCrestbearer.png",
  "DeathBomber": "https://ik.imagekit.io/evertaletoolbox/monsters/large/DeathBomber.png",
  "LifeBomber": "https://ik.imagekit.io/evertaletoolbox/monsters/large/LifeBomber.png",
  "AirBomber": "https://ik.imagekit.io/evertaletoolbox/monsters/large/AirBomber.png",
  "EarthBomber": "https://ik.imagekit.io/evertaletoolbox/monsters/large/EarthBomber.png",
  "FireBomber": "https://ik.imagekit.io/evertaletoolbox/monsters/large/FireBomber.png",
  "WaterBomber": "https://ik.imagekit.io/evertaletoolbox/monsters/large/WaterBomber.png",
  "AirMinion": "https://ik.imagekit.io/evertaletoolbox/monsters/large/AirMinion.png",
  "WaterMinion": "https://ik.imagekit.io/evertaletoolbox/monsters/large/WaterMinion.png",
  "LifeMinion": "https://ik.imagekit.io/evertaletoolbox/monsters/large/LifeMinion.png",
  "FireMinion": "https://ik.imagekit.io/evertaletoolbox/monsters/large/FireMinion.png",
  "EarthMinion": "https://ik.imagekit.io/evertaletoolbox/monsters/large/EarthMinion.png",
  "DeathMinion": "https://ik.imagekit.io/evertaletoolbox/monsters/large/DeathMinion.png",
  "BoxJaw": "https://ik.imagekit.io/evertaletoolbox/monsters/large/BoxJaw.png",
  "Oz": "https://ik.imagekit.io/evertaletoolbox/monsters/large/Oz.png",
  "Mysha": "https://ik.imagekit.io/evertaletoolbox/monsters/large/Mysha.png",
  "GaLuga": "https://ik.imagekit.io/evertaletoolbox/monsters/large/GaLuga.png",
  "Theo": "https://ik.imagekit.io/evertaletoolbox/monsters/large/Theo.png",
  "Elmina": "https://ik.imagekit.io/evertaletoolbox/monsters/large/Elmina.png",
  "BlueSeaSerpent": "https://ik.imagekit.io/evertaletoolbox/monsters/large/BlueSeaSerpent.png",
  "Kirin": "https://ik.imagekit.io/evertaletoolbox/monsters/large/Kirin.png",
  "DemonElfBoy": "https://ik.imagekit.io/evertaletoolbox/monsters/large/DemonElfBoy.png",
  "Taotie": "https://ik.imagekit.io/evertaletoolbox/monsters/large/Taotie.png",
  "FoxMutant": "https://ik.imagekit.io/evertaletoolbox/monsters/large/FoxMutant.png",
  "SilverHairBerserker": "https://ik.imagekit.io/evertaletoolbox/monsters/large/SilverHairBerserker.png",
  "ElfFireSamurai": "https://ik.imagekit.io/evertaletoolbox/monsters/large/ElfFireSamurai.png",
  "AnimalFamiliar": "https://ik.imagekit.io/evertaletoolbox/monsters/large/AnimalFamiliar.png",
  "BugWarrior": "https://ik.imagekit.io/evertaletoolbox/monsters/large/BugWarrior.png",
  "Inanna": "https://ik.imagekit.io/evertaletoolbox/monsters/large/Inanna.png",
  "HorseHead": "https://ik.imagekit.io/evertaletoolbox/monsters/large/HorseHead.png",
  "MonsterBoy": "https://ik.imagekit.io/evertaletoolbox/monsters/large/MonsterBoy.png",
  "MaskPurpleWitch": "https://ik.imagekit.io/evertaletoolbox/monsters/large/MaskPurpleWitch.png",
  "FrogSorceror": "https://ik.imagekit.io/evertaletoolbox/monsters/large/FrogSorceror.png",
  "AztecWarrior": "https://ik.imagekit.io/evertaletoolbox/monsters/large/AztecWarrior.png",
  "MistDragon": "https://ik.imagekit.io/evertaletoolbox/monsters/large/MistDragon.png",
  "GoldAngel": "https://ik.imagekit.io/evertaletoolbox/monsters/large/GoldAngel.png",
  "ElfMusician": "https://ik.imagekit.io/evertaletoolbox/monsters/large/ElfMusician.png",
  "EarthMercenary": "https://ik.imagekit.io/evertaletoolbox/monsters/large/EarthMercenary.png",
  "CatEaredFighter": "https://ik.imagekit.io/evertaletoolbox/monsters/large/CatEaredFighter.png",
  "SmokePipeFrog": "https://ik.imagekit.io/evertaletoolbox/monsters/large/SmokePipeFrog.png",
  "MetalDragon": "https://ik.imagekit.io/evertaletoolbox/monsters/large/MetalDragon.png",
  "GearLancerGirl": "https://ik.imagekit.io/evertaletoolbox/monsters/large/GearLancerGirl.png",
  "PharaohLizard": "https://ik.imagekit.io/evertaletoolbox/monsters/large/PharaohLizard.png",
  "HighAngelSoldier": "https://ik.imagekit.io/evertaletoolbox/monsters/large/HighAngelSoldier.png",
  "SquidHead": "https://ik.imagekit.io/evertaletoolbox/monsters/large/SquidHead.png",
  "ArcDemon": "https://ik.imagekit.io/evertaletoolbox/monsters/large/ArcDemon.png",
  "TrainerGirl": "https://ik.imagekit.io/evertaletoolbox/monsters/large/TrainerGirl.png",
  "TrainerBoy": "https://ik.imagekit.io/evertaletoolbox/monsters/large/TrainerBoy.png",
  "RoseElf": "https://ik.imagekit.io/evertaletoolbox/monsters/large/RoseElf.png",
  "RedHairKnight": "https://ik.imagekit.io/evertaletoolbox/monsters/large/RedHairKnight.png",
  "FoxDuelist": "https://ik.imagekit.io/evertaletoolbox/monsters/large/FoxDuelist.png",
  "FloatingMage": "https://ik.imagekit.io/evertaletoolbox/monsters/large/FloatingMage.png",
  "TwoFaceDemon": "https://ik.imagekit.io/evertaletoolbox/monsters/large/TwoFaceDemon.png",
  "ElfBattleMage": "https://ik.imagekit.io/evertaletoolbox/monsters/large/ElfBattleMage.png",
  "RedScarfFrog": "https://ik.imagekit.io/evertaletoolbox/monsters/large/RedScarfFrog.png",
  "MartialArtistGirl": "https://ik.imagekit.io/evertaletoolbox/monsters/large/MartialArtistGirl.png",
  "BeastCleric": "https://ik.imagekit.io/evertaletoolbox/monsters/large/BeastCleric.png",
  "FireElfKnight": "https://ik.imagekit.io/evertaletoolbox/monsters/large/FireElfKnight.png",
  "BeastSoldier": "https://ik.imagekit.io/evertaletoolbox/monsters/large/BeastSoldier.png",
  "AirElfWarrior": "https://ik.imagekit.io/evertaletoolbox/monsters/large/AirElfWarrior.png",
  "WaterElfWarrior": "https://ik.imagekit.io/evertaletoolbox/monsters/large/WaterElfWarrior.png",
  "CrescentBladeElf": "https://ik.imagekit.io/evertaletoolbox/monsters/large/CrescentBladeElf.png",
  "DragonKnight": "https://ik.imagekit.io/evertaletoolbox/monsters/large/DragonKnight.png",
  "BlueDinosaur": "https://ik.imagekit.io/evertaletoolbox/monsters/large/BlueDinosaur.png",
  "NewRedElf": "https://ik.imagekit.io/evertaletoolbox/monsters/large/NewRedElf.png",
  "GreenFerret": "https://ik.imagekit.io/evertaletoolbox/monsters/large/GreenFerret.png",
  "PlainsFox": "https://ik.imagekit.io/evertaletoolbox/monsters/large/PlainsFox.png",
  "ForestOrc": "https://ik.imagekit.io/evertaletoolbox/monsters/large/ForestOrc.png",
  "BlackKnight": "https://ik.imagekit.io/evertaletoolbox/monsters/large/BlackKnight.png",
  "HornedYeti": "https://ik.imagekit.io/evertaletoolbox/monsters/large/HornedYeti.png",
  "DruidLizard": "https://ik.imagekit.io/evertaletoolbox/monsters/large/DruidLizard.png",
  "CactusBeetle": "https://ik.imagekit.io/evertaletoolbox/monsters/large/CactusBeetle.png",
  "DeathMushroom": "https://ik.imagekit.io/evertaletoolbox/monsters/large/DeathMushroom.png",
  "AirGenie": "https://ik.imagekit.io/evertaletoolbox/monsters/large/AirGenie.png",
  "AirSpider": "https://ik.imagekit.io/evertaletoolbox/monsters/large/AirSpider.png",
  "IceWolf": "https://ik.imagekit.io/evertaletoolbox/monsters/large/IceWolf.png",
  "AirGolem": "https://ik.imagekit.io/evertaletoolbox/monsters/large/AirGolem.png",
  "TigerApe": "https://ik.imagekit.io/evertaletoolbox/monsters/large/TigerApe.png",
  "Mandragora": "https://ik.imagekit.io/evertaletoolbox/monsters/large/Mandragora.png",
  "LifeEyeball": "https://ik.imagekit.io/evertaletoolbox/monsters/large/LifeEyeball.png",
  "SkeletonHelmetOrc": "https://ik.imagekit.io/evertaletoolbox/monsters/large/SkeletonHelmetOrc.png",
  "IceSpirit": "https://ik.imagekit.io/evertaletoolbox/monsters/large/IceSpirit.png",
  "Skeletonsaurus": "https://ik.imagekit.io/evertaletoolbox/monsters/large/Skeletonsaurus.png",
  "GoldenScorpion": "https://ik.imagekit.io/evertaletoolbox/monsters/large/GoldenScorpion.png",
  "FlyingOtter": "https://ik.imagekit.io/evertaletoolbox/monsters/large/FlyingOtter.png",
  "FloatGuardian": "https://ik.imagekit.io/evertaletoolbox/monsters/large/FloatGuardian.png",
  "MaleKnight": "https://ik.imagekit.io/evertaletoolbox/monsters/large/MaleKnight.png",
  "GhostKnight": "https://ik.imagekit.io/evertaletoolbox/monsters/large/GhostKnight.png",
  "GlowingTreant": "https://ik.imagekit.io/evertaletoolbox/monsters/large/GlowingTreant.png",
  "TattooedShaman": "https://ik.imagekit.io/evertaletoolbox/monsters/large/TattooedShaman.png",
  "RockLizard": "https://ik.imagekit.io/evertaletoolbox/monsters/large/RockLizard.png",
  "JewelMermaid": "https://ik.imagekit.io/evertaletoolbox/monsters/large/JewelMermaid.png",
  "MetalSpider": "https://ik.imagekit.io/evertaletoolbox/monsters/large/MetalSpider.png",
  "PurpleWasp": "https://ik.imagekit.io/evertaletoolbox/monsters/large/PurpleWasp.png",
  "ForestBear": "https://ik.imagekit.io/evertaletoolbox/monsters/large/ForestBear.png",
  "SlugManta": "https://ik.imagekit.io/evertaletoolbox/monsters/large/SlugManta.png",
  "FlowerTurtle": "https://ik.imagekit.io/evertaletoolbox/monsters/large/FlowerTurtle.png",
  "StarterDragon": "https://ik.imagekit.io/evertaletoolbox/monsters/large/StarterDragon.png",
  "Astrid": "https://ik.imagekit.io/evertaletoolbox/monsters/large/Astrid.png",
  "Nagi": "https://ik.imagekit.io/evertaletoolbox/monsters/large/Nagi.png",
  "Ludmilla": "https://ik.imagekit.io/evertaletoolbox/monsters/large/Ludmilla.png",
  "Rizette": "https://ik.imagekit.io/evertaletoolbox/monsters/large/Rizette.png",
  "PlainsMammal": "https://ik.imagekit.io/evertaletoolbox/monsters/large/PlainsMammal.png",
  "OnionBoy": "https://ik.imagekit.io/evertaletoolbox/monsters/large/OnionBoy.png",
  "Hero": "https://ik.imagekit.io/evertaletoolbox/monsters/large/Hero.png",
  "BeastLadyFighter": "https://ik.imagekit.io/evertaletoolbox/monsters/large/BeastLadyFighter.png",
  "FurCoatWolf": "https://ik.imagekit.io/evertaletoolbox/monsters/large/FurCoatWolf.png",
  "AirWolf": "https://ik.imagekit.io/evertaletoolbox/monsters/large/AirWolf.png",
  "FaceMaskFrog": "https://ik.imagekit.io/evertaletoolbox/monsters/large/FaceMaskFrog.png",
  "FireWolf": "https://ik.imagekit.io/evertaletoolbox/monsters/large/FireWolf.png",
  "BrocheWitch": "https://ik.imagekit.io/evertaletoolbox/monsters/large/BrocheWitch.png",
  "CancerCrab": "https://ik.imagekit.io/evertaletoolbox/monsters/large/CancerCrab.png",
  "AirPony": "https://ik.imagekit.io/evertaletoolbox/monsters/large/AirPony.png",
  "FlyingSnake": "https://ik.imagekit.io/evertaletoolbox/monsters/large/FlyingSnake.png",
  "HoodedThief": "https://ik.imagekit.io/evertaletoolbox/monsters/large/HoodedThief.png",
  "FourLeggedCatfish": "https://ik.imagekit.io/evertaletoolbox/monsters/large/FourLeggedCatfish.png",
  "TasselMage": "https://ik.imagekit.io/evertaletoolbox/monsters/large/TasselMage.png",
  "FrogKnight": "https://ik.imagekit.io/evertaletoolbox/monsters/large/FrogKnight.png",
  "CapedOutlander": "https://ik.imagekit.io/evertaletoolbox/monsters/large/CapedOutlander.png",
  "CapedSkeleton": "https://ik.imagekit.io/evertaletoolbox/monsters/large/CapedSkeleton.png",
  "PurpleHalfling": "https://ik.imagekit.io/evertaletoolbox/monsters/large/PurpleHalfling.png",
  "FighterGirl": "https://ik.imagekit.io/evertaletoolbox/monsters/large/FighterGirl.png",
  "HelmetDemon": "https://ik.imagekit.io/evertaletoolbox/monsters/large/HelmetDemon.png",
  "BranchOgre": "https://ik.imagekit.io/evertaletoolbox/monsters/large/BranchOgre.png",
  "SailfinLizard": "https://ik.imagekit.io/evertaletoolbox/monsters/large/SailfinLizard.png",
  "HoodedFrog": "https://ik.imagekit.io/evertaletoolbox/monsters/large/HoodedFrog.png",
  "FireBird": "https://ik.imagekit.io/evertaletoolbox/monsters/large/FireBird.png",
  "HammerPantsThief": "https://ik.imagekit.io/evertaletoolbox/monsters/large/HammerPantsThief.png"
}